Copyright 1986-2022 Xilinx, Inc. All Rights Reserved. Copyright 2022-2025 Advanced Micro Devices, Inc. All Rights Reserved.
------------------------------------------------------------------------------------------------------------------------------------------------------------------------------------------------------------------------------------------------------------------
| Tool Version : Vivado v.2025.1 (win64) Build 6140274 Thu May 22 00:12:29 MDT 2025
| Date         : Thu Oct 23 18:42:47 2025
| Host         : TmacComputer running 64-bit major release  (build 9200)
| Command      : report_timing_summary -max_paths 10 -routable_nets -report_unconstrained -file divider_timing_top_timing_summary_routed.rpt -pb divider_timing_top_timing_summary_routed.pb -rpx divider_timing_top_timing_summary_routed.rpx -warn_on_violation
| Design       : divider_timing_top
| Device       : 7a100t-csg324
| Speed File   : -1  PRODUCTION 1.23 2018-06-13
| Design State : Routed
------------------------------------------------------------------------------------------------------------------------------------------------------------------------------------------------------------------------------------------------------------------

Timing Summary Report

------------------------------------------------------------------------------------------------
| Timer Settings
| --------------
------------------------------------------------------------------------------------------------

  Enable Multi Corner Analysis               :  Yes
  Enable Pessimism Removal                   :  Yes
  Pessimism Removal Resolution               :  Nearest Common Node
  Enable Input Delay Default Clock           :  No
  Enable Preset / Clear Arcs                 :  No
  Disable Flight Delays                      :  No
  Ignore I/O Paths                           :  No
  Timing Early Launch at Borrowing Latches   :  No
  Borrow Time for Max Delay Exceptions       :  Yes
  Merge Timing Exceptions                    :  Yes
  Inter-SLR Compensation                     :  Conservative

  Corner  Analyze    Analyze    
  Name    Max Paths  Min Paths  
  ------  ---------  ---------  
  Slow    Yes        Yes        
  Fast    Yes        Yes        


------------------------------------------------------------------------------------------------
| Report Methodology
| ------------------
------------------------------------------------------------------------------------------------

Rule       Severity  Description                    Violations  
---------  --------  -----------------------------  ----------  
TIMING-18  Warning   Missing input or output delay  20          

Note: This report is based on the most recent report_methodology run and may not be up-to-date. Run report_methodology on the current design for the latest report.



check_timing report

Table of Contents
-----------------
1. checking no_clock (0)
2. checking constant_clock (0)
3. checking pulse_width_clock (0)
4. checking unconstrained_internal_endpoints (0)
5. checking no_input_delay (20)
6. checking no_output_delay (19)
7. checking multiple_clock (0)
8. checking generated_clocks (0)
9. checking loops (0)
10. checking partial_input_delay (0)
11. checking partial_output_delay (0)
12. checking latch_loops (0)

1. checking no_clock (0)
------------------------
 There are 0 register/latch pins with no clock.


2. checking constant_clock (0)
------------------------------
 There are 0 register/latch pins with constant_clock.


3. checking pulse_width_clock (0)
---------------------------------
 There are 0 register/latch pins which need pulse_width check


4. checking unconstrained_internal_endpoints (0)
------------------------------------------------
 There are 0 pins that are not constrained for maximum delay.

 There are 0 pins that are not constrained for maximum delay due to constant clock.


5. checking no_input_delay (20)
-------------------------------
 There are 20 input ports with no input delay specified. (HIGH)

 There are 0 input ports with no input delay but user has a false path constraint.


6. checking no_output_delay (19)
--------------------------------
 There are 0 ports with no output delay specified.

 There are 19 ports with no output delay but user has a false path constraint (MEDIUM)

 There are 0 ports with no output delay but with a timing clock defined on it or propagating through it


7. checking multiple_clock (0)
------------------------------
 There are 0 register/latch pins with multiple clocks.


8. checking generated_clocks (0)
--------------------------------
 There are 0 generated clocks that are not connected to a clock source.


9. checking loops (0)
---------------------
 There are 0 combinational loops in the design.


10. checking partial_input_delay (0)
------------------------------------
 There are 0 input ports with partial input delay specified.


11. checking partial_output_delay (0)
-------------------------------------
 There are 0 ports with partial output delay specified.


12. checking latch_loops (0)
----------------------------
 There are 0 combinational latch loops in the design through latch input



------------------------------------------------------------------------------------------------
| Design Timing Summary
| ---------------------
------------------------------------------------------------------------------------------------

    WNS(ns)      TNS(ns)  TNS Failing Endpoints  TNS Total Endpoints      WHS(ns)      THS(ns)  THS Failing Endpoints  THS Total Endpoints     WPWS(ns)     TPWS(ns)  TPWS Failing Endpoints  TPWS Total Endpoints  
    -------      -------  ---------------------  -------------------      -------      -------  ---------------------  -------------------     --------     --------  ----------------------  --------------------  
      0.009        0.000                      0                  165        0.181        0.000                      0                  165        4.500        0.000                       0                    87  


All user specified timing constraints are met.


------------------------------------------------------------------------------------------------
| Clock Summary
| -------------
------------------------------------------------------------------------------------------------

Clock    Waveform(ns)       Period(ns)      Frequency(MHz)
-----    ------------       ----------      --------------
ClkPort  {0.000 5.000}      10.000          100.000         


------------------------------------------------------------------------------------------------
| Intra Clock Table
| -----------------
------------------------------------------------------------------------------------------------

Clock             WNS(ns)      TNS(ns)  TNS Failing Endpoints  TNS Total Endpoints      WHS(ns)      THS(ns)  THS Failing Endpoints  THS Total Endpoints     WPWS(ns)     TPWS(ns)  TPWS Failing Endpoints  TPWS Total Endpoints  
-----             -------      -------  ---------------------  -------------------      -------      -------  ---------------------  -------------------     --------     --------  ----------------------  --------------------  
ClkPort             0.009        0.000                      0                  165        0.181        0.000                      0                  165        4.500        0.000                       0                    87  


------------------------------------------------------------------------------------------------
| Inter Clock Table
| -----------------
------------------------------------------------------------------------------------------------

From Clock    To Clock          WNS(ns)      TNS(ns)  TNS Failing Endpoints  TNS Total Endpoints      WHS(ns)      THS(ns)  THS Failing Endpoints  THS Total Endpoints  
----------    --------          -------      -------  ---------------------  -------------------      -------      -------  ---------------------  -------------------  


------------------------------------------------------------------------------------------------
| Other Path Groups Table
| -----------------------
------------------------------------------------------------------------------------------------

Path Group    From Clock    To Clock          WNS(ns)      TNS(ns)  TNS Failing Endpoints  TNS Total Endpoints      WHS(ns)      THS(ns)  THS Failing Endpoints  THS Total Endpoints  
----------    ----------    --------          -------      -------  ---------------------  -------------------      -------      -------  ---------------------  -------------------  


------------------------------------------------------------------------------------------------
| User Ignored Path Table
| -----------------------
------------------------------------------------------------------------------------------------

Path Group    From Clock    To Clock    
----------    ----------    --------    
(none)                                    
(none)        ClkPort                     
(none)                      ClkPort       


------------------------------------------------------------------------------------------------
| Unconstrained Path Table
| ------------------------
------------------------------------------------------------------------------------------------

Path Group    From Clock    To Clock    
----------    ----------    --------    


------------------------------------------------------------------------------------------------
| Timing Details
| --------------
------------------------------------------------------------------------------------------------


---------------------------------------------------------------------------------------------------
From Clock:  ClkPort
  To Clock:  ClkPort

Setup :            0  Failing Endpoints,  Worst Slack        0.009ns,  Total Violation        0.000ns
Hold  :            0  Failing Endpoints,  Worst Slack        0.181ns,  Total Violation        0.000ns
PW    :            0  Failing Endpoints,  Worst Slack        4.500ns,  Total Violation        0.000ns
---------------------------------------------------------------------------------------------------


Max Delay Paths
--------------------------------------------------------------------------------------
Slack (MET) :             0.009ns  (required time - arrival time)
  Source:                 divider/y_reg[0]/C
                            (rising edge-triggered cell FDRE clocked by ClkPort  {rise@0.000ns fall@5.000ns period=10.000ns})
  Destination:            divider/Quotient_reg[7]/D
                            (rising edge-triggered cell FDRE clocked by ClkPort  {rise@0.000ns fall@5.000ns period=10.000ns})
  Path Group:             ClkPort
  Path Type:              Setup (Max at Slow Process Corner)
  Requirement:            10.000ns  (ClkPort rise@10.000ns - ClkPort rise@0.000ns)
  Data Path Delay:        9.961ns  (logic 3.962ns (39.773%)  route 5.999ns (60.227%))
  Logic Levels:           13  (CARRY4=5 LUT1=1 LUT3=1 LUT4=4 LUT6=2)
  Clock Path Skew:        -0.025ns (DCD - SCD + CPR)
    Destination Clock Delay (DCD):    5.023ns = ( 15.023 - 10.000 ) 
    Source Clock Delay      (SCD):    5.323ns
    Clock Pessimism Removal (CPR):    0.275ns
  Clock Uncertainty:      0.035ns  ((TSJ^2 + TIJ^2)^1/2 + DJ) / 2 + PE
    Total System Jitter     (TSJ):    0.071ns
    Total Input Jitter      (TIJ):    0.000ns
    Discrete Jitter          (DJ):    0.000ns
    Phase Error              (PE):    0.000ns

    Location             Delay type                Incr(ns)  Path(ns)    Netlist Resource(s)
  -------------------------------------------------------------------    -------------------
                         (clock ClkPort rise edge)    0.000     0.000 r  
    E3                                                0.000     0.000 r  ClkPort (IN)
                         net (fo=0)                   0.000     0.000    BUFGP1/I
    E3                   IBUF (Prop_ibuf_I_O)         1.482     1.482 r  BUFGP1/IBUF/O
                         net (fo=1, routed)           2.025     3.506    BUFGP1/IBUFG_2_BUFG
    BUFGCTRL_X0Y16       BUFG (Prop_bufg_I_O)         0.096     3.602 r  BUFGP1/BUFG/O
                         net (fo=86, routed)          1.720     5.323    divider/board_clk
    SLICE_X3Y63          FDRE                                         r  divider/y_reg[0]/C
  -------------------------------------------------------------------    -------------------
    SLICE_X3Y63          FDRE (Prop_fdre_C_Q)         0.456     5.779 r  divider/y_reg[0]/Q
                         net (fo=9, routed)           0.994     6.772    divider/y[0]
    SLICE_X2Y63          LUT4 (Prop_lut4_I2_O)        0.124     6.896 r  divider/state0_carry_i_8/O
                         net (fo=1, routed)           0.000     6.896    divider/state0_carry_i_8_n_0
    SLICE_X2Y63          CARRY4 (Prop_carry4_S[0]_CO[3])
                                                      0.513     7.409 f  divider/state0_carry/CO[3]
                         net (fo=16, routed)          0.844     8.253    divider/state0_carry_n_0
    SLICE_X1Y63          LUT1 (Prop_lut1_I0_O)        0.124     8.377 r  divider/CU_n_DU.The_Compute_Block.x_temp0_carry_i_1/O
                         net (fo=1, routed)           0.324     8.701    divider/CU_n_DU.The_Compute_Block.x_temp0_carry_i_1_n_0
    SLICE_X2Y64          CARRY4 (Prop_carry4_CYINIT_CO[3])
                                                      0.595     9.296 r  divider/CU_n_DU.The_Compute_Block.x_temp0_carry/CO[3]
                         net (fo=1, routed)           0.000     9.296    divider/CU_n_DU.The_Compute_Block.x_temp0_carry_n_0
    SLICE_X2Y65          CARRY4 (Prop_carry4_CI_O[3])
                                                      0.315     9.611 r  divider/CU_n_DU.The_Compute_Block.x_temp0_carry__0/O[3]
                         net (fo=7, routed)           0.758    10.368    divider/CU_n_DU.The_Compute_Block.x_temp0_carry__0_n_4
    SLICE_X0Y64          LUT4 (Prop_lut4_I0_O)        0.307    10.675 r  divider/CU_n_DU.The_Compute_Block.x_temp1_carry_i_5/O
                         net (fo=1, routed)           0.000    10.675    divider/CU_n_DU.The_Compute_Block.x_temp1_carry_i_5_n_0
    SLICE_X0Y64          CARRY4 (Prop_carry4_S[3]_CO[3])
                                                      0.401    11.076 r  divider/CU_n_DU.The_Compute_Block.x_temp1_carry/CO[3]
                         net (fo=35, routed)          0.917    11.994    divider/p_1_in__0
    SLICE_X0Y63          LUT3 (Prop_lut3_I1_O)        0.124    12.118 r  divider/x[2]_i_2/O
                         net (fo=3, routed)           0.511    12.629    divider/CU_n_DU.The_Compute_Block.x_temp[2]
    SLICE_X1Y63          LUT6 (Prop_lut6_I0_O)        0.124    12.753 r  divider/i__carry_i_3/O
                         net (fo=1, routed)           0.483    13.235    divider/i__carry_i_3_n_0
    SLICE_X3Y66          CARRY4 (Prop_carry4_DI[1]_CO[3])
                                                      0.507    13.742 r  divider/CU_n_DU.The_Compute_Block.x_temp1_inferred__0/i__carry/CO[3]
                         net (fo=12, routed)          0.731    14.474    divider/p_2_in
    SLICE_X3Y64          LUT6 (Prop_lut6_I2_O)        0.124    14.598 r  divider/Quotient[6]_i_2/O
                         net (fo=5, routed)           0.287    14.885    divider/Quotient[6]_i_2_n_0
    SLICE_X3Y64          LUT4 (Prop_lut4_I2_O)        0.124    15.009 r  divider/Quotient[7]_i_2/O
                         net (fo=1, routed)           0.151    15.160    divider/Quotient[7]_i_2_n_0
    SLICE_X3Y64          LUT4 (Prop_lut4_I1_O)        0.124    15.284 r  divider/Quotient[7]_i_1/O
                         net (fo=1, routed)           0.000    15.284    divider/Quotient[7]
    SLICE_X3Y64          FDRE                                         r  divider/Quotient_reg[7]/D
  -------------------------------------------------------------------    -------------------

                         (clock ClkPort rise edge)   10.000    10.000 r  
    E3                                                0.000    10.000 r  ClkPort (IN)
                         net (fo=0)                   0.000    10.000    BUFGP1/I
    E3                   IBUF (Prop_ibuf_I_O)         1.411    11.411 r  BUFGP1/IBUF/O
                         net (fo=1, routed)           1.920    13.331    BUFGP1/IBUFG_2_BUFG
    BUFGCTRL_X0Y16       BUFG (Prop_bufg_I_O)         0.091    13.422 r  BUFGP1/BUFG/O
                         net (fo=86, routed)          1.600    15.023    divider/board_clk
    SLICE_X3Y64          FDRE                                         r  divider/Quotient_reg[7]/C
                         clock pessimism              0.275    15.298    
                         clock uncertainty           -0.035    15.262    
    SLICE_X3Y64          FDRE (Setup_fdre_C_D)        0.031    15.293    divider/Quotient_reg[7]
  -------------------------------------------------------------------
                         required time                         15.293    
                         arrival time                         -15.284    
  -------------------------------------------------------------------
                         slack                                  0.009    

Slack (MET) :             0.028ns  (required time - arrival time)
  Source:                 divider/y_reg[0]/C
                            (rising edge-triggered cell FDRE clocked by ClkPort  {rise@0.000ns fall@5.000ns period=10.000ns})
  Destination:            divider/Quotient_reg[2]/D
                            (rising edge-triggered cell FDRE clocked by ClkPort  {rise@0.000ns fall@5.000ns period=10.000ns})
  Path Group:             ClkPort
  Path Type:              Setup (Max at Slow Process Corner)
  Requirement:            10.000ns  (ClkPort rise@10.000ns - ClkPort rise@0.000ns)
  Data Path Delay:        9.941ns  (logic 3.838ns (38.608%)  route 6.103ns (61.392%))
  Logic Levels:           12  (CARRY4=5 LUT1=1 LUT3=2 LUT4=2 LUT5=1 LUT6=1)
  Clock Path Skew:        -0.025ns (DCD - SCD + CPR)
    Destination Clock Delay (DCD):    5.023ns = ( 15.023 - 10.000 ) 
    Source Clock Delay      (SCD):    5.323ns
    Clock Pessimism Removal (CPR):    0.275ns
  Clock Uncertainty:      0.035ns  ((TSJ^2 + TIJ^2)^1/2 + DJ) / 2 + PE
    Total System Jitter     (TSJ):    0.071ns
    Total Input Jitter      (TIJ):    0.000ns
    Discrete Jitter          (DJ):    0.000ns
    Phase Error              (PE):    0.000ns

    Location             Delay type                Incr(ns)  Path(ns)    Netlist Resource(s)
  -------------------------------------------------------------------    -------------------
                         (clock ClkPort rise edge)    0.000     0.000 r  
    E3                                                0.000     0.000 r  ClkPort (IN)
                         net (fo=0)                   0.000     0.000    BUFGP1/I
    E3                   IBUF (Prop_ibuf_I_O)         1.482     1.482 r  BUFGP1/IBUF/O
                         net (fo=1, routed)           2.025     3.506    BUFGP1/IBUFG_2_BUFG
    BUFGCTRL_X0Y16       BUFG (Prop_bufg_I_O)         0.096     3.602 r  BUFGP1/BUFG/O
                         net (fo=86, routed)          1.720     5.323    divider/board_clk
    SLICE_X3Y63          FDRE                                         r  divider/y_reg[0]/C
  -------------------------------------------------------------------    -------------------
    SLICE_X3Y63          FDRE (Prop_fdre_C_Q)         0.456     5.779 r  divider/y_reg[0]/Q
                         net (fo=9, routed)           0.994     6.772    divider/y[0]
    SLICE_X2Y63          LUT4 (Prop_lut4_I2_O)        0.124     6.896 r  divider/state0_carry_i_8/O
                         net (fo=1, routed)           0.000     6.896    divider/state0_carry_i_8_n_0
    SLICE_X2Y63          CARRY4 (Prop_carry4_S[0]_CO[3])
                                                      0.513     7.409 f  divider/state0_carry/CO[3]
                         net (fo=16, routed)          0.844     8.253    divider/state0_carry_n_0
    SLICE_X1Y63          LUT1 (Prop_lut1_I0_O)        0.124     8.377 r  divider/CU_n_DU.The_Compute_Block.x_temp0_carry_i_1/O
                         net (fo=1, routed)           0.324     8.701    divider/CU_n_DU.The_Compute_Block.x_temp0_carry_i_1_n_0
    SLICE_X2Y64          CARRY4 (Prop_carry4_CYINIT_CO[3])
                                                      0.595     9.296 r  divider/CU_n_DU.The_Compute_Block.x_temp0_carry/CO[3]
                         net (fo=1, routed)           0.000     9.296    divider/CU_n_DU.The_Compute_Block.x_temp0_carry_n_0
    SLICE_X2Y65          CARRY4 (Prop_carry4_CI_O[3])
                                                      0.315     9.611 r  divider/CU_n_DU.The_Compute_Block.x_temp0_carry__0/O[3]
                         net (fo=7, routed)           0.758    10.368    divider/CU_n_DU.The_Compute_Block.x_temp0_carry__0_n_4
    SLICE_X0Y64          LUT4 (Prop_lut4_I0_O)        0.307    10.675 r  divider/CU_n_DU.The_Compute_Block.x_temp1_carry_i_5/O
                         net (fo=1, routed)           0.000    10.675    divider/CU_n_DU.The_Compute_Block.x_temp1_carry_i_5_n_0
    SLICE_X0Y64          CARRY4 (Prop_carry4_S[3]_CO[3])
                                                      0.401    11.076 r  divider/CU_n_DU.The_Compute_Block.x_temp1_carry/CO[3]
                         net (fo=35, routed)          0.917    11.994    divider/p_1_in__0
    SLICE_X0Y63          LUT3 (Prop_lut3_I1_O)        0.124    12.118 r  divider/x[2]_i_2/O
                         net (fo=3, routed)           0.511    12.629    divider/CU_n_DU.The_Compute_Block.x_temp[2]
    SLICE_X1Y63          LUT6 (Prop_lut6_I0_O)        0.124    12.753 r  divider/i__carry_i_3/O
                         net (fo=1, routed)           0.483    13.235    divider/i__carry_i_3_n_0
    SLICE_X3Y66          CARRY4 (Prop_carry4_DI[1]_CO[3])
                                                      0.507    13.742 r  divider/CU_n_DU.The_Compute_Block.x_temp1_inferred__0/i__carry/CO[3]
                         net (fo=12, routed)          0.870    14.613    divider/p_2_in
    SLICE_X1Y64          LUT5 (Prop_lut5_I3_O)        0.124    14.737 r  divider/Quotient[2]_i_2/O
                         net (fo=1, routed)           0.403    15.140    divider/Quotient[2]_i_2_n_0
    SLICE_X1Y64          LUT3 (Prop_lut3_I0_O)        0.124    15.264 r  divider/Quotient[2]_i_1/O
                         net (fo=1, routed)           0.000    15.264    divider/Quotient[2]
    SLICE_X1Y64          FDRE                                         r  divider/Quotient_reg[2]/D
  -------------------------------------------------------------------    -------------------

                         (clock ClkPort rise edge)   10.000    10.000 r  
    E3                                                0.000    10.000 r  ClkPort (IN)
                         net (fo=0)                   0.000    10.000    BUFGP1/I
    E3                   IBUF (Prop_ibuf_I_O)         1.411    11.411 r  BUFGP1/IBUF/O
                         net (fo=1, routed)           1.920    13.331    BUFGP1/IBUFG_2_BUFG
    BUFGCTRL_X0Y16       BUFG (Prop_bufg_I_O)         0.091    13.422 r  BUFGP1/BUFG/O
                         net (fo=86, routed)          1.600    15.023    divider/board_clk
    SLICE_X1Y64          FDRE                                         r  divider/Quotient_reg[2]/C
                         clock pessimism              0.275    15.298    
                         clock uncertainty           -0.035    15.262    
    SLICE_X1Y64          FDRE (Setup_fdre_C_D)        0.029    15.291    divider/Quotient_reg[2]
  -------------------------------------------------------------------
                         required time                         15.291    
                         arrival time                         -15.264    
  -------------------------------------------------------------------
                         slack                                  0.028    

Slack (MET) :             0.125ns  (required time - arrival time)
  Source:                 divider/y_reg[0]/C
                            (rising edge-triggered cell FDRE clocked by ClkPort  {rise@0.000ns fall@5.000ns period=10.000ns})
  Destination:            divider/Quotient_reg[4]/D
                            (rising edge-triggered cell FDRE clocked by ClkPort  {rise@0.000ns fall@5.000ns period=10.000ns})
  Path Group:             ClkPort
  Path Type:              Setup (Max at Slow Process Corner)
  Requirement:            10.000ns  (ClkPort rise@10.000ns - ClkPort rise@0.000ns)
  Data Path Delay:        9.845ns  (logic 3.838ns (38.986%)  route 6.007ns (61.014%))
  Logic Levels:           12  (CARRY4=5 LUT1=1 LUT3=1 LUT4=3 LUT6=2)
  Clock Path Skew:        -0.026ns (DCD - SCD + CPR)
    Destination Clock Delay (DCD):    5.022ns = ( 15.022 - 10.000 ) 
    Source Clock Delay      (SCD):    5.323ns
    Clock Pessimism Removal (CPR):    0.275ns
  Clock Uncertainty:      0.035ns  ((TSJ^2 + TIJ^2)^1/2 + DJ) / 2 + PE
    Total System Jitter     (TSJ):    0.071ns
    Total Input Jitter      (TIJ):    0.000ns
    Discrete Jitter          (DJ):    0.000ns
    Phase Error              (PE):    0.000ns

    Location             Delay type                Incr(ns)  Path(ns)    Netlist Resource(s)
  -------------------------------------------------------------------    -------------------
                         (clock ClkPort rise edge)    0.000     0.000 r  
    E3                                                0.000     0.000 r  ClkPort (IN)
                         net (fo=0)                   0.000     0.000    BUFGP1/I
    E3                   IBUF (Prop_ibuf_I_O)         1.482     1.482 r  BUFGP1/IBUF/O
                         net (fo=1, routed)           2.025     3.506    BUFGP1/IBUFG_2_BUFG
    BUFGCTRL_X0Y16       BUFG (Prop_bufg_I_O)         0.096     3.602 r  BUFGP1/BUFG/O
                         net (fo=86, routed)          1.720     5.323    divider/board_clk
    SLICE_X3Y63          FDRE                                         r  divider/y_reg[0]/C
  -------------------------------------------------------------------    -------------------
    SLICE_X3Y63          FDRE (Prop_fdre_C_Q)         0.456     5.779 r  divider/y_reg[0]/Q
                         net (fo=9, routed)           0.994     6.772    divider/y[0]
    SLICE_X2Y63          LUT4 (Prop_lut4_I2_O)        0.124     6.896 r  divider/state0_carry_i_8/O
                         net (fo=1, routed)           0.000     6.896    divider/state0_carry_i_8_n_0
    SLICE_X2Y63          CARRY4 (Prop_carry4_S[0]_CO[3])
                                                      0.513     7.409 f  divider/state0_carry/CO[3]
                         net (fo=16, routed)          0.844     8.253    divider/state0_carry_n_0
    SLICE_X1Y63          LUT1 (Prop_lut1_I0_O)        0.124     8.377 r  divider/CU_n_DU.The_Compute_Block.x_temp0_carry_i_1/O
                         net (fo=1, routed)           0.324     8.701    divider/CU_n_DU.The_Compute_Block.x_temp0_carry_i_1_n_0
    SLICE_X2Y64          CARRY4 (Prop_carry4_CYINIT_CO[3])
                                                      0.595     9.296 r  divider/CU_n_DU.The_Compute_Block.x_temp0_carry/CO[3]
                         net (fo=1, routed)           0.000     9.296    divider/CU_n_DU.The_Compute_Block.x_temp0_carry_n_0
    SLICE_X2Y65          CARRY4 (Prop_carry4_CI_O[3])
                                                      0.315     9.611 r  divider/CU_n_DU.The_Compute_Block.x_temp0_carry__0/O[3]
                         net (fo=7, routed)           0.758    10.368    divider/CU_n_DU.The_Compute_Block.x_temp0_carry__0_n_4
    SLICE_X0Y64          LUT4 (Prop_lut4_I0_O)        0.307    10.675 r  divider/CU_n_DU.The_Compute_Block.x_temp1_carry_i_5/O
                         net (fo=1, routed)           0.000    10.675    divider/CU_n_DU.The_Compute_Block.x_temp1_carry_i_5_n_0
    SLICE_X0Y64          CARRY4 (Prop_carry4_S[3]_CO[3])
                                                      0.401    11.076 r  divider/CU_n_DU.The_Compute_Block.x_temp1_carry/CO[3]
                         net (fo=35, routed)          0.917    11.994    divider/p_1_in__0
    SLICE_X0Y63          LUT3 (Prop_lut3_I1_O)        0.124    12.118 r  divider/x[2]_i_2/O
                         net (fo=3, routed)           0.511    12.629    divider/CU_n_DU.The_Compute_Block.x_temp[2]
    SLICE_X1Y63          LUT6 (Prop_lut6_I0_O)        0.124    12.753 r  divider/i__carry_i_3/O
                         net (fo=1, routed)           0.483    13.235    divider/i__carry_i_3_n_0
    SLICE_X3Y66          CARRY4 (Prop_carry4_DI[1]_CO[3])
                                                      0.507    13.742 r  divider/CU_n_DU.The_Compute_Block.x_temp1_inferred__0/i__carry/CO[3]
                         net (fo=12, routed)          0.731    14.474    divider/p_2_in
    SLICE_X3Y64          LUT6 (Prop_lut6_I2_O)        0.124    14.598 r  divider/Quotient[6]_i_2/O
                         net (fo=5, routed)           0.445    15.043    divider/Quotient[6]_i_2_n_0
    SLICE_X1Y65          LUT4 (Prop_lut4_I1_O)        0.124    15.167 r  divider/Quotient[4]_i_1/O
                         net (fo=1, routed)           0.000    15.167    divider/Quotient[4]
    SLICE_X1Y65          FDRE                                         r  divider/Quotient_reg[4]/D
  -------------------------------------------------------------------    -------------------

                         (clock ClkPort rise edge)   10.000    10.000 r  
    E3                                                0.000    10.000 r  ClkPort (IN)
                         net (fo=0)                   0.000    10.000    BUFGP1/I
    E3                   IBUF (Prop_ibuf_I_O)         1.411    11.411 r  BUFGP1/IBUF/O
                         net (fo=1, routed)           1.920    13.331    BUFGP1/IBUFG_2_BUFG
    BUFGCTRL_X0Y16       BUFG (Prop_bufg_I_O)         0.091    13.422 r  BUFGP1/BUFG/O
                         net (fo=86, routed)          1.599    15.022    divider/board_clk
    SLICE_X1Y65          FDRE                                         r  divider/Quotient_reg[4]/C
                         clock pessimism              0.275    15.297    
                         clock uncertainty           -0.035    15.261    
    SLICE_X1Y65          FDRE (Setup_fdre_C_D)        0.031    15.292    divider/Quotient_reg[4]
  -------------------------------------------------------------------
                         required time                         15.292    
                         arrival time                         -15.167    
  -------------------------------------------------------------------
                         slack                                  0.125    

Slack (MET) :             0.127ns  (required time - arrival time)
  Source:                 divider/y_reg[0]/C
                            (rising edge-triggered cell FDRE clocked by ClkPort  {rise@0.000ns fall@5.000ns period=10.000ns})
  Destination:            divider/Quotient_reg[6]/D
                            (rising edge-triggered cell FDRE clocked by ClkPort  {rise@0.000ns fall@5.000ns period=10.000ns})
  Path Group:             ClkPort
  Path Type:              Setup (Max at Slow Process Corner)
  Requirement:            10.000ns  (ClkPort rise@10.000ns - ClkPort rise@0.000ns)
  Data Path Delay:        9.844ns  (logic 3.838ns (38.990%)  route 6.006ns (61.010%))
  Logic Levels:           12  (CARRY4=5 LUT1=1 LUT3=1 LUT4=2 LUT6=3)
  Clock Path Skew:        -0.026ns (DCD - SCD + CPR)
    Destination Clock Delay (DCD):    5.022ns = ( 15.022 - 10.000 ) 
    Source Clock Delay      (SCD):    5.323ns
    Clock Pessimism Removal (CPR):    0.275ns
  Clock Uncertainty:      0.035ns  ((TSJ^2 + TIJ^2)^1/2 + DJ) / 2 + PE
    Total System Jitter     (TSJ):    0.071ns
    Total Input Jitter      (TIJ):    0.000ns
    Discrete Jitter          (DJ):    0.000ns
    Phase Error              (PE):    0.000ns

    Location             Delay type                Incr(ns)  Path(ns)    Netlist Resource(s)
  -------------------------------------------------------------------    -------------------
                         (clock ClkPort rise edge)    0.000     0.000 r  
    E3                                                0.000     0.000 r  ClkPort (IN)
                         net (fo=0)                   0.000     0.000    BUFGP1/I
    E3                   IBUF (Prop_ibuf_I_O)         1.482     1.482 r  BUFGP1/IBUF/O
                         net (fo=1, routed)           2.025     3.506    BUFGP1/IBUFG_2_BUFG
    BUFGCTRL_X0Y16       BUFG (Prop_bufg_I_O)         0.096     3.602 r  BUFGP1/BUFG/O
                         net (fo=86, routed)          1.720     5.323    divider/board_clk
    SLICE_X3Y63          FDRE                                         r  divider/y_reg[0]/C
  -------------------------------------------------------------------    -------------------
    SLICE_X3Y63          FDRE (Prop_fdre_C_Q)         0.456     5.779 r  divider/y_reg[0]/Q
                         net (fo=9, routed)           0.994     6.772    divider/y[0]
    SLICE_X2Y63          LUT4 (Prop_lut4_I2_O)        0.124     6.896 r  divider/state0_carry_i_8/O
                         net (fo=1, routed)           0.000     6.896    divider/state0_carry_i_8_n_0
    SLICE_X2Y63          CARRY4 (Prop_carry4_S[0]_CO[3])
                                                      0.513     7.409 f  divider/state0_carry/CO[3]
                         net (fo=16, routed)          0.844     8.253    divider/state0_carry_n_0
    SLICE_X1Y63          LUT1 (Prop_lut1_I0_O)        0.124     8.377 r  divider/CU_n_DU.The_Compute_Block.x_temp0_carry_i_1/O
                         net (fo=1, routed)           0.324     8.701    divider/CU_n_DU.The_Compute_Block.x_temp0_carry_i_1_n_0
    SLICE_X2Y64          CARRY4 (Prop_carry4_CYINIT_CO[3])
                                                      0.595     9.296 r  divider/CU_n_DU.The_Compute_Block.x_temp0_carry/CO[3]
                         net (fo=1, routed)           0.000     9.296    divider/CU_n_DU.The_Compute_Block.x_temp0_carry_n_0
    SLICE_X2Y65          CARRY4 (Prop_carry4_CI_O[3])
                                                      0.315     9.611 r  divider/CU_n_DU.The_Compute_Block.x_temp0_carry__0/O[3]
                         net (fo=7, routed)           0.758    10.368    divider/CU_n_DU.The_Compute_Block.x_temp0_carry__0_n_4
    SLICE_X0Y64          LUT4 (Prop_lut4_I0_O)        0.307    10.675 r  divider/CU_n_DU.The_Compute_Block.x_temp1_carry_i_5/O
                         net (fo=1, routed)           0.000    10.675    divider/CU_n_DU.The_Compute_Block.x_temp1_carry_i_5_n_0
    SLICE_X0Y64          CARRY4 (Prop_carry4_S[3]_CO[3])
                                                      0.401    11.076 r  divider/CU_n_DU.The_Compute_Block.x_temp1_carry/CO[3]
                         net (fo=35, routed)          0.917    11.994    divider/p_1_in__0
    SLICE_X0Y63          LUT3 (Prop_lut3_I1_O)        0.124    12.118 r  divider/x[2]_i_2/O
                         net (fo=3, routed)           0.511    12.629    divider/CU_n_DU.The_Compute_Block.x_temp[2]
    SLICE_X1Y63          LUT6 (Prop_lut6_I0_O)        0.124    12.753 r  divider/i__carry_i_3/O
                         net (fo=1, routed)           0.483    13.235    divider/i__carry_i_3_n_0
    SLICE_X3Y66          CARRY4 (Prop_carry4_DI[1]_CO[3])
                                                      0.507    13.742 r  divider/CU_n_DU.The_Compute_Block.x_temp1_inferred__0/i__carry/CO[3]
                         net (fo=12, routed)          0.731    14.474    divider/p_2_in
    SLICE_X3Y64          LUT6 (Prop_lut6_I2_O)        0.124    14.598 r  divider/Quotient[6]_i_2/O
                         net (fo=5, routed)           0.444    15.042    divider/Quotient[6]_i_2_n_0
    SLICE_X1Y65          LUT6 (Prop_lut6_I2_O)        0.124    15.166 r  divider/Quotient[6]_i_1/O
                         net (fo=1, routed)           0.000    15.166    divider/Quotient[6]
    SLICE_X1Y65          FDRE                                         r  divider/Quotient_reg[6]/D
  -------------------------------------------------------------------    -------------------

                         (clock ClkPort rise edge)   10.000    10.000 r  
    E3                                                0.000    10.000 r  ClkPort (IN)
                         net (fo=0)                   0.000    10.000    BUFGP1/I
    E3                   IBUF (Prop_ibuf_I_O)         1.411    11.411 r  BUFGP1/IBUF/O
                         net (fo=1, routed)           1.920    13.331    BUFGP1/IBUFG_2_BUFG
    BUFGCTRL_X0Y16       BUFG (Prop_bufg_I_O)         0.091    13.422 r  BUFGP1/BUFG/O
                         net (fo=86, routed)          1.599    15.022    divider/board_clk
    SLICE_X1Y65          FDRE                                         r  divider/Quotient_reg[6]/C
                         clock pessimism              0.275    15.297    
                         clock uncertainty           -0.035    15.261    
    SLICE_X1Y65          FDRE (Setup_fdre_C_D)        0.032    15.293    divider/Quotient_reg[6]
  -------------------------------------------------------------------
                         required time                         15.293    
                         arrival time                         -15.166    
  -------------------------------------------------------------------
                         slack                                  0.127    

Slack (MET) :             0.143ns  (required time - arrival time)
  Source:                 divider/y_reg[0]/C
                            (rising edge-triggered cell FDRE clocked by ClkPort  {rise@0.000ns fall@5.000ns period=10.000ns})
  Destination:            divider/Quotient_reg[3]/D
                            (rising edge-triggered cell FDRE clocked by ClkPort  {rise@0.000ns fall@5.000ns period=10.000ns})
  Path Group:             ClkPort
  Path Type:              Setup (Max at Slow Process Corner)
  Requirement:            10.000ns  (ClkPort rise@10.000ns - ClkPort rise@0.000ns)
  Data Path Delay:        9.825ns  (logic 3.838ns (39.063%)  route 5.987ns (60.937%))
  Logic Levels:           12  (CARRY4=5 LUT1=1 LUT3=2 LUT4=2 LUT6=2)
  Clock Path Skew:        -0.025ns (DCD - SCD + CPR)
    Destination Clock Delay (DCD):    5.023ns = ( 15.023 - 10.000 ) 
    Source Clock Delay      (SCD):    5.323ns
    Clock Pessimism Removal (CPR):    0.275ns
  Clock Uncertainty:      0.035ns  ((TSJ^2 + TIJ^2)^1/2 + DJ) / 2 + PE
    Total System Jitter     (TSJ):    0.071ns
    Total Input Jitter      (TIJ):    0.000ns
    Discrete Jitter          (DJ):    0.000ns
    Phase Error              (PE):    0.000ns

    Location             Delay type                Incr(ns)  Path(ns)    Netlist Resource(s)
  -------------------------------------------------------------------    -------------------
                         (clock ClkPort rise edge)    0.000     0.000 r  
    E3                                                0.000     0.000 r  ClkPort (IN)
                         net (fo=0)                   0.000     0.000    BUFGP1/I
    E3                   IBUF (Prop_ibuf_I_O)         1.482     1.482 r  BUFGP1/IBUF/O
                         net (fo=1, routed)           2.025     3.506    BUFGP1/IBUFG_2_BUFG
    BUFGCTRL_X0Y16       BUFG (Prop_bufg_I_O)         0.096     3.602 r  BUFGP1/BUFG/O
                         net (fo=86, routed)          1.720     5.323    divider/board_clk
    SLICE_X3Y63          FDRE                                         r  divider/y_reg[0]/C
  -------------------------------------------------------------------    -------------------
    SLICE_X3Y63          FDRE (Prop_fdre_C_Q)         0.456     5.779 r  divider/y_reg[0]/Q
                         net (fo=9, routed)           0.994     6.772    divider/y[0]
    SLICE_X2Y63          LUT4 (Prop_lut4_I2_O)        0.124     6.896 r  divider/state0_carry_i_8/O
                         net (fo=1, routed)           0.000     6.896    divider/state0_carry_i_8_n_0
    SLICE_X2Y63          CARRY4 (Prop_carry4_S[0]_CO[3])
                                                      0.513     7.409 f  divider/state0_carry/CO[3]
                         net (fo=16, routed)          0.844     8.253    divider/state0_carry_n_0
    SLICE_X1Y63          LUT1 (Prop_lut1_I0_O)        0.124     8.377 r  divider/CU_n_DU.The_Compute_Block.x_temp0_carry_i_1/O
                         net (fo=1, routed)           0.324     8.701    divider/CU_n_DU.The_Compute_Block.x_temp0_carry_i_1_n_0
    SLICE_X2Y64          CARRY4 (Prop_carry4_CYINIT_CO[3])
                                                      0.595     9.296 r  divider/CU_n_DU.The_Compute_Block.x_temp0_carry/CO[3]
                         net (fo=1, routed)           0.000     9.296    divider/CU_n_DU.The_Compute_Block.x_temp0_carry_n_0
    SLICE_X2Y65          CARRY4 (Prop_carry4_CI_O[3])
                                                      0.315     9.611 r  divider/CU_n_DU.The_Compute_Block.x_temp0_carry__0/O[3]
                         net (fo=7, routed)           0.758    10.368    divider/CU_n_DU.The_Compute_Block.x_temp0_carry__0_n_4
    SLICE_X0Y64          LUT4 (Prop_lut4_I0_O)        0.307    10.675 r  divider/CU_n_DU.The_Compute_Block.x_temp1_carry_i_5/O
                         net (fo=1, routed)           0.000    10.675    divider/CU_n_DU.The_Compute_Block.x_temp1_carry_i_5_n_0
    SLICE_X0Y64          CARRY4 (Prop_carry4_S[3]_CO[3])
                                                      0.401    11.076 r  divider/CU_n_DU.The_Compute_Block.x_temp1_carry/CO[3]
                         net (fo=35, routed)          0.917    11.994    divider/p_1_in__0
    SLICE_X0Y63          LUT3 (Prop_lut3_I1_O)        0.124    12.118 r  divider/x[2]_i_2/O
                         net (fo=3, routed)           0.511    12.629    divider/CU_n_DU.The_Compute_Block.x_temp[2]
    SLICE_X1Y63          LUT6 (Prop_lut6_I0_O)        0.124    12.753 r  divider/i__carry_i_3/O
                         net (fo=1, routed)           0.483    13.235    divider/i__carry_i_3_n_0
    SLICE_X3Y66          CARRY4 (Prop_carry4_DI[1]_CO[3])
                                                      0.507    13.742 r  divider/CU_n_DU.The_Compute_Block.x_temp1_inferred__0/i__carry/CO[3]
                         net (fo=12, routed)          0.731    14.474    divider/p_2_in
    SLICE_X3Y64          LUT6 (Prop_lut6_I2_O)        0.124    14.598 r  divider/Quotient[6]_i_2/O
                         net (fo=5, routed)           0.426    15.024    divider/Quotient[6]_i_2_n_0
    SLICE_X3Y64          LUT3 (Prop_lut3_I0_O)        0.124    15.148 r  divider/Quotient[3]_i_1/O
                         net (fo=1, routed)           0.000    15.148    divider/Quotient[3]
    SLICE_X3Y64          FDRE                                         r  divider/Quotient_reg[3]/D
  -------------------------------------------------------------------    -------------------

                         (clock ClkPort rise edge)   10.000    10.000 r  
    E3                                                0.000    10.000 r  ClkPort (IN)
                         net (fo=0)                   0.000    10.000    BUFGP1/I
    E3                   IBUF (Prop_ibuf_I_O)         1.411    11.411 r  BUFGP1/IBUF/O
                         net (fo=1, routed)           1.920    13.331    BUFGP1/IBUFG_2_BUFG
    BUFGCTRL_X0Y16       BUFG (Prop_bufg_I_O)         0.091    13.422 r  BUFGP1/BUFG/O
                         net (fo=86, routed)          1.600    15.023    divider/board_clk
    SLICE_X3Y64          FDRE                                         r  divider/Quotient_reg[3]/C
                         clock pessimism              0.275    15.298    
                         clock uncertainty           -0.035    15.262    
    SLICE_X3Y64          FDRE (Setup_fdre_C_D)        0.029    15.291    divider/Quotient_reg[3]
  -------------------------------------------------------------------
                         required time                         15.291    
                         arrival time                         -15.148    
  -------------------------------------------------------------------
                         slack                                  0.143    

Slack (MET) :             0.173ns  (required time - arrival time)
  Source:                 divider/y_reg[0]/C
                            (rising edge-triggered cell FDRE clocked by ClkPort  {rise@0.000ns fall@5.000ns period=10.000ns})
  Destination:            divider/Quotient_reg[5]/D
                            (rising edge-triggered cell FDRE clocked by ClkPort  {rise@0.000ns fall@5.000ns period=10.000ns})
  Path Group:             ClkPort
  Path Type:              Setup (Max at Slow Process Corner)
  Requirement:            10.000ns  (ClkPort rise@10.000ns - ClkPort rise@0.000ns)
  Data Path Delay:        9.841ns  (logic 3.834ns (38.961%)  route 6.007ns (61.039%))
  Logic Levels:           12  (CARRY4=5 LUT1=1 LUT3=1 LUT4=2 LUT5=1 LUT6=2)
  Clock Path Skew:        -0.026ns (DCD - SCD + CPR)
    Destination Clock Delay (DCD):    5.022ns = ( 15.022 - 10.000 ) 
    Source Clock Delay      (SCD):    5.323ns
    Clock Pessimism Removal (CPR):    0.275ns
  Clock Uncertainty:      0.035ns  ((TSJ^2 + TIJ^2)^1/2 + DJ) / 2 + PE
    Total System Jitter     (TSJ):    0.071ns
    Total Input Jitter      (TIJ):    0.000ns
    Discrete Jitter          (DJ):    0.000ns
    Phase Error              (PE):    0.000ns

    Location             Delay type                Incr(ns)  Path(ns)    Netlist Resource(s)
  -------------------------------------------------------------------    -------------------
                         (clock ClkPort rise edge)    0.000     0.000 r  
    E3                                                0.000     0.000 r  ClkPort (IN)
                         net (fo=0)                   0.000     0.000    BUFGP1/I
    E3                   IBUF (Prop_ibuf_I_O)         1.482     1.482 r  BUFGP1/IBUF/O
                         net (fo=1, routed)           2.025     3.506    BUFGP1/IBUFG_2_BUFG
    BUFGCTRL_X0Y16       BUFG (Prop_bufg_I_O)         0.096     3.602 r  BUFGP1/BUFG/O
                         net (fo=86, routed)          1.720     5.323    divider/board_clk
    SLICE_X3Y63          FDRE                                         r  divider/y_reg[0]/C
  -------------------------------------------------------------------    -------------------
    SLICE_X3Y63          FDRE (Prop_fdre_C_Q)         0.456     5.779 r  divider/y_reg[0]/Q
                         net (fo=9, routed)           0.994     6.772    divider/y[0]
    SLICE_X2Y63          LUT4 (Prop_lut4_I2_O)        0.124     6.896 r  divider/state0_carry_i_8/O
                         net (fo=1, routed)           0.000     6.896    divider/state0_carry_i_8_n_0
    SLICE_X2Y63          CARRY4 (Prop_carry4_S[0]_CO[3])
                                                      0.513     7.409 f  divider/state0_carry/CO[3]
                         net (fo=16, routed)          0.844     8.253    divider/state0_carry_n_0
    SLICE_X1Y63          LUT1 (Prop_lut1_I0_O)        0.124     8.377 r  divider/CU_n_DU.The_Compute_Block.x_temp0_carry_i_1/O
                         net (fo=1, routed)           0.324     8.701    divider/CU_n_DU.The_Compute_Block.x_temp0_carry_i_1_n_0
    SLICE_X2Y64          CARRY4 (Prop_carry4_CYINIT_CO[3])
                                                      0.595     9.296 r  divider/CU_n_DU.The_Compute_Block.x_temp0_carry/CO[3]
                         net (fo=1, routed)           0.000     9.296    divider/CU_n_DU.The_Compute_Block.x_temp0_carry_n_0
    SLICE_X2Y65          CARRY4 (Prop_carry4_CI_O[3])
                                                      0.315     9.611 r  divider/CU_n_DU.The_Compute_Block.x_temp0_carry__0/O[3]
                         net (fo=7, routed)           0.758    10.368    divider/CU_n_DU.The_Compute_Block.x_temp0_carry__0_n_4
    SLICE_X0Y64          LUT4 (Prop_lut4_I0_O)        0.307    10.675 r  divider/CU_n_DU.The_Compute_Block.x_temp1_carry_i_5/O
                         net (fo=1, routed)           0.000    10.675    divider/CU_n_DU.The_Compute_Block.x_temp1_carry_i_5_n_0
    SLICE_X0Y64          CARRY4 (Prop_carry4_S[3]_CO[3])
                                                      0.401    11.076 r  divider/CU_n_DU.The_Compute_Block.x_temp1_carry/CO[3]
                         net (fo=35, routed)          0.917    11.994    divider/p_1_in__0
    SLICE_X0Y63          LUT3 (Prop_lut3_I1_O)        0.124    12.118 r  divider/x[2]_i_2/O
                         net (fo=3, routed)           0.511    12.629    divider/CU_n_DU.The_Compute_Block.x_temp[2]
    SLICE_X1Y63          LUT6 (Prop_lut6_I0_O)        0.124    12.753 r  divider/i__carry_i_3/O
                         net (fo=1, routed)           0.483    13.235    divider/i__carry_i_3_n_0
    SLICE_X3Y66          CARRY4 (Prop_carry4_DI[1]_CO[3])
                                                      0.507    13.742 r  divider/CU_n_DU.The_Compute_Block.x_temp1_inferred__0/i__carry/CO[3]
                         net (fo=12, routed)          0.731    14.474    divider/p_2_in
    SLICE_X3Y64          LUT6 (Prop_lut6_I2_O)        0.124    14.598 r  divider/Quotient[6]_i_2/O
                         net (fo=5, routed)           0.445    15.043    divider/Quotient[6]_i_2_n_0
    SLICE_X1Y65          LUT5 (Prop_lut5_I1_O)        0.120    15.163 r  divider/Quotient[5]_i_1/O
                         net (fo=1, routed)           0.000    15.163    divider/Quotient[5]
    SLICE_X1Y65          FDRE                                         r  divider/Quotient_reg[5]/D
  -------------------------------------------------------------------    -------------------

                         (clock ClkPort rise edge)   10.000    10.000 r  
    E3                                                0.000    10.000 r  ClkPort (IN)
                         net (fo=0)                   0.000    10.000    BUFGP1/I
    E3                   IBUF (Prop_ibuf_I_O)         1.411    11.411 r  BUFGP1/IBUF/O
                         net (fo=1, routed)           1.920    13.331    BUFGP1/IBUFG_2_BUFG
    BUFGCTRL_X0Y16       BUFG (Prop_bufg_I_O)         0.091    13.422 r  BUFGP1/BUFG/O
                         net (fo=86, routed)          1.599    15.022    divider/board_clk
    SLICE_X1Y65          FDRE                                         r  divider/Quotient_reg[5]/C
                         clock pessimism              0.275    15.297    
                         clock uncertainty           -0.035    15.261    
    SLICE_X1Y65          FDRE (Setup_fdre_C_D)        0.075    15.336    divider/Quotient_reg[5]
  -------------------------------------------------------------------
                         required time                         15.336    
                         arrival time                         -15.163    
  -------------------------------------------------------------------
                         slack                                  0.173    

Slack (MET) :             0.270ns  (required time - arrival time)
  Source:                 divider/y_reg[0]/C
                            (rising edge-triggered cell FDRE clocked by ClkPort  {rise@0.000ns fall@5.000ns period=10.000ns})
  Destination:            divider/x_reg[4]/D
                            (rising edge-triggered cell FDRE clocked by ClkPort  {rise@0.000ns fall@5.000ns period=10.000ns})
  Path Group:             ClkPort
  Path Type:              Setup (Max at Slow Process Corner)
  Requirement:            10.000ns  (ClkPort rise@10.000ns - ClkPort rise@0.000ns)
  Data Path Delay:        9.681ns  (logic 3.714ns (38.366%)  route 5.967ns (61.634%))
  Logic Levels:           11  (CARRY4=5 LUT1=1 LUT3=1 LUT4=2 LUT5=1 LUT6=1)
  Clock Path Skew:        -0.043ns (DCD - SCD + CPR)
    Destination Clock Delay (DCD):    5.021ns = ( 15.021 - 10.000 ) 
    Source Clock Delay      (SCD):    5.323ns
    Clock Pessimism Removal (CPR):    0.259ns
  Clock Uncertainty:      0.035ns  ((TSJ^2 + TIJ^2)^1/2 + DJ) / 2 + PE
    Total System Jitter     (TSJ):    0.071ns
    Total Input Jitter      (TIJ):    0.000ns
    Discrete Jitter          (DJ):    0.000ns
    Phase Error              (PE):    0.000ns

    Location             Delay type                Incr(ns)  Path(ns)    Netlist Resource(s)
  -------------------------------------------------------------------    -------------------
                         (clock ClkPort rise edge)    0.000     0.000 r  
    E3                                                0.000     0.000 r  ClkPort (IN)
                         net (fo=0)                   0.000     0.000    BUFGP1/I
    E3                   IBUF (Prop_ibuf_I_O)         1.482     1.482 r  BUFGP1/IBUF/O
                         net (fo=1, routed)           2.025     3.506    BUFGP1/IBUFG_2_BUFG
    BUFGCTRL_X0Y16       BUFG (Prop_bufg_I_O)         0.096     3.602 r  BUFGP1/BUFG/O
                         net (fo=86, routed)          1.720     5.323    divider/board_clk
    SLICE_X3Y63          FDRE                                         r  divider/y_reg[0]/C
  -------------------------------------------------------------------    -------------------
    SLICE_X3Y63          FDRE (Prop_fdre_C_Q)         0.456     5.779 r  divider/y_reg[0]/Q
                         net (fo=9, routed)           0.994     6.772    divider/y[0]
    SLICE_X2Y63          LUT4 (Prop_lut4_I2_O)        0.124     6.896 r  divider/state0_carry_i_8/O
                         net (fo=1, routed)           0.000     6.896    divider/state0_carry_i_8_n_0
    SLICE_X2Y63          CARRY4 (Prop_carry4_S[0]_CO[3])
                                                      0.513     7.409 f  divider/state0_carry/CO[3]
                         net (fo=16, routed)          0.844     8.253    divider/state0_carry_n_0
    SLICE_X1Y63          LUT1 (Prop_lut1_I0_O)        0.124     8.377 r  divider/CU_n_DU.The_Compute_Block.x_temp0_carry_i_1/O
                         net (fo=1, routed)           0.324     8.701    divider/CU_n_DU.The_Compute_Block.x_temp0_carry_i_1_n_0
    SLICE_X2Y64          CARRY4 (Prop_carry4_CYINIT_CO[3])
                                                      0.595     9.296 r  divider/CU_n_DU.The_Compute_Block.x_temp0_carry/CO[3]
                         net (fo=1, routed)           0.000     9.296    divider/CU_n_DU.The_Compute_Block.x_temp0_carry_n_0
    SLICE_X2Y65          CARRY4 (Prop_carry4_CI_O[3])
                                                      0.315     9.611 r  divider/CU_n_DU.The_Compute_Block.x_temp0_carry__0/O[3]
                         net (fo=7, routed)           0.758    10.368    divider/CU_n_DU.The_Compute_Block.x_temp0_carry__0_n_4
    SLICE_X0Y64          LUT4 (Prop_lut4_I0_O)        0.307    10.675 r  divider/CU_n_DU.The_Compute_Block.x_temp1_carry_i_5/O
                         net (fo=1, routed)           0.000    10.675    divider/CU_n_DU.The_Compute_Block.x_temp1_carry_i_5_n_0
    SLICE_X0Y64          CARRY4 (Prop_carry4_S[3]_CO[3])
                                                      0.401    11.076 r  divider/CU_n_DU.The_Compute_Block.x_temp1_carry/CO[3]
                         net (fo=35, routed)          0.917    11.994    divider/p_1_in__0
    SLICE_X0Y63          LUT3 (Prop_lut3_I1_O)        0.124    12.118 r  divider/x[2]_i_2/O
                         net (fo=3, routed)           0.511    12.629    divider/CU_n_DU.The_Compute_Block.x_temp[2]
    SLICE_X1Y63          LUT6 (Prop_lut6_I0_O)        0.124    12.753 r  divider/i__carry_i_3/O
                         net (fo=1, routed)           0.483    13.235    divider/i__carry_i_3_n_0
    SLICE_X3Y66          CARRY4 (Prop_carry4_DI[1]_CO[3])
                                                      0.507    13.742 r  divider/CU_n_DU.The_Compute_Block.x_temp1_inferred__0/i__carry/CO[3]
                         net (fo=12, routed)          1.137    14.879    divider/p_2_in
    SLICE_X4Y64          LUT5 (Prop_lut5_I0_O)        0.124    15.003 r  divider/x[4]_i_1/O
                         net (fo=1, routed)           0.000    15.003    divider/x[4]
    SLICE_X4Y64          FDRE                                         r  divider/x_reg[4]/D
  -------------------------------------------------------------------    -------------------

                         (clock ClkPort rise edge)   10.000    10.000 r  
    E3                                                0.000    10.000 r  ClkPort (IN)
                         net (fo=0)                   0.000    10.000    BUFGP1/I
    E3                   IBUF (Prop_ibuf_I_O)         1.411    11.411 r  BUFGP1/IBUF/O
                         net (fo=1, routed)           1.920    13.331    BUFGP1/IBUFG_2_BUFG
    BUFGCTRL_X0Y16       BUFG (Prop_bufg_I_O)         0.091    13.422 r  BUFGP1/BUFG/O
                         net (fo=86, routed)          1.598    15.021    divider/board_clk
    SLICE_X4Y64          FDRE                                         r  divider/x_reg[4]/C
                         clock pessimism              0.259    15.280    
                         clock uncertainty           -0.035    15.244    
    SLICE_X4Y64          FDRE (Setup_fdre_C_D)        0.029    15.273    divider/x_reg[4]
  -------------------------------------------------------------------
                         required time                         15.273    
                         arrival time                         -15.003    
  -------------------------------------------------------------------
                         slack                                  0.270    

Slack (MET) :             0.284ns  (required time - arrival time)
  Source:                 divider/y_reg[0]/C
                            (rising edge-triggered cell FDRE clocked by ClkPort  {rise@0.000ns fall@5.000ns period=10.000ns})
  Destination:            divider/x_reg[6]/D
                            (rising edge-triggered cell FDRE clocked by ClkPort  {rise@0.000ns fall@5.000ns period=10.000ns})
  Path Group:             ClkPort
  Path Type:              Setup (Max at Slow Process Corner)
  Requirement:            10.000ns  (ClkPort rise@10.000ns - ClkPort rise@0.000ns)
  Data Path Delay:        9.737ns  (logic 3.714ns (38.142%)  route 6.023ns (61.858%))
  Logic Levels:           11  (CARRY4=5 LUT1=1 LUT3=1 LUT4=2 LUT5=1 LUT6=1)
  Clock Path Skew:        -0.024ns (DCD - SCD + CPR)
    Destination Clock Delay (DCD):    5.024ns = ( 15.024 - 10.000 ) 
    Source Clock Delay      (SCD):    5.323ns
    Clock Pessimism Removal (CPR):    0.275ns
  Clock Uncertainty:      0.035ns  ((TSJ^2 + TIJ^2)^1/2 + DJ) / 2 + PE
    Total System Jitter     (TSJ):    0.071ns
    Total Input Jitter      (TIJ):    0.000ns
    Discrete Jitter          (DJ):    0.000ns
    Phase Error              (PE):    0.000ns

    Location             Delay type                Incr(ns)  Path(ns)    Netlist Resource(s)
  -------------------------------------------------------------------    -------------------
                         (clock ClkPort rise edge)    0.000     0.000 r  
    E3                                                0.000     0.000 r  ClkPort (IN)
                         net (fo=0)                   0.000     0.000    BUFGP1/I
    E3                   IBUF (Prop_ibuf_I_O)         1.482     1.482 r  BUFGP1/IBUF/O
                         net (fo=1, routed)           2.025     3.506    BUFGP1/IBUFG_2_BUFG
    BUFGCTRL_X0Y16       BUFG (Prop_bufg_I_O)         0.096     3.602 r  BUFGP1/BUFG/O
                         net (fo=86, routed)          1.720     5.323    divider/board_clk
    SLICE_X3Y63          FDRE                                         r  divider/y_reg[0]/C
  -------------------------------------------------------------------    -------------------
    SLICE_X3Y63          FDRE (Prop_fdre_C_Q)         0.456     5.779 r  divider/y_reg[0]/Q
                         net (fo=9, routed)           0.994     6.772    divider/y[0]
    SLICE_X2Y63          LUT4 (Prop_lut4_I2_O)        0.124     6.896 r  divider/state0_carry_i_8/O
                         net (fo=1, routed)           0.000     6.896    divider/state0_carry_i_8_n_0
    SLICE_X2Y63          CARRY4 (Prop_carry4_S[0]_CO[3])
                                                      0.513     7.409 f  divider/state0_carry/CO[3]
                         net (fo=16, routed)          0.844     8.253    divider/state0_carry_n_0
    SLICE_X1Y63          LUT1 (Prop_lut1_I0_O)        0.124     8.377 r  divider/CU_n_DU.The_Compute_Block.x_temp0_carry_i_1/O
                         net (fo=1, routed)           0.324     8.701    divider/CU_n_DU.The_Compute_Block.x_temp0_carry_i_1_n_0
    SLICE_X2Y64          CARRY4 (Prop_carry4_CYINIT_CO[3])
                                                      0.595     9.296 r  divider/CU_n_DU.The_Compute_Block.x_temp0_carry/CO[3]
                         net (fo=1, routed)           0.000     9.296    divider/CU_n_DU.The_Compute_Block.x_temp0_carry_n_0
    SLICE_X2Y65          CARRY4 (Prop_carry4_CI_O[3])
                                                      0.315     9.611 r  divider/CU_n_DU.The_Compute_Block.x_temp0_carry__0/O[3]
                         net (fo=7, routed)           0.758    10.368    divider/CU_n_DU.The_Compute_Block.x_temp0_carry__0_n_4
    SLICE_X0Y64          LUT4 (Prop_lut4_I0_O)        0.307    10.675 r  divider/CU_n_DU.The_Compute_Block.x_temp1_carry_i_5/O
                         net (fo=1, routed)           0.000    10.675    divider/CU_n_DU.The_Compute_Block.x_temp1_carry_i_5_n_0
    SLICE_X0Y64          CARRY4 (Prop_carry4_S[3]_CO[3])
                                                      0.401    11.076 r  divider/CU_n_DU.The_Compute_Block.x_temp1_carry/CO[3]
                         net (fo=35, routed)          0.917    11.994    divider/p_1_in__0
    SLICE_X0Y63          LUT3 (Prop_lut3_I1_O)        0.124    12.118 r  divider/x[2]_i_2/O
                         net (fo=3, routed)           0.511    12.629    divider/CU_n_DU.The_Compute_Block.x_temp[2]
    SLICE_X1Y63          LUT6 (Prop_lut6_I0_O)        0.124    12.753 r  divider/i__carry_i_3/O
                         net (fo=1, routed)           0.483    13.235    divider/i__carry_i_3_n_0
    SLICE_X3Y66          CARRY4 (Prop_carry4_DI[1]_CO[3])
                                                      0.507    13.742 r  divider/CU_n_DU.The_Compute_Block.x_temp1_inferred__0/i__carry/CO[3]
                         net (fo=12, routed)          1.194    14.936    divider/p_2_in
    SLICE_X2Y62          LUT5 (Prop_lut5_I0_O)        0.124    15.060 r  divider/x[6]_i_1/O
                         net (fo=1, routed)           0.000    15.060    divider/x[6]
    SLICE_X2Y62          FDRE                                         r  divider/x_reg[6]/D
  -------------------------------------------------------------------    -------------------

                         (clock ClkPort rise edge)   10.000    10.000 r  
    E3                                                0.000    10.000 r  ClkPort (IN)
                         net (fo=0)                   0.000    10.000    BUFGP1/I
    E3                   IBUF (Prop_ibuf_I_O)         1.411    11.411 r  BUFGP1/IBUF/O
                         net (fo=1, routed)           1.920    13.331    BUFGP1/IBUFG_2_BUFG
    BUFGCTRL_X0Y16       BUFG (Prop_bufg_I_O)         0.091    13.422 r  BUFGP1/BUFG/O
                         net (fo=86, routed)          1.601    15.024    divider/board_clk
    SLICE_X2Y62          FDRE                                         r  divider/x_reg[6]/C
                         clock pessimism              0.275    15.299    
                         clock uncertainty           -0.035    15.263    
    SLICE_X2Y62          FDRE (Setup_fdre_C_D)        0.081    15.344    divider/x_reg[6]
  -------------------------------------------------------------------
                         required time                         15.344    
                         arrival time                         -15.060    
  -------------------------------------------------------------------
                         slack                                  0.284    

Slack (MET) :             0.387ns  (required time - arrival time)
  Source:                 divider/y_reg[0]/C
                            (rising edge-triggered cell FDRE clocked by ClkPort  {rise@0.000ns fall@5.000ns period=10.000ns})
  Destination:            divider/x_reg[0]/D
                            (rising edge-triggered cell FDRE clocked by ClkPort  {rise@0.000ns fall@5.000ns period=10.000ns})
  Path Group:             ClkPort
  Path Type:              Setup (Max at Slow Process Corner)
  Requirement:            10.000ns  (ClkPort rise@10.000ns - ClkPort rise@0.000ns)
  Data Path Delay:        9.582ns  (logic 3.714ns (38.760%)  route 5.868ns (61.240%))
  Logic Levels:           11  (CARRY4=5 LUT1=1 LUT3=1 LUT4=2 LUT5=1 LUT6=1)
  Clock Path Skew:        -0.025ns (DCD - SCD + CPR)
    Destination Clock Delay (DCD):    5.023ns = ( 15.023 - 10.000 ) 
    Source Clock Delay      (SCD):    5.323ns
    Clock Pessimism Removal (CPR):    0.275ns
  Clock Uncertainty:      0.035ns  ((TSJ^2 + TIJ^2)^1/2 + DJ) / 2 + PE
    Total System Jitter     (TSJ):    0.071ns
    Total Input Jitter      (TIJ):    0.000ns
    Discrete Jitter          (DJ):    0.000ns
    Phase Error              (PE):    0.000ns

    Location             Delay type                Incr(ns)  Path(ns)    Netlist Resource(s)
  -------------------------------------------------------------------    -------------------
                         (clock ClkPort rise edge)    0.000     0.000 r  
    E3                                                0.000     0.000 r  ClkPort (IN)
                         net (fo=0)                   0.000     0.000    BUFGP1/I
    E3                   IBUF (Prop_ibuf_I_O)         1.482     1.482 r  BUFGP1/IBUF/O
                         net (fo=1, routed)           2.025     3.506    BUFGP1/IBUFG_2_BUFG
    BUFGCTRL_X0Y16       BUFG (Prop_bufg_I_O)         0.096     3.602 r  BUFGP1/BUFG/O
                         net (fo=86, routed)          1.720     5.323    divider/board_clk
    SLICE_X3Y63          FDRE                                         r  divider/y_reg[0]/C
  -------------------------------------------------------------------    -------------------
    SLICE_X3Y63          FDRE (Prop_fdre_C_Q)         0.456     5.779 r  divider/y_reg[0]/Q
                         net (fo=9, routed)           0.994     6.772    divider/y[0]
    SLICE_X2Y63          LUT4 (Prop_lut4_I2_O)        0.124     6.896 r  divider/state0_carry_i_8/O
                         net (fo=1, routed)           0.000     6.896    divider/state0_carry_i_8_n_0
    SLICE_X2Y63          CARRY4 (Prop_carry4_S[0]_CO[3])
                                                      0.513     7.409 f  divider/state0_carry/CO[3]
                         net (fo=16, routed)          0.844     8.253    divider/state0_carry_n_0
    SLICE_X1Y63          LUT1 (Prop_lut1_I0_O)        0.124     8.377 r  divider/CU_n_DU.The_Compute_Block.x_temp0_carry_i_1/O
                         net (fo=1, routed)           0.324     8.701    divider/CU_n_DU.The_Compute_Block.x_temp0_carry_i_1_n_0
    SLICE_X2Y64          CARRY4 (Prop_carry4_CYINIT_CO[3])
                                                      0.595     9.296 r  divider/CU_n_DU.The_Compute_Block.x_temp0_carry/CO[3]
                         net (fo=1, routed)           0.000     9.296    divider/CU_n_DU.The_Compute_Block.x_temp0_carry_n_0
    SLICE_X2Y65          CARRY4 (Prop_carry4_CI_O[3])
                                                      0.315     9.611 r  divider/CU_n_DU.The_Compute_Block.x_temp0_carry__0/O[3]
                         net (fo=7, routed)           0.758    10.368    divider/CU_n_DU.The_Compute_Block.x_temp0_carry__0_n_4
    SLICE_X0Y64          LUT4 (Prop_lut4_I0_O)        0.307    10.675 r  divider/CU_n_DU.The_Compute_Block.x_temp1_carry_i_5/O
                         net (fo=1, routed)           0.000    10.675    divider/CU_n_DU.The_Compute_Block.x_temp1_carry_i_5_n_0
    SLICE_X0Y64          CARRY4 (Prop_carry4_S[3]_CO[3])
                                                      0.401    11.076 r  divider/CU_n_DU.The_Compute_Block.x_temp1_carry/CO[3]
                         net (fo=35, routed)          0.917    11.994    divider/p_1_in__0
    SLICE_X0Y63          LUT3 (Prop_lut3_I1_O)        0.124    12.118 r  divider/x[2]_i_2/O
                         net (fo=3, routed)           0.511    12.629    divider/CU_n_DU.The_Compute_Block.x_temp[2]
    SLICE_X1Y63          LUT6 (Prop_lut6_I0_O)        0.124    12.753 r  divider/i__carry_i_3/O
                         net (fo=1, routed)           0.483    13.235    divider/i__carry_i_3_n_0
    SLICE_X3Y66          CARRY4 (Prop_carry4_DI[1]_CO[3])
                                                      0.507    13.742 r  divider/CU_n_DU.The_Compute_Block.x_temp1_inferred__0/i__carry/CO[3]
                         net (fo=12, routed)          1.038    14.781    divider/p_2_in
    SLICE_X1Y63          LUT5 (Prop_lut5_I0_O)        0.124    14.905 r  divider/x[0]_i_1/O
                         net (fo=1, routed)           0.000    14.905    divider/x[0]
    SLICE_X1Y63          FDRE                                         r  divider/x_reg[0]/D
  -------------------------------------------------------------------    -------------------

                         (clock ClkPort rise edge)   10.000    10.000 r  
    E3                                                0.000    10.000 r  ClkPort (IN)
                         net (fo=0)                   0.000    10.000    BUFGP1/I
    E3                   IBUF (Prop_ibuf_I_O)         1.411    11.411 r  BUFGP1/IBUF/O
                         net (fo=1, routed)           1.920    13.331    BUFGP1/IBUFG_2_BUFG
    BUFGCTRL_X0Y16       BUFG (Prop_bufg_I_O)         0.091    13.422 r  BUFGP1/BUFG/O
                         net (fo=86, routed)          1.600    15.023    divider/board_clk
    SLICE_X1Y63          FDRE                                         r  divider/x_reg[0]/C
                         clock pessimism              0.275    15.298    
                         clock uncertainty           -0.035    15.262    
    SLICE_X1Y63          FDRE (Setup_fdre_C_D)        0.029    15.291    divider/x_reg[0]
  -------------------------------------------------------------------
                         required time                         15.291    
                         arrival time                         -14.905    
  -------------------------------------------------------------------
                         slack                                  0.387    

Slack (MET) :             0.390ns  (required time - arrival time)
  Source:                 divider/y_reg[0]/C
                            (rising edge-triggered cell FDRE clocked by ClkPort  {rise@0.000ns fall@5.000ns period=10.000ns})
  Destination:            divider/Quotient_reg[1]/D
                            (rising edge-triggered cell FDRE clocked by ClkPort  {rise@0.000ns fall@5.000ns period=10.000ns})
  Path Group:             ClkPort
  Path Type:              Setup (Max at Slow Process Corner)
  Requirement:            10.000ns  (ClkPort rise@10.000ns - ClkPort rise@0.000ns)
  Data Path Delay:        9.560ns  (logic 3.714ns (38.848%)  route 5.846ns (61.152%))
  Logic Levels:           11  (CARRY4=5 LUT1=1 LUT3=1 LUT4=2 LUT6=2)
  Clock Path Skew:        -0.043ns (DCD - SCD + CPR)
    Destination Clock Delay (DCD):    5.021ns = ( 15.021 - 10.000 ) 
    Source Clock Delay      (SCD):    5.323ns
    Clock Pessimism Removal (CPR):    0.259ns
  Clock Uncertainty:      0.035ns  ((TSJ^2 + TIJ^2)^1/2 + DJ) / 2 + PE
    Total System Jitter     (TSJ):    0.071ns
    Total Input Jitter      (TIJ):    0.000ns
    Discrete Jitter          (DJ):    0.000ns
    Phase Error              (PE):    0.000ns

    Location             Delay type                Incr(ns)  Path(ns)    Netlist Resource(s)
  -------------------------------------------------------------------    -------------------
                         (clock ClkPort rise edge)    0.000     0.000 r  
    E3                                                0.000     0.000 r  ClkPort (IN)
                         net (fo=0)                   0.000     0.000    BUFGP1/I
    E3                   IBUF (Prop_ibuf_I_O)         1.482     1.482 r  BUFGP1/IBUF/O
                         net (fo=1, routed)           2.025     3.506    BUFGP1/IBUFG_2_BUFG
    BUFGCTRL_X0Y16       BUFG (Prop_bufg_I_O)         0.096     3.602 r  BUFGP1/BUFG/O
                         net (fo=86, routed)          1.720     5.323    divider/board_clk
    SLICE_X3Y63          FDRE                                         r  divider/y_reg[0]/C
  -------------------------------------------------------------------    -------------------
    SLICE_X3Y63          FDRE (Prop_fdre_C_Q)         0.456     5.779 r  divider/y_reg[0]/Q
                         net (fo=9, routed)           0.994     6.772    divider/y[0]
    SLICE_X2Y63          LUT4 (Prop_lut4_I2_O)        0.124     6.896 r  divider/state0_carry_i_8/O
                         net (fo=1, routed)           0.000     6.896    divider/state0_carry_i_8_n_0
    SLICE_X2Y63          CARRY4 (Prop_carry4_S[0]_CO[3])
                                                      0.513     7.409 f  divider/state0_carry/CO[3]
                         net (fo=16, routed)          0.844     8.253    divider/state0_carry_n_0
    SLICE_X1Y63          LUT1 (Prop_lut1_I0_O)        0.124     8.377 r  divider/CU_n_DU.The_Compute_Block.x_temp0_carry_i_1/O
                         net (fo=1, routed)           0.324     8.701    divider/CU_n_DU.The_Compute_Block.x_temp0_carry_i_1_n_0
    SLICE_X2Y64          CARRY4 (Prop_carry4_CYINIT_CO[3])
                                                      0.595     9.296 r  divider/CU_n_DU.The_Compute_Block.x_temp0_carry/CO[3]
                         net (fo=1, routed)           0.000     9.296    divider/CU_n_DU.The_Compute_Block.x_temp0_carry_n_0
    SLICE_X2Y65          CARRY4 (Prop_carry4_CI_O[3])
                                                      0.315     9.611 r  divider/CU_n_DU.The_Compute_Block.x_temp0_carry__0/O[3]
                         net (fo=7, routed)           0.758    10.368    divider/CU_n_DU.The_Compute_Block.x_temp0_carry__0_n_4
    SLICE_X0Y64          LUT4 (Prop_lut4_I0_O)        0.307    10.675 r  divider/CU_n_DU.The_Compute_Block.x_temp1_carry_i_5/O
                         net (fo=1, routed)           0.000    10.675    divider/CU_n_DU.The_Compute_Block.x_temp1_carry_i_5_n_0
    SLICE_X0Y64          CARRY4 (Prop_carry4_S[3]_CO[3])
                                                      0.401    11.076 r  divider/CU_n_DU.The_Compute_Block.x_temp1_carry/CO[3]
                         net (fo=35, routed)          0.917    11.994    divider/p_1_in__0
    SLICE_X0Y63          LUT3 (Prop_lut3_I1_O)        0.124    12.118 r  divider/x[2]_i_2/O
                         net (fo=3, routed)           0.511    12.629    divider/CU_n_DU.The_Compute_Block.x_temp[2]
    SLICE_X1Y63          LUT6 (Prop_lut6_I0_O)        0.124    12.753 r  divider/i__carry_i_3/O
                         net (fo=1, routed)           0.483    13.235    divider/i__carry_i_3_n_0
    SLICE_X3Y66          CARRY4 (Prop_carry4_DI[1]_CO[3])
                                                      0.507    13.742 r  divider/CU_n_DU.The_Compute_Block.x_temp1_inferred__0/i__carry/CO[3]
                         net (fo=12, routed)          1.017    14.759    divider/p_2_in
    SLICE_X4Y63          LUT6 (Prop_lut6_I3_O)        0.124    14.883 r  divider/Quotient[1]_i_1/O
                         net (fo=1, routed)           0.000    14.883    divider/Quotient[1]
    SLICE_X4Y63          FDRE                                         r  divider/Quotient_reg[1]/D
  -------------------------------------------------------------------    -------------------

                         (clock ClkPort rise edge)   10.000    10.000 r  
    E3                                                0.000    10.000 r  ClkPort (IN)
                         net (fo=0)                   0.000    10.000    BUFGP1/I
    E3                   IBUF (Prop_ibuf_I_O)         1.411    11.411 r  BUFGP1/IBUF/O
                         net (fo=1, routed)           1.920    13.331    BUFGP1/IBUFG_2_BUFG
    BUFGCTRL_X0Y16       BUFG (Prop_bufg_I_O)         0.091    13.422 r  BUFGP1/BUFG/O
                         net (fo=86, routed)          1.598    15.021    divider/board_clk
    SLICE_X4Y63          FDRE                                         r  divider/Quotient_reg[1]/C
                         clock pessimism              0.259    15.280    
                         clock uncertainty           -0.035    15.244    
    SLICE_X4Y63          FDRE (Setup_fdre_C_D)        0.029    15.273    divider/Quotient_reg[1]
  -------------------------------------------------------------------
                         required time                         15.273    
                         arrival time                         -14.883    
  -------------------------------------------------------------------
                         slack                                  0.390    





Min Delay Paths
--------------------------------------------------------------------------------------
Slack (MET) :             0.181ns  (arrival time - required time)
  Source:                 ee201_debouncer_1/FSM_onehot_state_reg[7]/C
                            (rising edge-triggered cell FDCE clocked by ClkPort  {rise@0.000ns fall@5.000ns period=10.000ns})
  Destination:            ee201_debouncer_1/FSM_onehot_state_reg[8]/D
                            (rising edge-triggered cell FDCE clocked by ClkPort  {rise@0.000ns fall@5.000ns period=10.000ns})
  Path Group:             ClkPort
  Path Type:              Hold (Min at Fast Process Corner)
  Requirement:            0.000ns  (ClkPort rise@0.000ns - ClkPort rise@0.000ns)
  Data Path Delay:        0.203ns  (logic 0.128ns (63.089%)  route 0.075ns (36.911%))
  Logic Levels:           0  
  Clock Path Skew:        0.013ns (DCD - SCD - CPR)
    Destination Clock Delay (DCD):    2.033ns
    Source Clock Delay      (SCD):    1.518ns
    Clock Pessimism Removal (CPR):    0.501ns

    Location             Delay type                Incr(ns)  Path(ns)    Netlist Resource(s)
  -------------------------------------------------------------------    -------------------
                         (clock ClkPort rise edge)    0.000     0.000 r  
    E3                                                0.000     0.000 r  ClkPort (IN)
                         net (fo=0)                   0.000     0.000    BUFGP1/I
    E3                   IBUF (Prop_ibuf_I_O)         0.250     0.250 r  BUFGP1/IBUF/O
                         net (fo=1, routed)           0.644     0.894    BUFGP1/IBUFG_2_BUFG
    BUFGCTRL_X0Y16       BUFG (Prop_bufg_I_O)         0.026     0.920 r  BUFGP1/BUFG/O
                         net (fo=86, routed)          0.599     1.518    ee201_debouncer_1/board_clk
    SLICE_X7Y65          FDCE                                         r  ee201_debouncer_1/FSM_onehot_state_reg[7]/C
  -------------------------------------------------------------------    -------------------
    SLICE_X7Y65          FDCE (Prop_fdce_C_Q)         0.128     1.646 r  ee201_debouncer_1/FSM_onehot_state_reg[7]/Q
                         net (fo=3, routed)           0.075     1.721    ee201_debouncer_1/FSM_onehot_state_reg_n_0_[7]
    SLICE_X6Y65          FDCE                                         r  ee201_debouncer_1/FSM_onehot_state_reg[8]/D
  -------------------------------------------------------------------    -------------------

                         (clock ClkPort rise edge)    0.000     0.000 r  
    E3                                                0.000     0.000 r  ClkPort (IN)
                         net (fo=0)                   0.000     0.000    BUFGP1/I
    E3                   IBUF (Prop_ibuf_I_O)         0.438     0.438 r  BUFGP1/IBUF/O
                         net (fo=1, routed)           0.699     1.136    BUFGP1/IBUFG_2_BUFG
    BUFGCTRL_X0Y16       BUFG (Prop_bufg_I_O)         0.029     1.165 r  BUFGP1/BUFG/O
                         net (fo=86, routed)          0.868     2.033    ee201_debouncer_1/board_clk
    SLICE_X6Y65          FDCE                                         r  ee201_debouncer_1/FSM_onehot_state_reg[8]/C
                         clock pessimism             -0.501     1.531    
    SLICE_X6Y65          FDCE (Hold_fdce_C_D)         0.009     1.540    ee201_debouncer_1/FSM_onehot_state_reg[8]
  -------------------------------------------------------------------
                         required time                         -1.540    
                         arrival time                           1.721    
  -------------------------------------------------------------------
                         slack                                  0.181    

Slack (MET) :             0.197ns  (arrival time - required time)
  Source:                 ee201_debouncer_1/MCEN_count_reg[0]/C
                            (rising edge-triggered cell FDRE clocked by ClkPort  {rise@0.000ns fall@5.000ns period=10.000ns})
  Destination:            ee201_debouncer_1/MCEN_count_reg[2]/D
                            (rising edge-triggered cell FDRE clocked by ClkPort  {rise@0.000ns fall@5.000ns period=10.000ns})
  Path Group:             ClkPort
  Path Type:              Hold (Min at Fast Process Corner)
  Requirement:            0.000ns  (ClkPort rise@0.000ns - ClkPort rise@0.000ns)
  Data Path Delay:        0.317ns  (logic 0.212ns (66.805%)  route 0.105ns (33.195%))
  Logic Levels:           1  (LUT5=1)
  Clock Path Skew:        0.013ns (DCD - SCD - CPR)
    Destination Clock Delay (DCD):    2.034ns
    Source Clock Delay      (SCD):    1.518ns
    Clock Pessimism Removal (CPR):    0.502ns

    Location             Delay type                Incr(ns)  Path(ns)    Netlist Resource(s)
  -------------------------------------------------------------------    -------------------
                         (clock ClkPort rise edge)    0.000     0.000 r  
    E3                                                0.000     0.000 r  ClkPort (IN)
                         net (fo=0)                   0.000     0.000    BUFGP1/I
    E3                   IBUF (Prop_ibuf_I_O)         0.250     0.250 r  BUFGP1/IBUF/O
                         net (fo=1, routed)           0.644     0.894    BUFGP1/IBUFG_2_BUFG
    BUFGCTRL_X0Y16       BUFG (Prop_bufg_I_O)         0.026     0.920 r  BUFGP1/BUFG/O
                         net (fo=86, routed)          0.599     1.518    ee201_debouncer_1/board_clk
    SLICE_X6Y64          FDRE                                         r  ee201_debouncer_1/MCEN_count_reg[0]/C
  -------------------------------------------------------------------    -------------------
    SLICE_X6Y64          FDRE (Prop_fdre_C_Q)         0.164     1.682 r  ee201_debouncer_1/MCEN_count_reg[0]/Q
                         net (fo=6, routed)           0.105     1.788    ee201_debouncer_1/MCEN_count_reg_n_0_[0]
    SLICE_X7Y64          LUT5 (Prop_lut5_I2_O)        0.048     1.836 r  ee201_debouncer_1/MCEN_count[2]_i_1/O
                         net (fo=1, routed)           0.000     1.836    ee201_debouncer_1/MCEN_count[2]_i_1_n_0
    SLICE_X7Y64          FDRE                                         r  ee201_debouncer_1/MCEN_count_reg[2]/D
  -------------------------------------------------------------------    -------------------

                         (clock ClkPort rise edge)    0.000     0.000 r  
    E3                                                0.000     0.000 r  ClkPort (IN)
                         net (fo=0)                   0.000     0.000    BUFGP1/I
    E3                   IBUF (Prop_ibuf_I_O)         0.438     0.438 r  BUFGP1/IBUF/O
                         net (fo=1, routed)           0.699     1.136    BUFGP1/IBUFG_2_BUFG
    BUFGCTRL_X0Y16       BUFG (Prop_bufg_I_O)         0.029     1.165 r  BUFGP1/BUFG/O
                         net (fo=86, routed)          0.869     2.034    ee201_debouncer_1/board_clk
    SLICE_X7Y64          FDRE                                         r  ee201_debouncer_1/MCEN_count_reg[2]/C
                         clock pessimism             -0.502     1.531    
    SLICE_X7Y64          FDRE (Hold_fdre_C_D)         0.107     1.638    ee201_debouncer_1/MCEN_count_reg[2]
  -------------------------------------------------------------------
                         required time                         -1.638    
                         arrival time                           1.836    
  -------------------------------------------------------------------
                         slack                                  0.197    

Slack (MET) :             0.210ns  (arrival time - required time)
  Source:                 ee201_debouncer_1/MCEN_count_reg[0]/C
                            (rising edge-triggered cell FDRE clocked by ClkPort  {rise@0.000ns fall@5.000ns period=10.000ns})
  Destination:            ee201_debouncer_1/MCEN_count_reg[1]/D
                            (rising edge-triggered cell FDRE clocked by ClkPort  {rise@0.000ns fall@5.000ns period=10.000ns})
  Path Group:             ClkPort
  Path Type:              Hold (Min at Fast Process Corner)
  Requirement:            0.000ns  (ClkPort rise@0.000ns - ClkPort rise@0.000ns)
  Data Path Delay:        0.314ns  (logic 0.209ns (66.488%)  route 0.105ns (33.512%))
  Logic Levels:           1  (LUT4=1)
  Clock Path Skew:        0.013ns (DCD - SCD - CPR)
    Destination Clock Delay (DCD):    2.034ns
    Source Clock Delay      (SCD):    1.518ns
    Clock Pessimism Removal (CPR):    0.502ns

    Location             Delay type                Incr(ns)  Path(ns)    Netlist Resource(s)
  -------------------------------------------------------------------    -------------------
                         (clock ClkPort rise edge)    0.000     0.000 r  
    E3                                                0.000     0.000 r  ClkPort (IN)
                         net (fo=0)                   0.000     0.000    BUFGP1/I
    E3                   IBUF (Prop_ibuf_I_O)         0.250     0.250 r  BUFGP1/IBUF/O
                         net (fo=1, routed)           0.644     0.894    BUFGP1/IBUFG_2_BUFG
    BUFGCTRL_X0Y16       BUFG (Prop_bufg_I_O)         0.026     0.920 r  BUFGP1/BUFG/O
                         net (fo=86, routed)          0.599     1.518    ee201_debouncer_1/board_clk
    SLICE_X6Y64          FDRE                                         r  ee201_debouncer_1/MCEN_count_reg[0]/C
  -------------------------------------------------------------------    -------------------
    SLICE_X6Y64          FDRE (Prop_fdre_C_Q)         0.164     1.682 r  ee201_debouncer_1/MCEN_count_reg[0]/Q
                         net (fo=6, routed)           0.105     1.788    ee201_debouncer_1/MCEN_count_reg_n_0_[0]
    SLICE_X7Y64          LUT4 (Prop_lut4_I2_O)        0.045     1.833 r  ee201_debouncer_1/MCEN_count[1]_i_1/O
                         net (fo=1, routed)           0.000     1.833    ee201_debouncer_1/MCEN_count[1]_i_1_n_0
    SLICE_X7Y64          FDRE                                         r  ee201_debouncer_1/MCEN_count_reg[1]/D
  -------------------------------------------------------------------    -------------------

                         (clock ClkPort rise edge)    0.000     0.000 r  
    E3                                                0.000     0.000 r  ClkPort (IN)
                         net (fo=0)                   0.000     0.000    BUFGP1/I
    E3                   IBUF (Prop_ibuf_I_O)         0.438     0.438 r  BUFGP1/IBUF/O
                         net (fo=1, routed)           0.699     1.136    BUFGP1/IBUFG_2_BUFG
    BUFGCTRL_X0Y16       BUFG (Prop_bufg_I_O)         0.029     1.165 r  BUFGP1/BUFG/O
                         net (fo=86, routed)          0.869     2.034    ee201_debouncer_1/board_clk
    SLICE_X7Y64          FDRE                                         r  ee201_debouncer_1/MCEN_count_reg[1]/C
                         clock pessimism             -0.502     1.531    
    SLICE_X7Y64          FDRE (Hold_fdre_C_D)         0.091     1.622    ee201_debouncer_1/MCEN_count_reg[1]
  -------------------------------------------------------------------
                         required time                         -1.622    
                         arrival time                           1.833    
  -------------------------------------------------------------------
                         slack                                  0.210    

Slack (MET) :             0.210ns  (arrival time - required time)
  Source:                 ee201_debouncer_1/MCEN_count_reg[0]/C
                            (rising edge-triggered cell FDRE clocked by ClkPort  {rise@0.000ns fall@5.000ns period=10.000ns})
  Destination:            ee201_debouncer_1/MCEN_count_reg[3]/D
                            (rising edge-triggered cell FDRE clocked by ClkPort  {rise@0.000ns fall@5.000ns period=10.000ns})
  Path Group:             ClkPort
  Path Type:              Hold (Min at Fast Process Corner)
  Requirement:            0.000ns  (ClkPort rise@0.000ns - ClkPort rise@0.000ns)
  Data Path Delay:        0.315ns  (logic 0.209ns (66.277%)  route 0.106ns (33.723%))
  Logic Levels:           1  (LUT6=1)
  Clock Path Skew:        0.013ns (DCD - SCD - CPR)
    Destination Clock Delay (DCD):    2.034ns
    Source Clock Delay      (SCD):    1.518ns
    Clock Pessimism Removal (CPR):    0.502ns

    Location             Delay type                Incr(ns)  Path(ns)    Netlist Resource(s)
  -------------------------------------------------------------------    -------------------
                         (clock ClkPort rise edge)    0.000     0.000 r  
    E3                                                0.000     0.000 r  ClkPort (IN)
                         net (fo=0)                   0.000     0.000    BUFGP1/I
    E3                   IBUF (Prop_ibuf_I_O)         0.250     0.250 r  BUFGP1/IBUF/O
                         net (fo=1, routed)           0.644     0.894    BUFGP1/IBUFG_2_BUFG
    BUFGCTRL_X0Y16       BUFG (Prop_bufg_I_O)         0.026     0.920 r  BUFGP1/BUFG/O
                         net (fo=86, routed)          0.599     1.518    ee201_debouncer_1/board_clk
    SLICE_X6Y64          FDRE                                         r  ee201_debouncer_1/MCEN_count_reg[0]/C
  -------------------------------------------------------------------    -------------------
    SLICE_X6Y64          FDRE (Prop_fdre_C_Q)         0.164     1.682 r  ee201_debouncer_1/MCEN_count_reg[0]/Q
                         net (fo=6, routed)           0.106     1.789    ee201_debouncer_1/MCEN_count_reg_n_0_[0]
    SLICE_X7Y64          LUT6 (Prop_lut6_I3_O)        0.045     1.834 r  ee201_debouncer_1/MCEN_count[3]_i_2/O
                         net (fo=1, routed)           0.000     1.834    ee201_debouncer_1/MCEN_count[3]_i_2_n_0
    SLICE_X7Y64          FDRE                                         r  ee201_debouncer_1/MCEN_count_reg[3]/D
  -------------------------------------------------------------------    -------------------

                         (clock ClkPort rise edge)    0.000     0.000 r  
    E3                                                0.000     0.000 r  ClkPort (IN)
                         net (fo=0)                   0.000     0.000    BUFGP1/I
    E3                   IBUF (Prop_ibuf_I_O)         0.438     0.438 r  BUFGP1/IBUF/O
                         net (fo=1, routed)           0.699     1.136    BUFGP1/IBUFG_2_BUFG
    BUFGCTRL_X0Y16       BUFG (Prop_bufg_I_O)         0.029     1.165 r  BUFGP1/BUFG/O
                         net (fo=86, routed)          0.869     2.034    ee201_debouncer_1/board_clk
    SLICE_X7Y64          FDRE                                         r  ee201_debouncer_1/MCEN_count_reg[3]/C
                         clock pessimism             -0.502     1.531    
    SLICE_X7Y64          FDRE (Hold_fdre_C_D)         0.092     1.623    ee201_debouncer_1/MCEN_count_reg[3]
  -------------------------------------------------------------------
                         required time                         -1.623    
                         arrival time                           1.834    
  -------------------------------------------------------------------
                         slack                                  0.210    

Slack (MET) :             0.242ns  (arrival time - required time)
  Source:                 divider/Quotient_reg[4]/C
                            (rising edge-triggered cell FDRE clocked by ClkPort  {rise@0.000ns fall@5.000ns period=10.000ns})
  Destination:            divider/Quotient_reg[6]/D
                            (rising edge-triggered cell FDRE clocked by ClkPort  {rise@0.000ns fall@5.000ns period=10.000ns})
  Path Group:             ClkPort
  Path Type:              Hold (Min at Fast Process Corner)
  Requirement:            0.000ns  (ClkPort rise@0.000ns - ClkPort rise@0.000ns)
  Data Path Delay:        0.334ns  (logic 0.186ns (55.709%)  route 0.148ns (44.291%))
  Logic Levels:           1  (LUT6=1)
  Clock Path Skew:        0.000ns (DCD - SCD - CPR)
    Destination Clock Delay (DCD):    2.036ns
    Source Clock Delay      (SCD):    1.519ns
    Clock Pessimism Removal (CPR):    0.516ns

    Location             Delay type                Incr(ns)  Path(ns)    Netlist Resource(s)
  -------------------------------------------------------------------    -------------------
                         (clock ClkPort rise edge)    0.000     0.000 r  
    E3                                                0.000     0.000 r  ClkPort (IN)
                         net (fo=0)                   0.000     0.000    BUFGP1/I
    E3                   IBUF (Prop_ibuf_I_O)         0.250     0.250 r  BUFGP1/IBUF/O
                         net (fo=1, routed)           0.644     0.894    BUFGP1/IBUFG_2_BUFG
    BUFGCTRL_X0Y16       BUFG (Prop_bufg_I_O)         0.026     0.920 r  BUFGP1/BUFG/O
                         net (fo=86, routed)          0.600     1.519    divider/board_clk
    SLICE_X1Y65          FDRE                                         r  divider/Quotient_reg[4]/C
  -------------------------------------------------------------------    -------------------
    SLICE_X1Y65          FDRE (Prop_fdre_C_Q)         0.141     1.660 r  divider/Quotient_reg[4]/Q
                         net (fo=5, routed)           0.148     1.808    divider/Quotient_reg_n_0_[4]
    SLICE_X1Y65          LUT6 (Prop_lut6_I3_O)        0.045     1.853 r  divider/Quotient[6]_i_1/O
                         net (fo=1, routed)           0.000     1.853    divider/Quotient[6]
    SLICE_X1Y65          FDRE                                         r  divider/Quotient_reg[6]/D
  -------------------------------------------------------------------    -------------------

                         (clock ClkPort rise edge)    0.000     0.000 r  
    E3                                                0.000     0.000 r  ClkPort (IN)
                         net (fo=0)                   0.000     0.000    BUFGP1/I
    E3                   IBUF (Prop_ibuf_I_O)         0.438     0.438 r  BUFGP1/IBUF/O
                         net (fo=1, routed)           0.699     1.136    BUFGP1/IBUFG_2_BUFG
    BUFGCTRL_X0Y16       BUFG (Prop_bufg_I_O)         0.029     1.165 r  BUFGP1/BUFG/O
                         net (fo=86, routed)          0.871     2.036    divider/board_clk
    SLICE_X1Y65          FDRE                                         r  divider/Quotient_reg[6]/C
                         clock pessimism             -0.516     1.519    
    SLICE_X1Y65          FDRE (Hold_fdre_C_D)         0.092     1.611    divider/Quotient_reg[6]
  -------------------------------------------------------------------
                         required time                         -1.611    
                         arrival time                           1.853    
  -------------------------------------------------------------------
                         slack                                  0.242    

Slack (MET) :             0.252ns  (arrival time - required time)
  Source:                 ee201_debouncer_1/debounce_count_reg[12]/C
                            (rising edge-triggered cell FDRE clocked by ClkPort  {rise@0.000ns fall@5.000ns period=10.000ns})
  Destination:            ee201_debouncer_1/debounce_count_reg[12]/D
                            (rising edge-triggered cell FDRE clocked by ClkPort  {rise@0.000ns fall@5.000ns period=10.000ns})
  Path Group:             ClkPort
  Path Type:              Hold (Min at Fast Process Corner)
  Requirement:            0.000ns  (ClkPort rise@0.000ns - ClkPort rise@0.000ns)
  Data Path Delay:        0.357ns  (logic 0.249ns (69.714%)  route 0.108ns (30.286%))
  Logic Levels:           1  (CARRY4=1)
  Clock Path Skew:        0.000ns (DCD - SCD - CPR)
    Destination Clock Delay (DCD):    2.034ns
    Source Clock Delay      (SCD):    1.518ns
    Clock Pessimism Removal (CPR):    0.515ns

    Location             Delay type                Incr(ns)  Path(ns)    Netlist Resource(s)
  -------------------------------------------------------------------    -------------------
                         (clock ClkPort rise edge)    0.000     0.000 r  
    E3                                                0.000     0.000 r  ClkPort (IN)
                         net (fo=0)                   0.000     0.000    BUFGP1/I
    E3                   IBUF (Prop_ibuf_I_O)         0.250     0.250 r  BUFGP1/IBUF/O
                         net (fo=1, routed)           0.644     0.894    BUFGP1/IBUFG_2_BUFG
    BUFGCTRL_X0Y16       BUFG (Prop_bufg_I_O)         0.026     0.920 r  BUFGP1/BUFG/O
                         net (fo=86, routed)          0.599     1.518    ee201_debouncer_1/board_clk
    SLICE_X5Y63          FDRE                                         r  ee201_debouncer_1/debounce_count_reg[12]/C
  -------------------------------------------------------------------    -------------------
    SLICE_X5Y63          FDRE (Prop_fdre_C_Q)         0.141     1.659 r  ee201_debouncer_1/debounce_count_reg[12]/Q
                         net (fo=1, routed)           0.108     1.768    ee201_debouncer_1/debounce_count_reg_n_0_[12]
    SLICE_X5Y63          CARRY4 (Prop_carry4_S[3]_O[3])
                                                      0.108     1.876 r  ee201_debouncer_1/debounce_count0_carry__1/O[3]
                         net (fo=1, routed)           0.000     1.876    ee201_debouncer_1/debounce_count0_carry__1_n_4
    SLICE_X5Y63          FDRE                                         r  ee201_debouncer_1/debounce_count_reg[12]/D
  -------------------------------------------------------------------    -------------------

                         (clock ClkPort rise edge)    0.000     0.000 r  
    E3                                                0.000     0.000 r  ClkPort (IN)
                         net (fo=0)                   0.000     0.000    BUFGP1/I
    E3                   IBUF (Prop_ibuf_I_O)         0.438     0.438 r  BUFGP1/IBUF/O
                         net (fo=1, routed)           0.699     1.136    BUFGP1/IBUFG_2_BUFG
    BUFGCTRL_X0Y16       BUFG (Prop_bufg_I_O)         0.029     1.165 r  BUFGP1/BUFG/O
                         net (fo=86, routed)          0.869     2.034    ee201_debouncer_1/board_clk
    SLICE_X5Y63          FDRE                                         r  ee201_debouncer_1/debounce_count_reg[12]/C
                         clock pessimism             -0.515     1.518    
    SLICE_X5Y63          FDRE (Hold_fdre_C_D)         0.105     1.623    ee201_debouncer_1/debounce_count_reg[12]
  -------------------------------------------------------------------
                         required time                         -1.623    
                         arrival time                           1.876    
  -------------------------------------------------------------------
                         slack                                  0.252    

Slack (MET) :             0.252ns  (arrival time - required time)
  Source:                 ee201_debouncer_1/debounce_count_reg[16]/C
                            (rising edge-triggered cell FDRE clocked by ClkPort  {rise@0.000ns fall@5.000ns period=10.000ns})
  Destination:            ee201_debouncer_1/debounce_count_reg[16]/D
                            (rising edge-triggered cell FDRE clocked by ClkPort  {rise@0.000ns fall@5.000ns period=10.000ns})
  Path Group:             ClkPort
  Path Type:              Hold (Min at Fast Process Corner)
  Requirement:            0.000ns  (ClkPort rise@0.000ns - ClkPort rise@0.000ns)
  Data Path Delay:        0.357ns  (logic 0.249ns (69.714%)  route 0.108ns (30.286%))
  Logic Levels:           1  (CARRY4=1)
  Clock Path Skew:        0.000ns (DCD - SCD - CPR)
    Destination Clock Delay (DCD):    2.034ns
    Source Clock Delay      (SCD):    1.518ns
    Clock Pessimism Removal (CPR):    0.515ns

    Location             Delay type                Incr(ns)  Path(ns)    Netlist Resource(s)
  -------------------------------------------------------------------    -------------------
                         (clock ClkPort rise edge)    0.000     0.000 r  
    E3                                                0.000     0.000 r  ClkPort (IN)
                         net (fo=0)                   0.000     0.000    BUFGP1/I
    E3                   IBUF (Prop_ibuf_I_O)         0.250     0.250 r  BUFGP1/IBUF/O
                         net (fo=1, routed)           0.644     0.894    BUFGP1/IBUFG_2_BUFG
    BUFGCTRL_X0Y16       BUFG (Prop_bufg_I_O)         0.026     0.920 r  BUFGP1/BUFG/O
                         net (fo=86, routed)          0.599     1.518    ee201_debouncer_1/board_clk
    SLICE_X5Y64          FDRE                                         r  ee201_debouncer_1/debounce_count_reg[16]/C
  -------------------------------------------------------------------    -------------------
    SLICE_X5Y64          FDRE (Prop_fdre_C_Q)         0.141     1.659 r  ee201_debouncer_1/debounce_count_reg[16]/Q
                         net (fo=1, routed)           0.108     1.768    ee201_debouncer_1/debounce_count_reg_n_0_[16]
    SLICE_X5Y64          CARRY4 (Prop_carry4_S[3]_O[3])
                                                      0.108     1.876 r  ee201_debouncer_1/debounce_count0_carry__2/O[3]
                         net (fo=1, routed)           0.000     1.876    ee201_debouncer_1/debounce_count0_carry__2_n_4
    SLICE_X5Y64          FDRE                                         r  ee201_debouncer_1/debounce_count_reg[16]/D
  -------------------------------------------------------------------    -------------------

                         (clock ClkPort rise edge)    0.000     0.000 r  
    E3                                                0.000     0.000 r  ClkPort (IN)
                         net (fo=0)                   0.000     0.000    BUFGP1/I
    E3                   IBUF (Prop_ibuf_I_O)         0.438     0.438 r  BUFGP1/IBUF/O
                         net (fo=1, routed)           0.699     1.136    BUFGP1/IBUFG_2_BUFG
    BUFGCTRL_X0Y16       BUFG (Prop_bufg_I_O)         0.029     1.165 r  BUFGP1/BUFG/O
                         net (fo=86, routed)          0.869     2.034    ee201_debouncer_1/board_clk
    SLICE_X5Y64          FDRE                                         r  ee201_debouncer_1/debounce_count_reg[16]/C
                         clock pessimism             -0.515     1.518    
    SLICE_X5Y64          FDRE (Hold_fdre_C_D)         0.105     1.623    ee201_debouncer_1/debounce_count_reg[16]
  -------------------------------------------------------------------
                         required time                         -1.623    
                         arrival time                           1.876    
  -------------------------------------------------------------------
                         slack                                  0.252    

Slack (MET) :             0.252ns  (arrival time - required time)
  Source:                 ee201_debouncer_1/debounce_count_reg[20]/C
                            (rising edge-triggered cell FDRE clocked by ClkPort  {rise@0.000ns fall@5.000ns period=10.000ns})
  Destination:            ee201_debouncer_1/debounce_count_reg[20]/D
                            (rising edge-triggered cell FDRE clocked by ClkPort  {rise@0.000ns fall@5.000ns period=10.000ns})
  Path Group:             ClkPort
  Path Type:              Hold (Min at Fast Process Corner)
  Requirement:            0.000ns  (ClkPort rise@0.000ns - ClkPort rise@0.000ns)
  Data Path Delay:        0.357ns  (logic 0.249ns (69.714%)  route 0.108ns (30.286%))
  Logic Levels:           1  (CARRY4=1)
  Clock Path Skew:        0.000ns (DCD - SCD - CPR)
    Destination Clock Delay (DCD):    2.033ns
    Source Clock Delay      (SCD):    1.518ns
    Clock Pessimism Removal (CPR):    0.514ns

    Location             Delay type                Incr(ns)  Path(ns)    Netlist Resource(s)
  -------------------------------------------------------------------    -------------------
                         (clock ClkPort rise edge)    0.000     0.000 r  
    E3                                                0.000     0.000 r  ClkPort (IN)
                         net (fo=0)                   0.000     0.000    BUFGP1/I
    E3                   IBUF (Prop_ibuf_I_O)         0.250     0.250 r  BUFGP1/IBUF/O
                         net (fo=1, routed)           0.644     0.894    BUFGP1/IBUFG_2_BUFG
    BUFGCTRL_X0Y16       BUFG (Prop_bufg_I_O)         0.026     0.920 r  BUFGP1/BUFG/O
                         net (fo=86, routed)          0.599     1.518    ee201_debouncer_1/board_clk
    SLICE_X5Y65          FDRE                                         r  ee201_debouncer_1/debounce_count_reg[20]/C
  -------------------------------------------------------------------    -------------------
    SLICE_X5Y65          FDRE (Prop_fdre_C_Q)         0.141     1.659 r  ee201_debouncer_1/debounce_count_reg[20]/Q
                         net (fo=1, routed)           0.108     1.768    ee201_debouncer_1/debounce_count_reg_n_0_[20]
    SLICE_X5Y65          CARRY4 (Prop_carry4_S[3]_O[3])
                                                      0.108     1.876 r  ee201_debouncer_1/debounce_count0_carry__3/O[3]
                         net (fo=1, routed)           0.000     1.876    ee201_debouncer_1/debounce_count0_carry__3_n_4
    SLICE_X5Y65          FDRE                                         r  ee201_debouncer_1/debounce_count_reg[20]/D
  -------------------------------------------------------------------    -------------------

                         (clock ClkPort rise edge)    0.000     0.000 r  
    E3                                                0.000     0.000 r  ClkPort (IN)
                         net (fo=0)                   0.000     0.000    BUFGP1/I
    E3                   IBUF (Prop_ibuf_I_O)         0.438     0.438 r  BUFGP1/IBUF/O
                         net (fo=1, routed)           0.699     1.136    BUFGP1/IBUFG_2_BUFG
    BUFGCTRL_X0Y16       BUFG (Prop_bufg_I_O)         0.029     1.165 r  BUFGP1/BUFG/O
                         net (fo=86, routed)          0.868     2.033    ee201_debouncer_1/board_clk
    SLICE_X5Y65          FDRE                                         r  ee201_debouncer_1/debounce_count_reg[20]/C
                         clock pessimism             -0.514     1.518    
    SLICE_X5Y65          FDRE (Hold_fdre_C_D)         0.105     1.623    ee201_debouncer_1/debounce_count_reg[20]
  -------------------------------------------------------------------
                         required time                         -1.623    
                         arrival time                           1.876    
  -------------------------------------------------------------------
                         slack                                  0.252    

Slack (MET) :             0.252ns  (arrival time - required time)
  Source:                 ee201_debouncer_1/debounce_count_reg[4]/C
                            (rising edge-triggered cell FDRE clocked by ClkPort  {rise@0.000ns fall@5.000ns period=10.000ns})
  Destination:            ee201_debouncer_1/debounce_count_reg[4]/D
                            (rising edge-triggered cell FDRE clocked by ClkPort  {rise@0.000ns fall@5.000ns period=10.000ns})
  Path Group:             ClkPort
  Path Type:              Hold (Min at Fast Process Corner)
  Requirement:            0.000ns  (ClkPort rise@0.000ns - ClkPort rise@0.000ns)
  Data Path Delay:        0.357ns  (logic 0.249ns (69.714%)  route 0.108ns (30.286%))
  Logic Levels:           1  (CARRY4=1)
  Clock Path Skew:        0.000ns (DCD - SCD - CPR)
    Destination Clock Delay (DCD):    2.037ns
    Source Clock Delay      (SCD):    1.520ns
    Clock Pessimism Removal (CPR):    0.516ns

    Location             Delay type                Incr(ns)  Path(ns)    Netlist Resource(s)
  -------------------------------------------------------------------    -------------------
                         (clock ClkPort rise edge)    0.000     0.000 r  
    E3                                                0.000     0.000 r  ClkPort (IN)
                         net (fo=0)                   0.000     0.000    BUFGP1/I
    E3                   IBUF (Prop_ibuf_I_O)         0.250     0.250 r  BUFGP1/IBUF/O
                         net (fo=1, routed)           0.644     0.894    BUFGP1/IBUFG_2_BUFG
    BUFGCTRL_X0Y16       BUFG (Prop_bufg_I_O)         0.026     0.920 r  BUFGP1/BUFG/O
                         net (fo=86, routed)          0.601     1.520    ee201_debouncer_1/board_clk
    SLICE_X5Y61          FDRE                                         r  ee201_debouncer_1/debounce_count_reg[4]/C
  -------------------------------------------------------------------    -------------------
    SLICE_X5Y61          FDRE (Prop_fdre_C_Q)         0.141     1.661 r  ee201_debouncer_1/debounce_count_reg[4]/Q
                         net (fo=1, routed)           0.108     1.770    ee201_debouncer_1/debounce_count_reg_n_0_[4]
    SLICE_X5Y61          CARRY4 (Prop_carry4_S[3]_O[3])
                                                      0.108     1.878 r  ee201_debouncer_1/debounce_count0_carry/O[3]
                         net (fo=1, routed)           0.000     1.878    ee201_debouncer_1/debounce_count0_carry_n_4
    SLICE_X5Y61          FDRE                                         r  ee201_debouncer_1/debounce_count_reg[4]/D
  -------------------------------------------------------------------    -------------------

                         (clock ClkPort rise edge)    0.000     0.000 r  
    E3                                                0.000     0.000 r  ClkPort (IN)
                         net (fo=0)                   0.000     0.000    BUFGP1/I
    E3                   IBUF (Prop_ibuf_I_O)         0.438     0.438 r  BUFGP1/IBUF/O
                         net (fo=1, routed)           0.699     1.136    BUFGP1/IBUFG_2_BUFG
    BUFGCTRL_X0Y16       BUFG (Prop_bufg_I_O)         0.029     1.165 r  BUFGP1/BUFG/O
                         net (fo=86, routed)          0.872     2.037    ee201_debouncer_1/board_clk
    SLICE_X5Y61          FDRE                                         r  ee201_debouncer_1/debounce_count_reg[4]/C
                         clock pessimism             -0.516     1.520    
    SLICE_X5Y61          FDRE (Hold_fdre_C_D)         0.105     1.625    ee201_debouncer_1/debounce_count_reg[4]
  -------------------------------------------------------------------
                         required time                         -1.625    
                         arrival time                           1.878    
  -------------------------------------------------------------------
                         slack                                  0.252    

Slack (MET) :             0.252ns  (arrival time - required time)
  Source:                 ee201_debouncer_1/debounce_count_reg[8]/C
                            (rising edge-triggered cell FDRE clocked by ClkPort  {rise@0.000ns fall@5.000ns period=10.000ns})
  Destination:            ee201_debouncer_1/debounce_count_reg[8]/D
                            (rising edge-triggered cell FDRE clocked by ClkPort  {rise@0.000ns fall@5.000ns period=10.000ns})
  Path Group:             ClkPort
  Path Type:              Hold (Min at Fast Process Corner)
  Requirement:            0.000ns  (ClkPort rise@0.000ns - ClkPort rise@0.000ns)
  Data Path Delay:        0.357ns  (logic 0.249ns (69.714%)  route 0.108ns (30.286%))
  Logic Levels:           1  (CARRY4=1)
  Clock Path Skew:        0.000ns (DCD - SCD - CPR)
    Destination Clock Delay (DCD):    2.035ns
    Source Clock Delay      (SCD):    1.519ns
    Clock Pessimism Removal (CPR):    0.515ns

    Location             Delay type                Incr(ns)  Path(ns)    Netlist Resource(s)
  -------------------------------------------------------------------    -------------------
                         (clock ClkPort rise edge)    0.000     0.000 r  
    E3                                                0.000     0.000 r  ClkPort (IN)
                         net (fo=0)                   0.000     0.000    BUFGP1/I
    E3                   IBUF (Prop_ibuf_I_O)         0.250     0.250 r  BUFGP1/IBUF/O
                         net (fo=1, routed)           0.644     0.894    BUFGP1/IBUFG_2_BUFG
    BUFGCTRL_X0Y16       BUFG (Prop_bufg_I_O)         0.026     0.920 r  BUFGP1/BUFG/O
                         net (fo=86, routed)          0.600     1.519    ee201_debouncer_1/board_clk
    SLICE_X5Y62          FDRE                                         r  ee201_debouncer_1/debounce_count_reg[8]/C
  -------------------------------------------------------------------    -------------------
    SLICE_X5Y62          FDRE (Prop_fdre_C_Q)         0.141     1.660 r  ee201_debouncer_1/debounce_count_reg[8]/Q
                         net (fo=1, routed)           0.108     1.769    ee201_debouncer_1/debounce_count_reg_n_0_[8]
    SLICE_X5Y62          CARRY4 (Prop_carry4_S[3]_O[3])
                                                      0.108     1.877 r  ee201_debouncer_1/debounce_count0_carry__0/O[3]
                         net (fo=1, routed)           0.000     1.877    ee201_debouncer_1/debounce_count0_carry__0_n_4
    SLICE_X5Y62          FDRE                                         r  ee201_debouncer_1/debounce_count_reg[8]/D
  -------------------------------------------------------------------    -------------------

                         (clock ClkPort rise edge)    0.000     0.000 r  
    E3                                                0.000     0.000 r  ClkPort (IN)
                         net (fo=0)                   0.000     0.000    BUFGP1/I
    E3                   IBUF (Prop_ibuf_I_O)         0.438     0.438 r  BUFGP1/IBUF/O
                         net (fo=1, routed)           0.699     1.136    BUFGP1/IBUFG_2_BUFG
    BUFGCTRL_X0Y16       BUFG (Prop_bufg_I_O)         0.029     1.165 r  BUFGP1/BUFG/O
                         net (fo=86, routed)          0.870     2.035    ee201_debouncer_1/board_clk
    SLICE_X5Y62          FDRE                                         r  ee201_debouncer_1/debounce_count_reg[8]/C
                         clock pessimism             -0.515     1.519    
    SLICE_X5Y62          FDRE (Hold_fdre_C_D)         0.105     1.624    ee201_debouncer_1/debounce_count_reg[8]
  -------------------------------------------------------------------
                         required time                         -1.624    
                         arrival time                           1.877    
  -------------------------------------------------------------------
                         slack                                  0.252    





Pulse Width Checks
--------------------------------------------------------------------------------------
Clock Name:         ClkPort
Waveform(ns):       { 0.000 5.000 }
Period(ns):         10.000
Sources:            { ClkPort }

Check Type        Corner  Lib Pin  Reference Pin  Required(ns)  Actual(ns)  Slack(ns)  Location        Pin
Min Period        n/a     BUFG/I   n/a            2.155         10.000      7.845      BUFGCTRL_X0Y16  BUFGP1/BUFG/I
Min Period        n/a     FDCE/C   n/a            1.000         10.000      9.000      SLICE_X0Y67     DIV_CLK_reg[0]/C
Min Period        n/a     FDCE/C   n/a            1.000         10.000      9.000      SLICE_X0Y69     DIV_CLK_reg[10]/C
Min Period        n/a     FDCE/C   n/a            1.000         10.000      9.000      SLICE_X0Y69     DIV_CLK_reg[11]/C
Min Period        n/a     FDCE/C   n/a            1.000         10.000      9.000      SLICE_X0Y70     DIV_CLK_reg[12]/C
Min Period        n/a     FDCE/C   n/a            1.000         10.000      9.000      SLICE_X0Y70     DIV_CLK_reg[13]/C
Min Period        n/a     FDCE/C   n/a            1.000         10.000      9.000      SLICE_X0Y70     DIV_CLK_reg[14]/C
Min Period        n/a     FDCE/C   n/a            1.000         10.000      9.000      SLICE_X0Y70     DIV_CLK_reg[15]/C
Min Period        n/a     FDCE/C   n/a            1.000         10.000      9.000      SLICE_X0Y71     DIV_CLK_reg[16]/C
Min Period        n/a     FDCE/C   n/a            1.000         10.000      9.000      SLICE_X0Y71     DIV_CLK_reg[17]/C
Low Pulse Width   Slow    FDCE/C   n/a            0.500         5.000       4.500      SLICE_X0Y67     DIV_CLK_reg[0]/C
Low Pulse Width   Fast    FDCE/C   n/a            0.500         5.000       4.500      SLICE_X0Y67     DIV_CLK_reg[0]/C
Low Pulse Width   Slow    FDCE/C   n/a            0.500         5.000       4.500      SLICE_X0Y69     DIV_CLK_reg[10]/C
Low Pulse Width   Fast    FDCE/C   n/a            0.500         5.000       4.500      SLICE_X0Y69     DIV_CLK_reg[10]/C
Low Pulse Width   Slow    FDCE/C   n/a            0.500         5.000       4.500      SLICE_X0Y69     DIV_CLK_reg[11]/C
Low Pulse Width   Fast    FDCE/C   n/a            0.500         5.000       4.500      SLICE_X0Y69     DIV_CLK_reg[11]/C
Low Pulse Width   Slow    FDCE/C   n/a            0.500         5.000       4.500      SLICE_X0Y70     DIV_CLK_reg[12]/C
Low Pulse Width   Fast    FDCE/C   n/a            0.500         5.000       4.500      SLICE_X0Y70     DIV_CLK_reg[12]/C
Low Pulse Width   Slow    FDCE/C   n/a            0.500         5.000       4.500      SLICE_X0Y70     DIV_CLK_reg[13]/C
Low Pulse Width   Fast    FDCE/C   n/a            0.500         5.000       4.500      SLICE_X0Y70     DIV_CLK_reg[13]/C
High Pulse Width  Slow    FDCE/C   n/a            0.500         5.000       4.500      SLICE_X0Y67     DIV_CLK_reg[0]/C
High Pulse Width  Fast    FDCE/C   n/a            0.500         5.000       4.500      SLICE_X0Y67     DIV_CLK_reg[0]/C
High Pulse Width  Slow    FDCE/C   n/a            0.500         5.000       4.500      SLICE_X0Y69     DIV_CLK_reg[10]/C
High Pulse Width  Fast    FDCE/C   n/a            0.500         5.000       4.500      SLICE_X0Y69     DIV_CLK_reg[10]/C
High Pulse Width  Slow    FDCE/C   n/a            0.500         5.000       4.500      SLICE_X0Y69     DIV_CLK_reg[11]/C
High Pulse Width  Fast    FDCE/C   n/a            0.500         5.000       4.500      SLICE_X0Y69     DIV_CLK_reg[11]/C
High Pulse Width  Slow    FDCE/C   n/a            0.500         5.000       4.500      SLICE_X0Y70     DIV_CLK_reg[12]/C
High Pulse Width  Fast    FDCE/C   n/a            0.500         5.000       4.500      SLICE_X0Y70     DIV_CLK_reg[12]/C
High Pulse Width  Slow    FDCE/C   n/a            0.500         5.000       4.500      SLICE_X0Y70     DIV_CLK_reg[13]/C
High Pulse Width  Fast    FDCE/C   n/a            0.500         5.000       4.500      SLICE_X0Y70     DIV_CLK_reg[13]/C



--------------------------------------------------------------------------------------
Path Group:  (none)
From Clock:  
  To Clock:  

Max Delay            11 Endpoints
Min Delay            11 Endpoints
--------------------------------------------------------------------------------------


Max Delay Paths
--------------------------------------------------------------------------------------
Slack:                    inf
  Source:                 Sw12
                            (input port)
  Destination:            Cd
                            (output port)
  Path Group:             (none)
  Path Type:              Max at Slow Process Corner
  Data Path Delay:        14.554ns  (logic 5.657ns (38.868%)  route 8.897ns (61.132%))
  Logic Levels:           5  (IBUF=1 LUT4=1 LUT6=1 MUXF7=1 OBUF=1)
  Timing Exception:       False Path

    Location             Delay type                Incr(ns)  Path(ns)    Netlist Resource(s)
  -------------------------------------------------------------------    -------------------
    H6                                                0.000     0.000 r  Sw12 (IN)
                         net (fo=0)                   0.000     0.000    Sw12
    H6                   IBUF (Prop_ibuf_I_O)         1.467     1.467 r  Sw12_IBUF_inst/O
                         net (fo=2, routed)           4.731     6.197    divider/Sw12_IBUF
    SLICE_X1Y66          LUT6 (Prop_lut6_I1_O)        0.124     6.321 r  divider/Ca_OBUF_inst_i_13/O
                         net (fo=1, routed)           0.000     6.321    divider/Ca_OBUF_inst_i_13_n_0
    SLICE_X1Y66          MUXF7 (Prop_muxf7_I1_O)      0.217     6.538 r  divider/Ca_OBUF_inst_i_5/O
                         net (fo=7, routed)           0.897     7.435    divider/sel0[0]
    SLICE_X0Y66          LUT4 (Prop_lut4_I1_O)        0.299     7.734 r  divider/Cd_OBUF_inst_i_1/O
                         net (fo=1, routed)           3.270    11.004    Cd_OBUF
    K13                  OBUF (Prop_obuf_I_O)         3.550    14.554 r  Cd_OBUF_inst/O
                         net (fo=0)                   0.000    14.554    Cd
    K13                                                               r  Cd (OUT)
  -------------------------------------------------------------------    -------------------

Slack:                    inf
  Source:                 Sw12
                            (input port)
  Destination:            Cc
                            (output port)
  Path Group:             (none)
  Path Type:              Max at Slow Process Corner
  Data Path Delay:        13.717ns  (logic 5.600ns (40.822%)  route 8.118ns (59.178%))
  Logic Levels:           5  (IBUF=1 LUT4=1 LUT6=1 MUXF7=1 OBUF=1)
  Timing Exception:       False Path

    Location             Delay type                Incr(ns)  Path(ns)    Netlist Resource(s)
  -------------------------------------------------------------------    -------------------
    H6                                                0.000     0.000 f  Sw12 (IN)
                         net (fo=0)                   0.000     0.000    Sw12
    H6                   IBUF (Prop_ibuf_I_O)         1.467     1.467 f  Sw12_IBUF_inst/O
                         net (fo=2, routed)           4.731     6.197    divider/Sw12_IBUF
    SLICE_X1Y66          LUT6 (Prop_lut6_I1_O)        0.124     6.321 f  divider/Ca_OBUF_inst_i_13/O
                         net (fo=1, routed)           0.000     6.321    divider/Ca_OBUF_inst_i_13_n_0
    SLICE_X1Y66          MUXF7 (Prop_muxf7_I1_O)      0.217     6.538 f  divider/Ca_OBUF_inst_i_5/O
                         net (fo=7, routed)           0.904     7.442    divider/sel0[0]
    SLICE_X0Y66          LUT4 (Prop_lut4_I0_O)        0.299     7.741 r  divider/Cc_OBUF_inst_i_1/O
                         net (fo=1, routed)           2.483    10.224    Cc_OBUF
    K16                  OBUF (Prop_obuf_I_O)         3.493    13.717 r  Cc_OBUF_inst/O
                         net (fo=0)                   0.000    13.717    Cc
    K16                                                               r  Cc (OUT)
  -------------------------------------------------------------------    -------------------

Slack:                    inf
  Source:                 Sw12
                            (input port)
  Destination:            Cg
                            (output port)
  Path Group:             (none)
  Path Type:              Max at Slow Process Corner
  Data Path Delay:        13.697ns  (logic 5.843ns (42.658%)  route 7.854ns (57.342%))
  Logic Levels:           5  (IBUF=1 LUT4=1 LUT6=1 MUXF7=1 OBUF=1)
  Timing Exception:       False Path

    Location             Delay type                Incr(ns)  Path(ns)    Netlist Resource(s)
  -------------------------------------------------------------------    -------------------
    H6                                                0.000     0.000 r  Sw12 (IN)
                         net (fo=0)                   0.000     0.000    Sw12
    H6                   IBUF (Prop_ibuf_I_O)         1.467     1.467 r  Sw12_IBUF_inst/O
                         net (fo=2, routed)           4.731     6.197    divider/Sw12_IBUF
    SLICE_X1Y66          LUT6 (Prop_lut6_I1_O)        0.124     6.321 r  divider/Ca_OBUF_inst_i_13/O
                         net (fo=1, routed)           0.000     6.321    divider/Ca_OBUF_inst_i_13_n_0
    SLICE_X1Y66          MUXF7 (Prop_muxf7_I1_O)      0.217     6.538 r  divider/Ca_OBUF_inst_i_5/O
                         net (fo=7, routed)           0.510     7.048    divider/sel0[0]
    SLICE_X0Y66          LUT4 (Prop_lut4_I1_O)        0.295     7.343 r  divider/Cg_OBUF_inst_i_1/O
                         net (fo=1, routed)           2.614     9.957    Cg_OBUF
    L18                  OBUF (Prop_obuf_I_O)         3.740    13.697 r  Cg_OBUF_inst/O
                         net (fo=0)                   0.000    13.697    Cg
    L18                                                               r  Cg (OUT)
  -------------------------------------------------------------------    -------------------

Slack:                    inf
  Source:                 Sw12
                            (input port)
  Destination:            Cb
                            (output port)
  Path Group:             (none)
  Path Type:              Max at Slow Process Corner
  Data Path Delay:        13.655ns  (logic 5.892ns (43.149%)  route 7.763ns (56.851%))
  Logic Levels:           5  (IBUF=1 LUT4=1 LUT6=1 MUXF7=1 OBUF=1)
  Timing Exception:       False Path

    Location             Delay type                Incr(ns)  Path(ns)    Netlist Resource(s)
  -------------------------------------------------------------------    -------------------
    H6                                                0.000     0.000 r  Sw12 (IN)
                         net (fo=0)                   0.000     0.000    Sw12
    H6                   IBUF (Prop_ibuf_I_O)         1.467     1.467 r  Sw12_IBUF_inst/O
                         net (fo=2, routed)           4.731     6.197    divider/Sw12_IBUF
    SLICE_X1Y66          LUT6 (Prop_lut6_I1_O)        0.124     6.321 r  divider/Ca_OBUF_inst_i_13/O
                         net (fo=1, routed)           0.000     6.321    divider/Ca_OBUF_inst_i_13_n_0
    SLICE_X1Y66          MUXF7 (Prop_muxf7_I1_O)      0.217     6.538 r  divider/Ca_OBUF_inst_i_5/O
                         net (fo=7, routed)           0.904     7.442    divider/sel0[0]
    SLICE_X0Y66          LUT4 (Prop_lut4_I0_O)        0.327     7.769 r  divider/Cb_OBUF_inst_i_1/O
                         net (fo=1, routed)           2.128     9.898    Cb_OBUF
    R10                  OBUF (Prop_obuf_I_O)         3.757    13.655 r  Cb_OBUF_inst/O
                         net (fo=0)                   0.000    13.655    Cb
    R10                                                               r  Cb (OUT)
  -------------------------------------------------------------------    -------------------

Slack:                    inf
  Source:                 Sw12
                            (input port)
  Destination:            Ce
                            (output port)
  Path Group:             (none)
  Path Type:              Max at Slow Process Corner
  Data Path Delay:        13.529ns  (logic 5.876ns (43.434%)  route 7.653ns (56.566%))
  Logic Levels:           5  (IBUF=1 LUT4=1 LUT6=1 MUXF7=1 OBUF=1)
  Timing Exception:       False Path

    Location             Delay type                Incr(ns)  Path(ns)    Netlist Resource(s)
  -------------------------------------------------------------------    -------------------
    H6                                                0.000     0.000 r  Sw12 (IN)
                         net (fo=0)                   0.000     0.000    Sw12
    H6                   IBUF (Prop_ibuf_I_O)         1.467     1.467 r  Sw12_IBUF_inst/O
                         net (fo=2, routed)           4.731     6.197    divider/Sw12_IBUF
    SLICE_X1Y66          LUT6 (Prop_lut6_I1_O)        0.124     6.321 r  divider/Ca_OBUF_inst_i_13/O
                         net (fo=1, routed)           0.000     6.321    divider/Ca_OBUF_inst_i_13_n_0
    SLICE_X1Y66          MUXF7 (Prop_muxf7_I1_O)      0.217     6.538 r  divider/Ca_OBUF_inst_i_5/O
                         net (fo=7, routed)           0.897     7.435    divider/sel0[0]
    SLICE_X0Y66          LUT4 (Prop_lut4_I0_O)        0.327     7.762 r  divider/Ce_OBUF_inst_i_1/O
                         net (fo=1, routed)           2.025     9.787    Ce_OBUF
    P15                  OBUF (Prop_obuf_I_O)         3.742    13.529 r  Ce_OBUF_inst/O
                         net (fo=0)                   0.000    13.529    Ce
    P15                                                               r  Ce (OUT)
  -------------------------------------------------------------------    -------------------

Slack:                    inf
  Source:                 Sw12
                            (input port)
  Destination:            Ca
                            (output port)
  Path Group:             (none)
  Path Type:              Max at Slow Process Corner
  Data Path Delay:        13.363ns  (logic 5.684ns (42.532%)  route 7.680ns (57.468%))
  Logic Levels:           5  (IBUF=1 LUT4=1 LUT6=1 MUXF7=1 OBUF=1)
  Timing Exception:       False Path

    Location             Delay type                Incr(ns)  Path(ns)    Netlist Resource(s)
  -------------------------------------------------------------------    -------------------
    H6                                                0.000     0.000 r  Sw12 (IN)
                         net (fo=0)                   0.000     0.000    Sw12
    H6                   IBUF (Prop_ibuf_I_O)         1.467     1.467 r  Sw12_IBUF_inst/O
                         net (fo=2, routed)           4.731     6.197    divider/Sw12_IBUF
    SLICE_X1Y66          LUT6 (Prop_lut6_I1_O)        0.124     6.321 r  divider/Ca_OBUF_inst_i_13/O
                         net (fo=1, routed)           0.000     6.321    divider/Ca_OBUF_inst_i_13_n_0
    SLICE_X1Y66          MUXF7 (Prop_muxf7_I1_O)      0.217     6.538 r  divider/Ca_OBUF_inst_i_5/O
                         net (fo=7, routed)           0.676     7.214    divider/sel0[0]
    SLICE_X0Y66          LUT4 (Prop_lut4_I3_O)        0.299     7.513 r  divider/Ca_OBUF_inst_i_1/O
                         net (fo=1, routed)           2.274     9.786    Ca_OBUF
    T10                  OBUF (Prop_obuf_I_O)         3.577    13.363 r  Ca_OBUF_inst/O
                         net (fo=0)                   0.000    13.363    Ca
    T10                                                               r  Ca (OUT)
  -------------------------------------------------------------------    -------------------

Slack:                    inf
  Source:                 Sw12
                            (input port)
  Destination:            Cf
                            (output port)
  Path Group:             (none)
  Path Type:              Max at Slow Process Corner
  Data Path Delay:        12.622ns  (logic 5.667ns (44.900%)  route 6.955ns (55.100%))
  Logic Levels:           5  (IBUF=1 LUT4=1 LUT6=1 MUXF7=1 OBUF=1)
  Timing Exception:       False Path

    Location             Delay type                Incr(ns)  Path(ns)    Netlist Resource(s)
  -------------------------------------------------------------------    -------------------
    H6                                                0.000     0.000 r  Sw12 (IN)
                         net (fo=0)                   0.000     0.000    Sw12
    H6                   IBUF (Prop_ibuf_I_O)         1.467     1.467 r  Sw12_IBUF_inst/O
                         net (fo=2, routed)           4.731     6.197    divider/Sw12_IBUF
    SLICE_X1Y66          LUT6 (Prop_lut6_I1_O)        0.124     6.321 r  divider/Ca_OBUF_inst_i_13/O
                         net (fo=1, routed)           0.000     6.321    divider/Ca_OBUF_inst_i_13_n_0
    SLICE_X1Y66          MUXF7 (Prop_muxf7_I1_O)      0.217     6.538 r  divider/Ca_OBUF_inst_i_5/O
                         net (fo=7, routed)           0.510     7.048    divider/sel0[0]
    SLICE_X0Y66          LUT4 (Prop_lut4_I3_O)        0.299     7.347 r  divider/Cf_OBUF_inst_i_1/O
                         net (fo=1, routed)           1.714     9.061    Cf_OBUF
    T11                  OBUF (Prop_obuf_I_O)         3.561    12.622 r  Cf_OBUF_inst/O
                         net (fo=0)                   0.000    12.622    Cf
    T11                                                               r  Cf (OUT)
  -------------------------------------------------------------------    -------------------

Slack:                    inf
  Source:                 BtnD
                            (input port)
  Destination:            Ld0
                            (output port)
  Path Group:             (none)
  Path Type:              Max at Slow Process Corner
  Data Path Delay:        8.055ns  (logic 5.000ns (62.078%)  route 3.055ns (37.922%))
  Logic Levels:           2  (IBUF=1 OBUF=1)
  Timing Exception:       False Path

    Location             Delay type                Incr(ns)  Path(ns)    Netlist Resource(s)
  -------------------------------------------------------------------    -------------------
    P18                                               0.000     0.000 r  BtnD (IN)
                         net (fo=0)                   0.000     0.000    BtnD
    P18                  IBUF (Prop_ibuf_I_O)         1.480     1.480 r  BtnD_IBUF_inst/O
                         net (fo=1, routed)           3.055     4.535    Ld0_OBUF
    H17                  OBUF (Prop_obuf_I_O)         3.520     8.055 r  Ld0_OBUF_inst/O
                         net (fo=0)                   0.000     8.055    Ld0
    H17                                                               r  Ld0 (OUT)
  -------------------------------------------------------------------    -------------------

Slack:                    inf
  Source:                 BtnR
                            (input port)
  Destination:            Ld1
                            (output port)
  Path Group:             (none)
  Path Type:              Max at Slow Process Corner
  Data Path Delay:        7.741ns  (logic 5.003ns (64.630%)  route 2.738ns (35.370%))
  Logic Levels:           2  (IBUF=1 OBUF=1)
  Timing Exception:       False Path

    Location             Delay type                Incr(ns)  Path(ns)    Netlist Resource(s)
  -------------------------------------------------------------------    -------------------
    M17                                               0.000     0.000 r  BtnR (IN)
                         net (fo=0)                   0.000     0.000    BtnR
    M17                  IBUF (Prop_ibuf_I_O)         1.467     1.467 r  BtnR_IBUF_inst/O
                         net (fo=2, routed)           2.738     4.205    Ld1_OBUF
    K15                  OBUF (Prop_obuf_I_O)         3.535     7.741 r  Ld1_OBUF_inst/O
                         net (fo=0)                   0.000     7.741    Ld1
    K15                                                               r  Ld1 (OUT)
  -------------------------------------------------------------------    -------------------

Slack:                    inf
  Source:                 BtnU
                            (input port)
  Destination:            Ld2
                            (output port)
  Path Group:             (none)
  Path Type:              Max at Slow Process Corner
  Data Path Delay:        7.707ns  (logic 5.038ns (65.373%)  route 2.669ns (34.627%))
  Logic Levels:           2  (IBUF=1 OBUF=1)
  Timing Exception:       False Path

    Location             Delay type                Incr(ns)  Path(ns)    Netlist Resource(s)
  -------------------------------------------------------------------    -------------------
    M18                                               0.000     0.000 r  BtnU (IN)
                         net (fo=0)                   0.000     0.000    BtnU
    M18                  IBUF (Prop_ibuf_I_O)         1.486     1.486 r  BtnU_IBUF_inst/O
                         net (fo=12, routed)          2.669     4.155    Ld2_OBUF
    J13                  OBUF (Prop_obuf_I_O)         3.553     7.707 r  Ld2_OBUF_inst/O
                         net (fo=0)                   0.000     7.707    Ld2
    J13                                                               r  Ld2 (OUT)
  -------------------------------------------------------------------    -------------------





Min Delay Paths
--------------------------------------------------------------------------------------
Slack:                    inf
  Source:                 BtnL
                            (input port)
  Destination:            Ld3
                            (output port)
  Path Group:             (none)
  Path Type:              Min at Fast Process Corner
  Data Path Delay:        1.971ns  (logic 1.507ns (76.462%)  route 0.464ns (23.538%))
  Logic Levels:           2  (IBUF=1 OBUF=1)
  Timing Exception:       False Path

    Location             Delay type                Incr(ns)  Path(ns)    Netlist Resource(s)
  -------------------------------------------------------------------    -------------------
    P17                                               0.000     0.000 r  BtnL (IN)
                         net (fo=0)                   0.000     0.000    BtnL
    P17                  IBUF (Prop_ibuf_I_O)         0.256     0.256 r  BtnL_IBUF_inst/O
                         net (fo=2, routed)           0.464     0.720    Ld3_OBUF
    N14                  OBUF (Prop_obuf_I_O)         1.251     1.971 r  Ld3_OBUF_inst/O
                         net (fo=0)                   0.000     1.971    Ld3
    N14                                                               r  Ld3 (OUT)
  -------------------------------------------------------------------    -------------------

Slack:                    inf
  Source:                 BtnU
                            (input port)
  Destination:            Ld2
                            (output port)
  Path Group:             (none)
  Path Type:              Min at Fast Process Corner
  Data Path Delay:        2.168ns  (logic 1.507ns (69.516%)  route 0.661ns (30.484%))
  Logic Levels:           2  (IBUF=1 OBUF=1)
  Timing Exception:       False Path

    Location             Delay type                Incr(ns)  Path(ns)    Netlist Resource(s)
  -------------------------------------------------------------------    -------------------
    M18                                               0.000     0.000 r  BtnU (IN)
                         net (fo=0)                   0.000     0.000    BtnU
    M18                  IBUF (Prop_ibuf_I_O)         0.254     0.254 r  BtnU_IBUF_inst/O
                         net (fo=12, routed)          0.661     0.914    Ld2_OBUF
    J13                  OBUF (Prop_obuf_I_O)         1.253     2.168 r  Ld2_OBUF_inst/O
                         net (fo=0)                   0.000     2.168    Ld2
    J13                                                               r  Ld2 (OUT)
  -------------------------------------------------------------------    -------------------

Slack:                    inf
  Source:                 BtnR
                            (input port)
  Destination:            Ld1
                            (output port)
  Path Group:             (none)
  Path Type:              Min at Fast Process Corner
  Data Path Delay:        2.171ns  (logic 1.472ns (67.771%)  route 0.700ns (32.229%))
  Logic Levels:           2  (IBUF=1 OBUF=1)
  Timing Exception:       False Path

    Location             Delay type                Incr(ns)  Path(ns)    Netlist Resource(s)
  -------------------------------------------------------------------    -------------------
    M17                                               0.000     0.000 r  BtnR (IN)
                         net (fo=0)                   0.000     0.000    BtnR
    M17                  IBUF (Prop_ibuf_I_O)         0.235     0.235 r  BtnR_IBUF_inst/O
                         net (fo=2, routed)           0.700     0.935    Ld1_OBUF
    K15                  OBUF (Prop_obuf_I_O)         1.236     2.171 r  Ld1_OBUF_inst/O
                         net (fo=0)                   0.000     2.171    Ld1
    K15                                                               r  Ld1 (OUT)
  -------------------------------------------------------------------    -------------------

Slack:                    inf
  Source:                 BtnD
                            (input port)
  Destination:            Ld0
                            (output port)
  Path Group:             (none)
  Path Type:              Min at Fast Process Corner
  Data Path Delay:        2.309ns  (logic 1.469ns (63.635%)  route 0.840ns (36.365%))
  Logic Levels:           2  (IBUF=1 OBUF=1)
  Timing Exception:       False Path

    Location             Delay type                Incr(ns)  Path(ns)    Netlist Resource(s)
  -------------------------------------------------------------------    -------------------
    P18                                               0.000     0.000 r  BtnD (IN)
                         net (fo=0)                   0.000     0.000    BtnD
    P18                  IBUF (Prop_ibuf_I_O)         0.248     0.248 r  BtnD_IBUF_inst/O
                         net (fo=1, routed)           0.840     1.087    Ld0_OBUF
    H17                  OBUF (Prop_obuf_I_O)         1.221     2.309 r  Ld0_OBUF_inst/O
                         net (fo=0)                   0.000     2.309    Ld0
    H17                                                               r  Ld0 (OUT)
  -------------------------------------------------------------------    -------------------

Slack:                    inf
  Source:                 Sw6
                            (input port)
  Destination:            Cf
                            (output port)
  Path Group:             (none)
  Path Type:              Min at Fast Process Corner
  Data Path Delay:        2.721ns  (logic 1.741ns (63.989%)  route 0.980ns (36.011%))
  Logic Levels:           5  (IBUF=1 LUT4=1 LUT6=1 MUXF7=1 OBUF=1)
  Timing Exception:       False Path

    Location             Delay type                Incr(ns)  Path(ns)    Netlist Resource(s)
  -------------------------------------------------------------------    -------------------
    U18                                               0.000     0.000 r  Sw6 (IN)
                         net (fo=0)                   0.000     0.000    Sw6
    U18                  IBUF (Prop_ibuf_I_O)         0.262     0.262 r  Sw6_IBUF_inst/O
                         net (fo=2, routed)           0.404     0.666    divider/D[6]
    SLICE_X1Y65          LUT6 (Prop_lut6_I0_O)        0.045     0.711 r  divider/Ca_OBUF_inst_i_7/O
                         net (fo=1, routed)           0.000     0.711    divider/Ca_OBUF_inst_i_7_n_0
    SLICE_X1Y65          MUXF7 (Prop_muxf7_I1_O)      0.065     0.776 r  divider/Ca_OBUF_inst_i_2/O
                         net (fo=7, routed)           0.221     0.997    divider/sel0[2]
    SLICE_X0Y66          LUT4 (Prop_lut4_I1_O)        0.108     1.105 r  divider/Cf_OBUF_inst_i_1/O
                         net (fo=1, routed)           0.354     1.460    Cf_OBUF
    T11                  OBUF (Prop_obuf_I_O)         1.261     2.721 r  Cf_OBUF_inst/O
                         net (fo=0)                   0.000     2.721    Cf
    T11                                                               r  Cf (OUT)
  -------------------------------------------------------------------    -------------------

Slack:                    inf
  Source:                 Sw6
                            (input port)
  Destination:            Ce
                            (output port)
  Path Group:             (none)
  Path Type:              Min at Fast Process Corner
  Data Path Delay:        2.908ns  (logic 1.785ns (61.387%)  route 1.123ns (38.613%))
  Logic Levels:           5  (IBUF=1 LUT4=1 LUT6=1 MUXF7=1 OBUF=1)
  Timing Exception:       False Path

    Location             Delay type                Incr(ns)  Path(ns)    Netlist Resource(s)
  -------------------------------------------------------------------    -------------------
    U18                                               0.000     0.000 r  Sw6 (IN)
                         net (fo=0)                   0.000     0.000    Sw6
    U18                  IBUF (Prop_ibuf_I_O)         0.262     0.262 r  Sw6_IBUF_inst/O
                         net (fo=2, routed)           0.404     0.666    divider/D[6]
    SLICE_X1Y65          LUT6 (Prop_lut6_I0_O)        0.045     0.711 r  divider/Ca_OBUF_inst_i_7/O
                         net (fo=1, routed)           0.000     0.711    divider/Ca_OBUF_inst_i_7_n_0
    SLICE_X1Y65          MUXF7 (Prop_muxf7_I1_O)      0.065     0.776 r  divider/Ca_OBUF_inst_i_2/O
                         net (fo=7, routed)           0.247     1.024    divider/sel0[2]
    SLICE_X0Y66          LUT4 (Prop_lut4_I3_O)        0.112     1.136 r  divider/Ce_OBUF_inst_i_1/O
                         net (fo=1, routed)           0.471     1.607    Ce_OBUF
    P15                  OBUF (Prop_obuf_I_O)         1.301     2.908 r  Ce_OBUF_inst/O
                         net (fo=0)                   0.000     2.908    Ce
    P15                                                               r  Ce (OUT)
  -------------------------------------------------------------------    -------------------

Slack:                    inf
  Source:                 Sw6
                            (input port)
  Destination:            Ca
                            (output port)
  Path Group:             (none)
  Path Type:              Min at Fast Process Corner
  Data Path Delay:        2.956ns  (logic 1.757ns (59.451%)  route 1.199ns (40.549%))
  Logic Levels:           5  (IBUF=1 LUT4=1 LUT6=1 MUXF7=1 OBUF=1)
  Timing Exception:       False Path

    Location             Delay type                Incr(ns)  Path(ns)    Netlist Resource(s)
  -------------------------------------------------------------------    -------------------
    U18                                               0.000     0.000 r  Sw6 (IN)
                         net (fo=0)                   0.000     0.000    Sw6
    U18                  IBUF (Prop_ibuf_I_O)         0.262     0.262 r  Sw6_IBUF_inst/O
                         net (fo=2, routed)           0.404     0.666    divider/D[6]
    SLICE_X1Y65          LUT6 (Prop_lut6_I0_O)        0.045     0.711 r  divider/Ca_OBUF_inst_i_7/O
                         net (fo=1, routed)           0.000     0.711    divider/Ca_OBUF_inst_i_7_n_0
    SLICE_X1Y65          MUXF7 (Prop_muxf7_I1_O)      0.065     0.776 r  divider/Ca_OBUF_inst_i_2/O
                         net (fo=7, routed)           0.215     0.991    divider/sel0[2]
    SLICE_X0Y66          LUT4 (Prop_lut4_I0_O)        0.108     1.099 r  divider/Ca_OBUF_inst_i_1/O
                         net (fo=1, routed)           0.580     1.678    Ca_OBUF
    T10                  OBUF (Prop_obuf_I_O)         1.277     2.956 r  Ca_OBUF_inst/O
                         net (fo=0)                   0.000     2.956    Ca
    T10                                                               r  Ca (OUT)
  -------------------------------------------------------------------    -------------------

Slack:                    inf
  Source:                 Sw6
                            (input port)
  Destination:            Cb
                            (output port)
  Path Group:             (none)
  Path Type:              Min at Fast Process Corner
  Data Path Delay:        2.984ns  (logic 1.801ns (60.352%)  route 1.183ns (39.648%))
  Logic Levels:           5  (IBUF=1 LUT4=1 LUT6=1 MUXF7=1 OBUF=1)
  Timing Exception:       False Path

    Location             Delay type                Incr(ns)  Path(ns)    Netlist Resource(s)
  -------------------------------------------------------------------    -------------------
    U18                                               0.000     0.000 r  Sw6 (IN)
                         net (fo=0)                   0.000     0.000    Sw6
    U18                  IBUF (Prop_ibuf_I_O)         0.262     0.262 r  Sw6_IBUF_inst/O
                         net (fo=2, routed)           0.404     0.666    divider/D[6]
    SLICE_X1Y65          LUT6 (Prop_lut6_I0_O)        0.045     0.711 r  divider/Ca_OBUF_inst_i_7/O
                         net (fo=1, routed)           0.000     0.711    divider/Ca_OBUF_inst_i_7_n_0
    SLICE_X1Y65          MUXF7 (Prop_muxf7_I1_O)      0.065     0.776 r  divider/Ca_OBUF_inst_i_2/O
                         net (fo=7, routed)           0.246     1.023    divider/sel0[2]
    SLICE_X0Y66          LUT4 (Prop_lut4_I3_O)        0.111     1.134 r  divider/Cb_OBUF_inst_i_1/O
                         net (fo=1, routed)           0.532     1.666    Cb_OBUF
    R10                  OBUF (Prop_obuf_I_O)         1.318     2.984 r  Cb_OBUF_inst/O
                         net (fo=0)                   0.000     2.984    Cb
    R10                                                               r  Cb (OUT)
  -------------------------------------------------------------------    -------------------

Slack:                    inf
  Source:                 Sw6
                            (input port)
  Destination:            Cc
                            (output port)
  Path Group:             (none)
  Path Type:              Min at Fast Process Corner
  Data Path Delay:        2.986ns  (logic 1.674ns (56.073%)  route 1.311ns (43.927%))
  Logic Levels:           5  (IBUF=1 LUT4=1 LUT6=1 MUXF7=1 OBUF=1)
  Timing Exception:       False Path

    Location             Delay type                Incr(ns)  Path(ns)    Netlist Resource(s)
  -------------------------------------------------------------------    -------------------
    U18                                               0.000     0.000 r  Sw6 (IN)
                         net (fo=0)                   0.000     0.000    Sw6
    U18                  IBUF (Prop_ibuf_I_O)         0.262     0.262 r  Sw6_IBUF_inst/O
                         net (fo=2, routed)           0.404     0.666    divider/D[6]
    SLICE_X1Y65          LUT6 (Prop_lut6_I0_O)        0.045     0.711 r  divider/Ca_OBUF_inst_i_7/O
                         net (fo=1, routed)           0.000     0.711    divider/Ca_OBUF_inst_i_7_n_0
    SLICE_X1Y65          MUXF7 (Prop_muxf7_I1_O)      0.065     0.776 r  divider/Ca_OBUF_inst_i_2/O
                         net (fo=7, routed)           0.246     1.023    divider/sel0[2]
    SLICE_X0Y66          LUT4 (Prop_lut4_I1_O)        0.108     1.131 r  divider/Cc_OBUF_inst_i_1/O
                         net (fo=1, routed)           0.661     1.791    Cc_OBUF
    K16                  OBUF (Prop_obuf_I_O)         1.194     2.986 r  Cc_OBUF_inst/O
                         net (fo=0)                   0.000     2.986    Cc
    K16                                                               r  Cc (OUT)
  -------------------------------------------------------------------    -------------------

Slack:                    inf
  Source:                 Sw6
                            (input port)
  Destination:            Cg
                            (output port)
  Path Group:             (none)
  Path Type:              Min at Fast Process Corner
  Data Path Delay:        3.161ns  (logic 1.783ns (56.396%)  route 1.379ns (43.604%))
  Logic Levels:           5  (IBUF=1 LUT4=1 LUT6=1 MUXF7=1 OBUF=1)
  Timing Exception:       False Path

    Location             Delay type                Incr(ns)  Path(ns)    Netlist Resource(s)
  -------------------------------------------------------------------    -------------------
    U18                                               0.000     0.000 r  Sw6 (IN)
                         net (fo=0)                   0.000     0.000    Sw6
    U18                  IBUF (Prop_ibuf_I_O)         0.262     0.262 r  Sw6_IBUF_inst/O
                         net (fo=2, routed)           0.404     0.666    divider/D[6]
    SLICE_X1Y65          LUT6 (Prop_lut6_I0_O)        0.045     0.711 r  divider/Ca_OBUF_inst_i_7/O
                         net (fo=1, routed)           0.000     0.711    divider/Ca_OBUF_inst_i_7_n_0
    SLICE_X1Y65          MUXF7 (Prop_muxf7_I1_O)      0.065     0.776 r  divider/Ca_OBUF_inst_i_2/O
                         net (fo=7, routed)           0.221     0.997    divider/sel0[2]
    SLICE_X0Y66          LUT4 (Prop_lut4_I3_O)        0.108     1.105 r  divider/Cg_OBUF_inst_i_1/O
                         net (fo=1, routed)           0.753     1.858    Cg_OBUF
    L18                  OBUF (Prop_obuf_I_O)         1.303     3.161 r  Cg_OBUF_inst/O
                         net (fo=0)                   0.000     3.161    Cg
    L18                                                               r  Cg (OUT)
  -------------------------------------------------------------------    -------------------





--------------------------------------------------------------------------------------
Path Group:  (none)
From Clock:  ClkPort
  To Clock:  

Max Delay            19 Endpoints
Min Delay            19 Endpoints
--------------------------------------------------------------------------------------


Max Delay Paths
--------------------------------------------------------------------------------------
Slack:                    inf
  Source:                 DIV_CLK_reg[19]/C
                            (rising edge-triggered cell FDCE clocked by ClkPort  {rise@0.000ns fall@5.000ns period=10.000ns})
  Destination:            An6
                            (output port)
  Path Group:             (none)
  Path Type:              Max at Slow Process Corner
  Data Path Delay:        10.412ns  (logic 4.328ns (41.562%)  route 6.085ns (58.438%))
  Logic Levels:           2  (LUT3=1 OBUF=1)
  Clock Uncertainty:      0.025ns  ((TSJ^2 + TIJ^2)^1/2 + DJ) / 2 + PE
    Total System Jitter     (TSJ):    0.050ns
    Total Input Jitter      (TIJ):    0.000ns
    Discrete Jitter          (DJ):    0.000ns
    Phase Error              (PE):    0.000ns
  Timing Exception:       False Path

    Location             Delay type                Incr(ns)  Path(ns)    Netlist Resource(s)
  -------------------------------------------------------------------    -------------------
                         (clock ClkPort rise edge)    0.000     0.000 r  
    E3                                                0.000     0.000 r  ClkPort (IN)
                         net (fo=0)                   0.000     0.000    BUFGP1/I
    E3                   IBUF (Prop_ibuf_I_O)         1.482     1.482 r  BUFGP1/IBUF/O
                         net (fo=1, routed)           2.025     3.506    BUFGP1/IBUFG_2_BUFG
    BUFGCTRL_X0Y16       BUFG (Prop_bufg_I_O)         0.096     3.602 r  BUFGP1/BUFG/O
                         net (fo=86, routed)          1.711     5.314    board_clk
    SLICE_X0Y71          FDCE                                         r  DIV_CLK_reg[19]/C
  -------------------------------------------------------------------    -------------------
    SLICE_X0Y71          FDCE (Prop_fdce_C_Q)         0.456     5.770 f  DIV_CLK_reg[19]/Q
                         net (fo=17, routed)          0.868     6.638    p_0_in2_in
    SLICE_X1Y70          LUT3 (Prop_lut3_I0_O)        0.152     6.790 r  An6_OBUF_inst_i_1/O
                         net (fo=1, routed)           5.216    12.006    An6_OBUF
    K2                   OBUF (Prop_obuf_I_O)         3.720    15.726 r  An6_OBUF_inst/O
                         net (fo=0)                   0.000    15.726    An6
    K2                                                                r  An6 (OUT)
  -------------------------------------------------------------------    -------------------

Slack:                    inf
  Source:                 DIV_CLK_reg[18]/C
                            (rising edge-triggered cell FDCE clocked by ClkPort  {rise@0.000ns fall@5.000ns period=10.000ns})
  Destination:            Cd
                            (output port)
  Path Group:             (none)
  Path Type:              Max at Slow Process Corner
  Data Path Delay:        10.312ns  (logic 4.646ns (45.056%)  route 5.666ns (54.944%))
  Logic Levels:           4  (LUT4=1 LUT6=1 MUXF7=1 OBUF=1)
  Clock Uncertainty:      0.025ns  ((TSJ^2 + TIJ^2)^1/2 + DJ) / 2 + PE
    Total System Jitter     (TSJ):    0.050ns
    Total Input Jitter      (TIJ):    0.000ns
    Discrete Jitter          (DJ):    0.000ns
    Phase Error              (PE):    0.000ns
  Timing Exception:       False Path

    Location             Delay type                Incr(ns)  Path(ns)    Netlist Resource(s)
  -------------------------------------------------------------------    -------------------
                         (clock ClkPort rise edge)    0.000     0.000 r  
    E3                                                0.000     0.000 r  ClkPort (IN)
                         net (fo=0)                   0.000     0.000    BUFGP1/I
    E3                   IBUF (Prop_ibuf_I_O)         1.482     1.482 r  BUFGP1/IBUF/O
                         net (fo=1, routed)           2.025     3.506    BUFGP1/IBUFG_2_BUFG
    BUFGCTRL_X0Y16       BUFG (Prop_bufg_I_O)         0.096     3.602 r  BUFGP1/BUFG/O
                         net (fo=86, routed)          1.711     5.314    board_clk
    SLICE_X0Y71          FDCE                                         r  DIV_CLK_reg[18]/C
  -------------------------------------------------------------------    -------------------
    SLICE_X0Y71          FDCE (Prop_fdce_C_Q)         0.456     5.770 r  DIV_CLK_reg[18]/Q
                         net (fo=17, routed)          1.576     7.346    divider/Ca_OBUF_inst_i_4_0
    SLICE_X0Y65          LUT6 (Prop_lut6_I4_O)        0.124     7.470 r  divider/Ca_OBUF_inst_i_9/O
                         net (fo=1, routed)           0.000     7.470    divider/Ca_OBUF_inst_i_9_n_0
    SLICE_X0Y65          MUXF7 (Prop_muxf7_I1_O)      0.217     7.687 r  divider/Ca_OBUF_inst_i_3/O
                         net (fo=7, routed)           0.820     8.507    divider/sel0[3]
    SLICE_X0Y66          LUT4 (Prop_lut4_I2_O)        0.299     8.806 r  divider/Cd_OBUF_inst_i_1/O
                         net (fo=1, routed)           3.270    12.076    Cd_OBUF
    K13                  OBUF (Prop_obuf_I_O)         3.550    15.626 r  Cd_OBUF_inst/O
                         net (fo=0)                   0.000    15.626    Cd
    K13                                                               r  Cd (OUT)
  -------------------------------------------------------------------    -------------------

Slack:                    inf
  Source:                 divider/Quotient_reg[1]/C
                            (rising edge-triggered cell FDRE clocked by ClkPort  {rise@0.000ns fall@5.000ns period=10.000ns})
  Destination:            Cg
                            (output port)
  Path Group:             (none)
  Path Type:              Max at Slow Process Corner
  Data Path Delay:        10.011ns  (logic 4.856ns (48.509%)  route 5.155ns (51.491%))
  Logic Levels:           4  (LUT4=1 LUT6=1 MUXF7=1 OBUF=1)
  Clock Uncertainty:      0.025ns  ((TSJ^2 + TIJ^2)^1/2 + DJ) / 2 + PE
    Total System Jitter     (TSJ):    0.050ns
    Total Input Jitter      (TIJ):    0.000ns
    Discrete Jitter          (DJ):    0.000ns
    Phase Error              (PE):    0.000ns
  Timing Exception:       False Path

    Location             Delay type                Incr(ns)  Path(ns)    Netlist Resource(s)
  -------------------------------------------------------------------    -------------------
                         (clock ClkPort rise edge)    0.000     0.000 r  
    E3                                                0.000     0.000 r  ClkPort (IN)
                         net (fo=0)                   0.000     0.000    BUFGP1/I
    E3                   IBUF (Prop_ibuf_I_O)         1.482     1.482 r  BUFGP1/IBUF/O
                         net (fo=1, routed)           2.025     3.506    BUFGP1/IBUFG_2_BUFG
    BUFGCTRL_X0Y16       BUFG (Prop_bufg_I_O)         0.096     3.602 r  BUFGP1/BUFG/O
                         net (fo=86, routed)          1.719     5.322    divider/board_clk
    SLICE_X4Y63          FDRE                                         r  divider/Quotient_reg[1]/C
  -------------------------------------------------------------------    -------------------
    SLICE_X4Y63          FDRE (Prop_fdre_C_Q)         0.456     5.778 r  divider/Quotient_reg[1]/Q
                         net (fo=4, routed)           1.725     7.503    divider/Quotient_reg_n_0_[1]
    SLICE_X2Y66          LUT6 (Prop_lut6_I5_O)        0.124     7.627 r  divider/Ca_OBUF_inst_i_10/O
                         net (fo=1, routed)           0.000     7.627    divider/Ca_OBUF_inst_i_10_n_0
    SLICE_X2Y66          MUXF7 (Prop_muxf7_I0_O)      0.209     7.836 r  divider/Ca_OBUF_inst_i_4/O
                         net (fo=7, routed)           0.816     8.651    divider/sel0[1]
    SLICE_X0Y66          LUT4 (Prop_lut4_I0_O)        0.327     8.978 r  divider/Cg_OBUF_inst_i_1/O
                         net (fo=1, routed)           2.614    11.592    Cg_OBUF
    L18                  OBUF (Prop_obuf_I_O)         3.740    15.333 r  Cg_OBUF_inst/O
                         net (fo=0)                   0.000    15.333    Cg
    L18                                                               r  Cg (OUT)
  -------------------------------------------------------------------    -------------------

Slack:                    inf
  Source:                 DIV_CLK_reg[18]/C
                            (rising edge-triggered cell FDCE clocked by ClkPort  {rise@0.000ns fall@5.000ns period=10.000ns})
  Destination:            Cc
                            (output port)
  Path Group:             (none)
  Path Type:              Max at Slow Process Corner
  Data Path Delay:        9.466ns  (logic 4.589ns (48.482%)  route 4.876ns (51.518%))
  Logic Levels:           4  (LUT4=1 LUT6=1 MUXF7=1 OBUF=1)
  Clock Uncertainty:      0.025ns  ((TSJ^2 + TIJ^2)^1/2 + DJ) / 2 + PE
    Total System Jitter     (TSJ):    0.050ns
    Total Input Jitter      (TIJ):    0.000ns
    Discrete Jitter          (DJ):    0.000ns
    Phase Error              (PE):    0.000ns
  Timing Exception:       False Path

    Location             Delay type                Incr(ns)  Path(ns)    Netlist Resource(s)
  -------------------------------------------------------------------    -------------------
                         (clock ClkPort rise edge)    0.000     0.000 r  
    E3                                                0.000     0.000 r  ClkPort (IN)
                         net (fo=0)                   0.000     0.000    BUFGP1/I
    E3                   IBUF (Prop_ibuf_I_O)         1.482     1.482 r  BUFGP1/IBUF/O
                         net (fo=1, routed)           2.025     3.506    BUFGP1/IBUFG_2_BUFG
    BUFGCTRL_X0Y16       BUFG (Prop_bufg_I_O)         0.096     3.602 r  BUFGP1/BUFG/O
                         net (fo=86, routed)          1.711     5.314    board_clk
    SLICE_X0Y71          FDCE                                         r  DIV_CLK_reg[18]/C
  -------------------------------------------------------------------    -------------------
    SLICE_X0Y71          FDCE (Prop_fdce_C_Q)         0.456     5.770 r  DIV_CLK_reg[18]/Q
                         net (fo=17, routed)          1.576     7.346    divider/Ca_OBUF_inst_i_4_0
    SLICE_X0Y65          LUT6 (Prop_lut6_I4_O)        0.124     7.470 r  divider/Ca_OBUF_inst_i_9/O
                         net (fo=1, routed)           0.000     7.470    divider/Ca_OBUF_inst_i_9_n_0
    SLICE_X0Y65          MUXF7 (Prop_muxf7_I1_O)      0.217     7.687 r  divider/Ca_OBUF_inst_i_3/O
                         net (fo=7, routed)           0.818     8.504    divider/sel0[3]
    SLICE_X0Y66          LUT4 (Prop_lut4_I3_O)        0.299     8.803 r  divider/Cc_OBUF_inst_i_1/O
                         net (fo=1, routed)           2.483    11.286    Cc_OBUF
    K16                  OBUF (Prop_obuf_I_O)         3.493    14.779 r  Cc_OBUF_inst/O
                         net (fo=0)                   0.000    14.779    Cc
    K16                                                               r  Cc (OUT)
  -------------------------------------------------------------------    -------------------

Slack:                    inf
  Source:                 DIV_CLK_reg[18]/C
                            (rising edge-triggered cell FDCE clocked by ClkPort  {rise@0.000ns fall@5.000ns period=10.000ns})
  Destination:            Cb
                            (output port)
  Path Group:             (none)
  Path Type:              Max at Slow Process Corner
  Data Path Delay:        9.404ns  (logic 4.881ns (51.911%)  route 4.522ns (48.089%))
  Logic Levels:           4  (LUT4=1 LUT6=1 MUXF7=1 OBUF=1)
  Clock Uncertainty:      0.025ns  ((TSJ^2 + TIJ^2)^1/2 + DJ) / 2 + PE
    Total System Jitter     (TSJ):    0.050ns
    Total Input Jitter      (TIJ):    0.000ns
    Discrete Jitter          (DJ):    0.000ns
    Phase Error              (PE):    0.000ns
  Timing Exception:       False Path

    Location             Delay type                Incr(ns)  Path(ns)    Netlist Resource(s)
  -------------------------------------------------------------------    -------------------
                         (clock ClkPort rise edge)    0.000     0.000 r  
    E3                                                0.000     0.000 r  ClkPort (IN)
                         net (fo=0)                   0.000     0.000    BUFGP1/I
    E3                   IBUF (Prop_ibuf_I_O)         1.482     1.482 r  BUFGP1/IBUF/O
                         net (fo=1, routed)           2.025     3.506    BUFGP1/IBUFG_2_BUFG
    BUFGCTRL_X0Y16       BUFG (Prop_bufg_I_O)         0.096     3.602 r  BUFGP1/BUFG/O
                         net (fo=86, routed)          1.711     5.314    board_clk
    SLICE_X0Y71          FDCE                                         r  DIV_CLK_reg[18]/C
  -------------------------------------------------------------------    -------------------
    SLICE_X0Y71          FDCE (Prop_fdce_C_Q)         0.456     5.770 r  DIV_CLK_reg[18]/Q
                         net (fo=17, routed)          1.576     7.346    divider/Ca_OBUF_inst_i_4_0
    SLICE_X0Y65          LUT6 (Prop_lut6_I4_O)        0.124     7.470 r  divider/Ca_OBUF_inst_i_9/O
                         net (fo=1, routed)           0.000     7.470    divider/Ca_OBUF_inst_i_9_n_0
    SLICE_X0Y65          MUXF7 (Prop_muxf7_I1_O)      0.217     7.687 r  divider/Ca_OBUF_inst_i_3/O
                         net (fo=7, routed)           0.818     8.504    divider/sel0[3]
    SLICE_X0Y66          LUT4 (Prop_lut4_I2_O)        0.327     8.831 r  divider/Cb_OBUF_inst_i_1/O
                         net (fo=1, routed)           2.128    10.960    Cb_OBUF
    R10                  OBUF (Prop_obuf_I_O)         3.757    14.717 r  Cb_OBUF_inst/O
                         net (fo=0)                   0.000    14.717    Cb
    R10                                                               r  Cb (OUT)
  -------------------------------------------------------------------    -------------------

Slack:                    inf
  Source:                 DIV_CLK_reg[18]/C
                            (rising edge-triggered cell FDCE clocked by ClkPort  {rise@0.000ns fall@5.000ns period=10.000ns})
  Destination:            Ca
                            (output port)
  Path Group:             (none)
  Path Type:              Max at Slow Process Corner
  Data Path Delay:        9.380ns  (logic 4.673ns (49.818%)  route 4.707ns (50.182%))
  Logic Levels:           4  (LUT4=1 LUT6=1 MUXF7=1 OBUF=1)
  Clock Uncertainty:      0.025ns  ((TSJ^2 + TIJ^2)^1/2 + DJ) / 2 + PE
    Total System Jitter     (TSJ):    0.050ns
    Total Input Jitter      (TIJ):    0.000ns
    Discrete Jitter          (DJ):    0.000ns
    Phase Error              (PE):    0.000ns
  Timing Exception:       False Path

    Location             Delay type                Incr(ns)  Path(ns)    Netlist Resource(s)
  -------------------------------------------------------------------    -------------------
                         (clock ClkPort rise edge)    0.000     0.000 r  
    E3                                                0.000     0.000 r  ClkPort (IN)
                         net (fo=0)                   0.000     0.000    BUFGP1/I
    E3                   IBUF (Prop_ibuf_I_O)         1.482     1.482 r  BUFGP1/IBUF/O
                         net (fo=1, routed)           2.025     3.506    BUFGP1/IBUFG_2_BUFG
    BUFGCTRL_X0Y16       BUFG (Prop_bufg_I_O)         0.096     3.602 r  BUFGP1/BUFG/O
                         net (fo=86, routed)          1.711     5.314    board_clk
    SLICE_X0Y71          FDCE                                         r  DIV_CLK_reg[18]/C
  -------------------------------------------------------------------    -------------------
    SLICE_X0Y71          FDCE (Prop_fdce_C_Q)         0.456     5.770 r  DIV_CLK_reg[18]/Q
                         net (fo=17, routed)          1.576     7.346    divider/Ca_OBUF_inst_i_4_0
    SLICE_X0Y65          LUT6 (Prop_lut6_I4_O)        0.124     7.470 r  divider/Ca_OBUF_inst_i_9/O
                         net (fo=1, routed)           0.000     7.470    divider/Ca_OBUF_inst_i_9_n_0
    SLICE_X0Y65          MUXF7 (Prop_muxf7_I1_O)      0.217     7.687 r  divider/Ca_OBUF_inst_i_3/O
                         net (fo=7, routed)           0.858     8.544    divider/sel0[3]
    SLICE_X0Y66          LUT4 (Prop_lut4_I1_O)        0.299     8.843 r  divider/Ca_OBUF_inst_i_1/O
                         net (fo=1, routed)           2.274    11.117    Ca_OBUF
    T10                  OBUF (Prop_obuf_I_O)         3.577    14.694 r  Ca_OBUF_inst/O
                         net (fo=0)                   0.000    14.694    Ca
    T10                                                               r  Ca (OUT)
  -------------------------------------------------------------------    -------------------

Slack:                    inf
  Source:                 DIV_CLK_reg[18]/C
                            (rising edge-triggered cell FDCE clocked by ClkPort  {rise@0.000ns fall@5.000ns period=10.000ns})
  Destination:            Ce
                            (output port)
  Path Group:             (none)
  Path Type:              Max at Slow Process Corner
  Data Path Delay:        9.287ns  (logic 4.866ns (52.390%)  route 4.422ns (47.610%))
  Logic Levels:           4  (LUT4=1 LUT6=1 MUXF7=1 OBUF=1)
  Clock Uncertainty:      0.025ns  ((TSJ^2 + TIJ^2)^1/2 + DJ) / 2 + PE
    Total System Jitter     (TSJ):    0.050ns
    Total Input Jitter      (TIJ):    0.000ns
    Discrete Jitter          (DJ):    0.000ns
    Phase Error              (PE):    0.000ns
  Timing Exception:       False Path

    Location             Delay type                Incr(ns)  Path(ns)    Netlist Resource(s)
  -------------------------------------------------------------------    -------------------
                         (clock ClkPort rise edge)    0.000     0.000 r  
    E3                                                0.000     0.000 r  ClkPort (IN)
                         net (fo=0)                   0.000     0.000    BUFGP1/I
    E3                   IBUF (Prop_ibuf_I_O)         1.482     1.482 r  BUFGP1/IBUF/O
                         net (fo=1, routed)           2.025     3.506    BUFGP1/IBUFG_2_BUFG
    BUFGCTRL_X0Y16       BUFG (Prop_bufg_I_O)         0.096     3.602 r  BUFGP1/BUFG/O
                         net (fo=86, routed)          1.711     5.314    board_clk
    SLICE_X0Y71          FDCE                                         r  DIV_CLK_reg[18]/C
  -------------------------------------------------------------------    -------------------
    SLICE_X0Y71          FDCE (Prop_fdce_C_Q)         0.456     5.770 r  DIV_CLK_reg[18]/Q
                         net (fo=17, routed)          1.576     7.346    divider/Ca_OBUF_inst_i_4_0
    SLICE_X0Y65          LUT6 (Prop_lut6_I4_O)        0.124     7.470 f  divider/Ca_OBUF_inst_i_9/O
                         net (fo=1, routed)           0.000     7.470    divider/Ca_OBUF_inst_i_9_n_0
    SLICE_X0Y65          MUXF7 (Prop_muxf7_I1_O)      0.217     7.687 f  divider/Ca_OBUF_inst_i_3/O
                         net (fo=7, routed)           0.820     8.507    divider/sel0[3]
    SLICE_X0Y66          LUT4 (Prop_lut4_I2_O)        0.327     8.834 r  divider/Ce_OBUF_inst_i_1/O
                         net (fo=1, routed)           2.025    10.859    Ce_OBUF
    P15                  OBUF (Prop_obuf_I_O)         3.742    14.601 r  Ce_OBUF_inst/O
                         net (fo=0)                   0.000    14.601    Ce
    P15                                                               r  Ce (OUT)
  -------------------------------------------------------------------    -------------------

Slack:                    inf
  Source:                 divider/Quotient_reg[1]/C
                            (rising edge-triggered cell FDRE clocked by ClkPort  {rise@0.000ns fall@5.000ns period=10.000ns})
  Destination:            Cf
                            (output port)
  Path Group:             (none)
  Path Type:              Max at Slow Process Corner
  Data Path Delay:        8.902ns  (logic 4.647ns (52.200%)  route 4.255ns (47.800%))
  Logic Levels:           4  (LUT4=1 LUT6=1 MUXF7=1 OBUF=1)
  Clock Uncertainty:      0.025ns  ((TSJ^2 + TIJ^2)^1/2 + DJ) / 2 + PE
    Total System Jitter     (TSJ):    0.050ns
    Total Input Jitter      (TIJ):    0.000ns
    Discrete Jitter          (DJ):    0.000ns
    Phase Error              (PE):    0.000ns
  Timing Exception:       False Path

    Location             Delay type                Incr(ns)  Path(ns)    Netlist Resource(s)
  -------------------------------------------------------------------    -------------------
                         (clock ClkPort rise edge)    0.000     0.000 r  
    E3                                                0.000     0.000 r  ClkPort (IN)
                         net (fo=0)                   0.000     0.000    BUFGP1/I
    E3                   IBUF (Prop_ibuf_I_O)         1.482     1.482 r  BUFGP1/IBUF/O
                         net (fo=1, routed)           2.025     3.506    BUFGP1/IBUFG_2_BUFG
    BUFGCTRL_X0Y16       BUFG (Prop_bufg_I_O)         0.096     3.602 r  BUFGP1/BUFG/O
                         net (fo=86, routed)          1.719     5.322    divider/board_clk
    SLICE_X4Y63          FDRE                                         r  divider/Quotient_reg[1]/C
  -------------------------------------------------------------------    -------------------
    SLICE_X4Y63          FDRE (Prop_fdre_C_Q)         0.456     5.778 r  divider/Quotient_reg[1]/Q
                         net (fo=4, routed)           1.725     7.503    divider/Quotient_reg_n_0_[1]
    SLICE_X2Y66          LUT6 (Prop_lut6_I5_O)        0.124     7.627 r  divider/Ca_OBUF_inst_i_10/O
                         net (fo=1, routed)           0.000     7.627    divider/Ca_OBUF_inst_i_10_n_0
    SLICE_X2Y66          MUXF7 (Prop_muxf7_I0_O)      0.209     7.836 r  divider/Ca_OBUF_inst_i_4/O
                         net (fo=7, routed)           0.816     8.651    divider/sel0[1]
    SLICE_X0Y66          LUT4 (Prop_lut4_I2_O)        0.297     8.948 r  divider/Cf_OBUF_inst_i_1/O
                         net (fo=1, routed)           1.714    10.663    Cf_OBUF
    T11                  OBUF (Prop_obuf_I_O)         3.561    14.223 r  Cf_OBUF_inst/O
                         net (fo=0)                   0.000    14.223    Cf
    T11                                                               r  Cf (OUT)
  -------------------------------------------------------------------    -------------------

Slack:                    inf
  Source:                 DIV_CLK_reg[18]/C
                            (rising edge-triggered cell FDCE clocked by ClkPort  {rise@0.000ns fall@5.000ns period=10.000ns})
  Destination:            An0
                            (output port)
  Path Group:             (none)
  Path Type:              Max at Slow Process Corner
  Data Path Delay:        8.139ns  (logic 4.352ns (53.466%)  route 3.787ns (46.534%))
  Logic Levels:           2  (LUT3=1 OBUF=1)
  Clock Uncertainty:      0.025ns  ((TSJ^2 + TIJ^2)^1/2 + DJ) / 2 + PE
    Total System Jitter     (TSJ):    0.050ns
    Total Input Jitter      (TIJ):    0.000ns
    Discrete Jitter          (DJ):    0.000ns
    Phase Error              (PE):    0.000ns
  Timing Exception:       False Path

    Location             Delay type                Incr(ns)  Path(ns)    Netlist Resource(s)
  -------------------------------------------------------------------    -------------------
                         (clock ClkPort rise edge)    0.000     0.000 r  
    E3                                                0.000     0.000 r  ClkPort (IN)
                         net (fo=0)                   0.000     0.000    BUFGP1/I
    E3                   IBUF (Prop_ibuf_I_O)         1.482     1.482 r  BUFGP1/IBUF/O
                         net (fo=1, routed)           2.025     3.506    BUFGP1/IBUFG_2_BUFG
    BUFGCTRL_X0Y16       BUFG (Prop_bufg_I_O)         0.096     3.602 r  BUFGP1/BUFG/O
                         net (fo=86, routed)          1.711     5.314    board_clk
    SLICE_X0Y71          FDCE                                         r  DIV_CLK_reg[18]/C
  -------------------------------------------------------------------    -------------------
    SLICE_X0Y71          FDCE (Prop_fdce_C_Q)         0.456     5.770 r  DIV_CLK_reg[18]/Q
                         net (fo=17, routed)          0.882     6.652    DIV_CLK_reg_n_0_[18]
    SLICE_X1Y71          LUT3 (Prop_lut3_I1_O)        0.152     6.804 r  An0_OBUF_inst_i_1/O
                         net (fo=1, routed)           2.905     9.709    An0_OBUF
    J17                  OBUF (Prop_obuf_I_O)         3.744    13.453 r  An0_OBUF_inst/O
                         net (fo=0)                   0.000    13.453    An0
    J17                                                               r  An0 (OUT)
  -------------------------------------------------------------------    -------------------

Slack:                    inf
  Source:                 divider/state_reg[2]/C
                            (rising edge-triggered cell FDCE clocked by ClkPort  {rise@0.000ns fall@5.000ns period=10.000ns})
  Destination:            Ld4
                            (output port)
  Path Group:             (none)
  Path Type:              Max at Slow Process Corner
  Data Path Delay:        7.992ns  (logic 4.506ns (56.377%)  route 3.486ns (43.623%))
  Logic Levels:           2  (LUT3=1 OBUF=1)
  Clock Uncertainty:      0.025ns  ((TSJ^2 + TIJ^2)^1/2 + DJ) / 2 + PE
    Total System Jitter     (TSJ):    0.050ns
    Total Input Jitter      (TIJ):    0.000ns
    Discrete Jitter          (DJ):    0.000ns
    Phase Error              (PE):    0.000ns
  Timing Exception:       False Path

    Location             Delay type                Incr(ns)  Path(ns)    Netlist Resource(s)
  -------------------------------------------------------------------    -------------------
                         (clock ClkPort rise edge)    0.000     0.000 r  
    E3                                                0.000     0.000 r  ClkPort (IN)
                         net (fo=0)                   0.000     0.000    BUFGP1/I
    E3                   IBUF (Prop_ibuf_I_O)         1.482     1.482 r  BUFGP1/IBUF/O
                         net (fo=1, routed)           2.025     3.506    BUFGP1/IBUFG_2_BUFG
    BUFGCTRL_X0Y16       BUFG (Prop_bufg_I_O)         0.096     3.602 r  BUFGP1/BUFG/O
                         net (fo=86, routed)          1.716     5.319    divider/board_clk
    SLICE_X1Y67          FDCE                                         r  divider/state_reg[2]/C
  -------------------------------------------------------------------    -------------------
    SLICE_X1Y67          FDCE (Prop_fdce_C_Q)         0.419     5.738 r  divider/state_reg[2]/Q
                         net (fo=8, routed)           1.188     6.926    divider/Ld5_OBUF
    SLICE_X1Y67          LUT3 (Prop_lut3_I1_O)        0.327     7.253 r  divider/Ld4_OBUF_inst_i_1/O
                         net (fo=1, routed)           2.299     9.551    Ld4_OBUF
    R18                  OBUF (Prop_obuf_I_O)         3.760    13.311 r  Ld4_OBUF_inst/O
                         net (fo=0)                   0.000    13.311    Ld4
    R18                                                               r  Ld4 (OUT)
  -------------------------------------------------------------------    -------------------





Min Delay Paths
--------------------------------------------------------------------------------------
Slack:                    inf
  Source:                 divider/state_reg[1]/C
                            (rising edge-triggered cell FDCE clocked by ClkPort  {rise@0.000ns fall@5.000ns period=10.000ns})
  Destination:            Ld6
                            (output port)
  Path Group:             (none)
  Path Type:              Min at Fast Process Corner
  Data Path Delay:        1.788ns  (logic 1.397ns (78.118%)  route 0.391ns (21.882%))
  Logic Levels:           1  (OBUF=1)
  Clock Uncertainty:      0.025ns  ((TSJ^2 + TIJ^2)^1/2 + DJ) / 2 + PE
    Total System Jitter     (TSJ):    0.050ns
    Total Input Jitter      (TIJ):    0.000ns
    Discrete Jitter          (DJ):    0.000ns
    Phase Error              (PE):    0.000ns
  Timing Exception:       False Path

    Location             Delay type                Incr(ns)  Path(ns)    Netlist Resource(s)
  -------------------------------------------------------------------    -------------------
                         (clock ClkPort rise edge)    0.000     0.000 r  
    E3                                                0.000     0.000 r  ClkPort (IN)
                         net (fo=0)                   0.000     0.000    BUFGP1/I
    E3                   IBUF (Prop_ibuf_I_O)         0.250     0.250 r  BUFGP1/IBUF/O
                         net (fo=1, routed)           0.644     0.894    BUFGP1/IBUFG_2_BUFG
    BUFGCTRL_X0Y16       BUFG (Prop_bufg_I_O)         0.026     0.920 r  BUFGP1/BUFG/O
                         net (fo=86, routed)          0.598     1.517    divider/board_clk
    SLICE_X1Y67          FDCE                                         r  divider/state_reg[1]/C
  -------------------------------------------------------------------    -------------------
    SLICE_X1Y67          FDCE (Prop_fdce_C_Q)         0.141     1.658 r  divider/state_reg[1]/Q
                         net (fo=14, routed)          0.391     2.050    Ld6_OBUF
    U17                  OBUF (Prop_obuf_I_O)         1.256     3.305 r  Ld6_OBUF_inst/O
                         net (fo=0)                   0.000     3.305    Ld6
    U17                                                               r  Ld6 (OUT)
  -------------------------------------------------------------------    -------------------

Slack:                    inf
  Source:                 divider/state_reg[2]/C
                            (rising edge-triggered cell FDCE clocked by ClkPort  {rise@0.000ns fall@5.000ns period=10.000ns})
  Destination:            Ld5
                            (output port)
  Path Group:             (none)
  Path Type:              Min at Fast Process Corner
  Data Path Delay:        1.810ns  (logic 1.434ns (79.232%)  route 0.376ns (20.768%))
  Logic Levels:           1  (OBUF=1)
  Clock Uncertainty:      0.025ns  ((TSJ^2 + TIJ^2)^1/2 + DJ) / 2 + PE
    Total System Jitter     (TSJ):    0.050ns
    Total Input Jitter      (TIJ):    0.000ns
    Discrete Jitter          (DJ):    0.000ns
    Phase Error              (PE):    0.000ns
  Timing Exception:       False Path

    Location             Delay type                Incr(ns)  Path(ns)    Netlist Resource(s)
  -------------------------------------------------------------------    -------------------
                         (clock ClkPort rise edge)    0.000     0.000 r  
    E3                                                0.000     0.000 r  ClkPort (IN)
                         net (fo=0)                   0.000     0.000    BUFGP1/I
    E3                   IBUF (Prop_ibuf_I_O)         0.250     0.250 r  BUFGP1/IBUF/O
                         net (fo=1, routed)           0.644     0.894    BUFGP1/IBUFG_2_BUFG
    BUFGCTRL_X0Y16       BUFG (Prop_bufg_I_O)         0.026     0.920 r  BUFGP1/BUFG/O
                         net (fo=86, routed)          0.598     1.517    divider/board_clk
    SLICE_X1Y67          FDCE                                         r  divider/state_reg[2]/C
  -------------------------------------------------------------------    -------------------
    SLICE_X1Y67          FDCE (Prop_fdce_C_Q)         0.128     1.645 r  divider/state_reg[2]/Q
                         net (fo=8, routed)           0.376     2.021    Ld5_OBUF
    V17                  OBUF (Prop_obuf_I_O)         1.306     3.328 r  Ld5_OBUF_inst/O
                         net (fo=0)                   0.000     3.328    Ld5
    V17                                                               r  Ld5 (OUT)
  -------------------------------------------------------------------    -------------------

Slack:                    inf
  Source:                 divider/state_reg[0]/C
                            (rising edge-triggered cell FDPE clocked by ClkPort  {rise@0.000ns fall@5.000ns period=10.000ns})
  Destination:            Ld7
                            (output port)
  Path Group:             (none)
  Path Type:              Min at Fast Process Corner
  Data Path Delay:        1.885ns  (logic 1.397ns (74.099%)  route 0.488ns (25.901%))
  Logic Levels:           1  (OBUF=1)
  Clock Uncertainty:      0.025ns  ((TSJ^2 + TIJ^2)^1/2 + DJ) / 2 + PE
    Total System Jitter     (TSJ):    0.050ns
    Total Input Jitter      (TIJ):    0.000ns
    Discrete Jitter          (DJ):    0.000ns
    Phase Error              (PE):    0.000ns
  Timing Exception:       False Path

    Location             Delay type                Incr(ns)  Path(ns)    Netlist Resource(s)
  -------------------------------------------------------------------    -------------------
                         (clock ClkPort rise edge)    0.000     0.000 r  
    E3                                                0.000     0.000 r  ClkPort (IN)
                         net (fo=0)                   0.000     0.000    BUFGP1/I
    E3                   IBUF (Prop_ibuf_I_O)         0.250     0.250 r  BUFGP1/IBUF/O
                         net (fo=1, routed)           0.644     0.894    BUFGP1/IBUFG_2_BUFG
    BUFGCTRL_X0Y16       BUFG (Prop_bufg_I_O)         0.026     0.920 r  BUFGP1/BUFG/O
                         net (fo=86, routed)          0.598     1.517    divider/board_clk
    SLICE_X1Y67          FDPE                                         r  divider/state_reg[0]/C
  -------------------------------------------------------------------    -------------------
    SLICE_X1Y67          FDPE (Prop_fdpe_C_Q)         0.141     1.658 r  divider/state_reg[0]/Q
                         net (fo=13, routed)          0.488     2.147    Ld7_OBUF
    U16                  OBUF (Prop_obuf_I_O)         1.256     3.402 r  Ld7_OBUF_inst/O
                         net (fo=0)                   0.000     3.402    Ld7
    U16                                                               r  Ld7 (OUT)
  -------------------------------------------------------------------    -------------------

Slack:                    inf
  Source:                 DIV_CLK_reg[20]/C
                            (rising edge-triggered cell FDCE clocked by ClkPort  {rise@0.000ns fall@5.000ns period=10.000ns})
  Destination:            An5
                            (output port)
  Path Group:             (none)
  Path Type:              Min at Fast Process Corner
  Data Path Delay:        2.022ns  (logic 1.503ns (74.346%)  route 0.519ns (25.654%))
  Logic Levels:           2  (LUT3=1 OBUF=1)
  Clock Uncertainty:      0.025ns  ((TSJ^2 + TIJ^2)^1/2 + DJ) / 2 + PE
    Total System Jitter     (TSJ):    0.050ns
    Total Input Jitter      (TIJ):    0.000ns
    Discrete Jitter          (DJ):    0.000ns
    Phase Error              (PE):    0.000ns
  Timing Exception:       False Path

    Location             Delay type                Incr(ns)  Path(ns)    Netlist Resource(s)
  -------------------------------------------------------------------    -------------------
                         (clock ClkPort rise edge)    0.000     0.000 r  
    E3                                                0.000     0.000 r  ClkPort (IN)
                         net (fo=0)                   0.000     0.000    BUFGP1/I
    E3                   IBUF (Prop_ibuf_I_O)         0.250     0.250 r  BUFGP1/IBUF/O
                         net (fo=1, routed)           0.644     0.894    BUFGP1/IBUFG_2_BUFG
    BUFGCTRL_X0Y16       BUFG (Prop_bufg_I_O)         0.026     0.920 r  BUFGP1/BUFG/O
                         net (fo=86, routed)          0.594     1.513    board_clk
    SLICE_X0Y72          FDCE                                         r  DIV_CLK_reg[20]/C
  -------------------------------------------------------------------    -------------------
    SLICE_X0Y72          FDCE (Prop_fdce_C_Q)         0.141     1.654 f  DIV_CLK_reg[20]/Q
                         net (fo=13, routed)          0.171     1.825    p_1_in
    SLICE_X1Y71          LUT3 (Prop_lut3_I2_O)        0.048     1.873 r  An5_OBUF_inst_i_1/O
                         net (fo=1, routed)           0.348     2.221    An5_OBUF
    T14                  OBUF (Prop_obuf_I_O)         1.314     3.535 r  An5_OBUF_inst/O
                         net (fo=0)                   0.000     3.535    An5
    T14                                                               r  An5 (OUT)
  -------------------------------------------------------------------    -------------------

Slack:                    inf
  Source:                 DIV_CLK_reg[20]/C
                            (rising edge-triggered cell FDCE clocked by ClkPort  {rise@0.000ns fall@5.000ns period=10.000ns})
  Destination:            An4
                            (output port)
  Path Group:             (none)
  Path Type:              Min at Fast Process Corner
  Data Path Delay:        2.085ns  (logic 1.437ns (68.899%)  route 0.649ns (31.101%))
  Logic Levels:           2  (LUT3=1 OBUF=1)
  Clock Uncertainty:      0.025ns  ((TSJ^2 + TIJ^2)^1/2 + DJ) / 2 + PE
    Total System Jitter     (TSJ):    0.050ns
    Total Input Jitter      (TIJ):    0.000ns
    Discrete Jitter          (DJ):    0.000ns
    Phase Error              (PE):    0.000ns
  Timing Exception:       False Path

    Location             Delay type                Incr(ns)  Path(ns)    Netlist Resource(s)
  -------------------------------------------------------------------    -------------------
                         (clock ClkPort rise edge)    0.000     0.000 r  
    E3                                                0.000     0.000 r  ClkPort (IN)
                         net (fo=0)                   0.000     0.000    BUFGP1/I
    E3                   IBUF (Prop_ibuf_I_O)         0.250     0.250 r  BUFGP1/IBUF/O
                         net (fo=1, routed)           0.644     0.894    BUFGP1/IBUFG_2_BUFG
    BUFGCTRL_X0Y16       BUFG (Prop_bufg_I_O)         0.026     0.920 r  BUFGP1/BUFG/O
                         net (fo=86, routed)          0.594     1.513    board_clk
    SLICE_X0Y72          FDCE                                         r  DIV_CLK_reg[20]/C
  -------------------------------------------------------------------    -------------------
    SLICE_X0Y72          FDCE (Prop_fdce_C_Q)         0.141     1.654 f  DIV_CLK_reg[20]/Q
                         net (fo=13, routed)          0.172     1.826    p_1_in
    SLICE_X1Y71          LUT3 (Prop_lut3_I2_O)        0.045     1.871 r  An4_OBUF_inst_i_1/O
                         net (fo=1, routed)           0.477     2.348    An4_OBUF
    P14                  OBUF (Prop_obuf_I_O)         1.251     3.599 r  An4_OBUF_inst/O
                         net (fo=0)                   0.000     3.599    An4
    P14                                                               r  An4 (OUT)
  -------------------------------------------------------------------    -------------------

Slack:                    inf
  Source:                 DIV_CLK_reg[20]/C
                            (rising edge-triggered cell FDCE clocked by ClkPort  {rise@0.000ns fall@5.000ns period=10.000ns})
  Destination:            An2
                            (output port)
  Path Group:             (none)
  Path Type:              Min at Fast Process Corner
  Data Path Delay:        2.243ns  (logic 1.461ns (65.136%)  route 0.782ns (34.864%))
  Logic Levels:           2  (LUT3=1 OBUF=1)
  Clock Uncertainty:      0.025ns  ((TSJ^2 + TIJ^2)^1/2 + DJ) / 2 + PE
    Total System Jitter     (TSJ):    0.050ns
    Total Input Jitter      (TIJ):    0.000ns
    Discrete Jitter          (DJ):    0.000ns
    Phase Error              (PE):    0.000ns
  Timing Exception:       False Path

    Location             Delay type                Incr(ns)  Path(ns)    Netlist Resource(s)
  -------------------------------------------------------------------    -------------------
                         (clock ClkPort rise edge)    0.000     0.000 r  
    E3                                                0.000     0.000 r  ClkPort (IN)
                         net (fo=0)                   0.000     0.000    BUFGP1/I
    E3                   IBUF (Prop_ibuf_I_O)         0.250     0.250 r  BUFGP1/IBUF/O
                         net (fo=1, routed)           0.644     0.894    BUFGP1/IBUFG_2_BUFG
    BUFGCTRL_X0Y16       BUFG (Prop_bufg_I_O)         0.026     0.920 r  BUFGP1/BUFG/O
                         net (fo=86, routed)          0.594     1.513    board_clk
    SLICE_X0Y72          FDCE                                         r  DIV_CLK_reg[20]/C
  -------------------------------------------------------------------    -------------------
    SLICE_X0Y72          FDCE (Prop_fdce_C_Q)         0.141     1.654 r  DIV_CLK_reg[20]/Q
                         net (fo=13, routed)          0.243     1.897    p_1_in
    SLICE_X1Y70          LUT3 (Prop_lut3_I2_O)        0.045     1.942 r  An2_OBUF_inst_i_1/O
                         net (fo=1, routed)           0.539     2.481    An2_OBUF
    T9                   OBUF (Prop_obuf_I_O)         1.275     3.756 r  An2_OBUF_inst/O
                         net (fo=0)                   0.000     3.756    An2
    T9                                                                r  An2 (OUT)
  -------------------------------------------------------------------    -------------------

Slack:                    inf
  Source:                 DIV_CLK_reg[20]/C
                            (rising edge-triggered cell FDCE clocked by ClkPort  {rise@0.000ns fall@5.000ns period=10.000ns})
  Destination:            An1
                            (output port)
  Path Group:             (none)
  Path Type:              Min at Fast Process Corner
  Data Path Delay:        2.313ns  (logic 1.422ns (61.486%)  route 0.891ns (38.514%))
  Logic Levels:           2  (LUT3=1 OBUF=1)
  Clock Uncertainty:      0.025ns  ((TSJ^2 + TIJ^2)^1/2 + DJ) / 2 + PE
    Total System Jitter     (TSJ):    0.050ns
    Total Input Jitter      (TIJ):    0.000ns
    Discrete Jitter          (DJ):    0.000ns
    Phase Error              (PE):    0.000ns
  Timing Exception:       False Path

    Location             Delay type                Incr(ns)  Path(ns)    Netlist Resource(s)
  -------------------------------------------------------------------    -------------------
                         (clock ClkPort rise edge)    0.000     0.000 r  
    E3                                                0.000     0.000 r  ClkPort (IN)
                         net (fo=0)                   0.000     0.000    BUFGP1/I
    E3                   IBUF (Prop_ibuf_I_O)         0.250     0.250 r  BUFGP1/IBUF/O
                         net (fo=1, routed)           0.644     0.894    BUFGP1/IBUFG_2_BUFG
    BUFGCTRL_X0Y16       BUFG (Prop_bufg_I_O)         0.026     0.920 r  BUFGP1/BUFG/O
                         net (fo=86, routed)          0.594     1.513    board_clk
    SLICE_X0Y72          FDCE                                         r  DIV_CLK_reg[20]/C
  -------------------------------------------------------------------    -------------------
    SLICE_X0Y72          FDCE (Prop_fdce_C_Q)         0.141     1.654 r  DIV_CLK_reg[20]/Q
                         net (fo=13, routed)          0.171     1.825    p_1_in
    SLICE_X1Y71          LUT3 (Prop_lut3_I2_O)        0.045     1.870 r  An1_OBUF_inst_i_1/O
                         net (fo=1, routed)           0.720     2.590    An1_OBUF
    J18                  OBUF (Prop_obuf_I_O)         1.236     3.827 r  An1_OBUF_inst/O
                         net (fo=0)                   0.000     3.827    An1
    J18                                                               r  An1 (OUT)
  -------------------------------------------------------------------    -------------------

Slack:                    inf
  Source:                 divider/Quotient_reg[6]/C
                            (rising edge-triggered cell FDRE clocked by ClkPort  {rise@0.000ns fall@5.000ns period=10.000ns})
  Destination:            Cf
                            (output port)
  Path Group:             (none)
  Path Type:              Min at Fast Process Corner
  Data Path Delay:        2.326ns  (logic 1.617ns (69.517%)  route 0.709ns (30.483%))
  Logic Levels:           4  (LUT4=1 LUT6=1 MUXF7=1 OBUF=1)
  Clock Uncertainty:      0.025ns  ((TSJ^2 + TIJ^2)^1/2 + DJ) / 2 + PE
    Total System Jitter     (TSJ):    0.050ns
    Total Input Jitter      (TIJ):    0.000ns
    Discrete Jitter          (DJ):    0.000ns
    Phase Error              (PE):    0.000ns
  Timing Exception:       False Path

    Location             Delay type                Incr(ns)  Path(ns)    Netlist Resource(s)
  -------------------------------------------------------------------    -------------------
                         (clock ClkPort rise edge)    0.000     0.000 r  
    E3                                                0.000     0.000 r  ClkPort (IN)
                         net (fo=0)                   0.000     0.000    BUFGP1/I
    E3                   IBUF (Prop_ibuf_I_O)         0.250     0.250 r  BUFGP1/IBUF/O
                         net (fo=1, routed)           0.644     0.894    BUFGP1/IBUFG_2_BUFG
    BUFGCTRL_X0Y16       BUFG (Prop_bufg_I_O)         0.026     0.920 r  BUFGP1/BUFG/O
                         net (fo=86, routed)          0.600     1.519    divider/board_clk
    SLICE_X1Y65          FDRE                                         r  divider/Quotient_reg[6]/C
  -------------------------------------------------------------------    -------------------
    SLICE_X1Y65          FDRE (Prop_fdre_C_Q)         0.141     1.660 r  divider/Quotient_reg[6]/Q
                         net (fo=3, routed)           0.134     1.794    divider/Quotient_reg_n_0_[6]
    SLICE_X1Y65          LUT6 (Prop_lut6_I1_O)        0.045     1.839 r  divider/Ca_OBUF_inst_i_6/O
                         net (fo=1, routed)           0.000     1.839    divider/Ca_OBUF_inst_i_6_n_0
    SLICE_X1Y65          MUXF7 (Prop_muxf7_I0_O)      0.062     1.901 r  divider/Ca_OBUF_inst_i_2/O
                         net (fo=7, routed)           0.221     2.122    divider/sel0[2]
    SLICE_X0Y66          LUT4 (Prop_lut4_I1_O)        0.108     2.230 r  divider/Cf_OBUF_inst_i_1/O
                         net (fo=1, routed)           0.354     2.585    Cf_OBUF
    T11                  OBUF (Prop_obuf_I_O)         1.261     3.846 r  Cf_OBUF_inst/O
                         net (fo=0)                   0.000     3.846    Cf
    T11                                                               r  Cf (OUT)
  -------------------------------------------------------------------    -------------------

Slack:                    inf
  Source:                 DIV_CLK_reg[20]/C
                            (rising edge-triggered cell FDCE clocked by ClkPort  {rise@0.000ns fall@5.000ns period=10.000ns})
  Destination:            An7
                            (output port)
  Path Group:             (none)
  Path Type:              Min at Fast Process Corner
  Data Path Delay:        2.348ns  (logic 1.511ns (64.364%)  route 0.837ns (35.636%))
  Logic Levels:           2  (LUT3=1 OBUF=1)
  Clock Uncertainty:      0.025ns  ((TSJ^2 + TIJ^2)^1/2 + DJ) / 2 + PE
    Total System Jitter     (TSJ):    0.050ns
    Total Input Jitter      (TIJ):    0.000ns
    Discrete Jitter          (DJ):    0.000ns
    Phase Error              (PE):    0.000ns
  Timing Exception:       False Path

    Location             Delay type                Incr(ns)  Path(ns)    Netlist Resource(s)
  -------------------------------------------------------------------    -------------------
                         (clock ClkPort rise edge)    0.000     0.000 r  
    E3                                                0.000     0.000 r  ClkPort (IN)
                         net (fo=0)                   0.000     0.000    BUFGP1/I
    E3                   IBUF (Prop_ibuf_I_O)         0.250     0.250 r  BUFGP1/IBUF/O
                         net (fo=1, routed)           0.644     0.894    BUFGP1/IBUFG_2_BUFG
    BUFGCTRL_X0Y16       BUFG (Prop_bufg_I_O)         0.026     0.920 r  BUFGP1/BUFG/O
                         net (fo=86, routed)          0.594     1.513    board_clk
    SLICE_X0Y72          FDCE                                         r  DIV_CLK_reg[20]/C
  -------------------------------------------------------------------    -------------------
    SLICE_X0Y72          FDCE (Prop_fdce_C_Q)         0.141     1.654 f  DIV_CLK_reg[20]/Q
                         net (fo=13, routed)          0.244     1.898    p_1_in
    SLICE_X1Y70          LUT3 (Prop_lut3_I2_O)        0.049     1.947 r  An7_OBUF_inst_i_1/O
                         net (fo=1, routed)           0.593     2.540    An7_OBUF
    U13                  OBUF (Prop_obuf_I_O)         1.321     3.861 r  An7_OBUF_inst/O
                         net (fo=0)                   0.000     3.861    An7
    U13                                                               r  An7 (OUT)
  -------------------------------------------------------------------    -------------------

Slack:                    inf
  Source:                 divider/state_reg[0]/C
                            (rising edge-triggered cell FDPE clocked by ClkPort  {rise@0.000ns fall@5.000ns period=10.000ns})
  Destination:            Ld4
                            (output port)
  Path Group:             (none)
  Path Type:              Min at Fast Process Corner
  Data Path Delay:        2.365ns  (logic 1.503ns (63.564%)  route 0.862ns (36.436%))
  Logic Levels:           2  (LUT3=1 OBUF=1)
  Clock Uncertainty:      0.025ns  ((TSJ^2 + TIJ^2)^1/2 + DJ) / 2 + PE
    Total System Jitter     (TSJ):    0.050ns
    Total Input Jitter      (TIJ):    0.000ns
    Discrete Jitter          (DJ):    0.000ns
    Phase Error              (PE):    0.000ns
  Timing Exception:       False Path

    Location             Delay type                Incr(ns)  Path(ns)    Netlist Resource(s)
  -------------------------------------------------------------------    -------------------
                         (clock ClkPort rise edge)    0.000     0.000 r  
    E3                                                0.000     0.000 r  ClkPort (IN)
                         net (fo=0)                   0.000     0.000    BUFGP1/I
    E3                   IBUF (Prop_ibuf_I_O)         0.250     0.250 r  BUFGP1/IBUF/O
                         net (fo=1, routed)           0.644     0.894    BUFGP1/IBUFG_2_BUFG
    BUFGCTRL_X0Y16       BUFG (Prop_bufg_I_O)         0.026     0.920 r  BUFGP1/BUFG/O
                         net (fo=86, routed)          0.598     1.517    divider/board_clk
    SLICE_X1Y67          FDPE                                         r  divider/state_reg[0]/C
  -------------------------------------------------------------------    -------------------
    SLICE_X1Y67          FDPE (Prop_fdpe_C_Q)         0.141     1.658 f  divider/state_reg[0]/Q
                         net (fo=13, routed)          0.245     1.904    divider/Ld7_OBUF
    SLICE_X1Y67          LUT3 (Prop_lut3_I2_O)        0.043     1.947 r  divider/Ld4_OBUF_inst_i_1/O
                         net (fo=1, routed)           0.617     2.563    Ld4_OBUF
    R18                  OBUF (Prop_obuf_I_O)         1.319     3.882 r  Ld4_OBUF_inst/O
                         net (fo=0)                   0.000     3.882    Ld4
    R18                                                               r  Ld4 (OUT)
  -------------------------------------------------------------------    -------------------





--------------------------------------------------------------------------------------
Path Group:  (none)
From Clock:  
  To Clock:  ClkPort

Max Delay            67 Endpoints
Min Delay            67 Endpoints
--------------------------------------------------------------------------------------


Max Delay Paths
--------------------------------------------------------------------------------------
Slack:                    inf
  Source:                 Sw12
                            (input port)
  Destination:            divider/x_reg[4]/D
                            (rising edge-triggered cell FDRE clocked by ClkPort  {rise@0.000ns fall@5.000ns period=10.000ns})
  Path Group:             (none)
  Path Type:              Setup (Max at Slow Process Corner)
  Data Path Delay:        6.315ns  (logic 1.591ns (25.188%)  route 4.724ns (74.812%))
  Logic Levels:           2  (IBUF=1 LUT5=1)
  Clock Path Skew:        5.021ns (DCD - SCD + CPR)
    Destination Clock Delay (DCD):    5.021ns
    Source Clock Delay      (SCD):    0.000ns
    Clock Pessimism Removal (CPR):    0.000ns
  Clock Uncertainty:      0.025ns  ((TSJ^2 + TIJ^2)^1/2 + DJ) / 2 + PE
    Total System Jitter     (TSJ):    0.050ns
    Total Input Jitter      (TIJ):    0.000ns
    Discrete Jitter          (DJ):    0.000ns
    Phase Error              (PE):    0.000ns
  Timing Exception:       False Path

    Location             Delay type                Incr(ns)  Path(ns)    Netlist Resource(s)
  -------------------------------------------------------------------    -------------------
    H6                                                0.000     0.000 r  Sw12 (IN)
                         net (fo=0)                   0.000     0.000    Sw12
    H6                   IBUF (Prop_ibuf_I_O)         1.467     1.467 r  Sw12_IBUF_inst/O
                         net (fo=2, routed)           4.724     6.191    divider/Sw12_IBUF
    SLICE_X4Y64          LUT5 (Prop_lut5_I4_O)        0.124     6.315 r  divider/x[4]_i_1/O
                         net (fo=1, routed)           0.000     6.315    divider/x[4]
    SLICE_X4Y64          FDRE                                         r  divider/x_reg[4]/D
  -------------------------------------------------------------------    -------------------

                         (clock ClkPort rise edge)    0.000     0.000 r  
    E3                                                0.000     0.000 r  ClkPort (IN)
                         net (fo=0)                   0.000     0.000    BUFGP1/I
    E3                   IBUF (Prop_ibuf_I_O)         1.411     1.411 r  BUFGP1/IBUF/O
                         net (fo=1, routed)           1.920     3.331    BUFGP1/IBUFG_2_BUFG
    BUFGCTRL_X0Y16       BUFG (Prop_bufg_I_O)         0.091     3.422 r  BUFGP1/BUFG/O
                         net (fo=86, routed)          1.598     5.021    divider/board_clk
    SLICE_X4Y64          FDRE                                         r  divider/x_reg[4]/C

Slack:                    inf
  Source:                 Sw8
                            (input port)
  Destination:            divider/x_reg[0]/D
                            (rising edge-triggered cell FDRE clocked by ClkPort  {rise@0.000ns fall@5.000ns period=10.000ns})
  Path Group:             (none)
  Path Type:              Setup (Max at Slow Process Corner)
  Data Path Delay:        5.826ns  (logic 1.621ns (27.826%)  route 4.205ns (72.174%))
  Logic Levels:           2  (IBUF=1 LUT5=1)
  Clock Path Skew:        5.023ns (DCD - SCD + CPR)
    Destination Clock Delay (DCD):    5.023ns
    Source Clock Delay      (SCD):    0.000ns
    Clock Pessimism Removal (CPR):    0.000ns
  Clock Uncertainty:      0.025ns  ((TSJ^2 + TIJ^2)^1/2 + DJ) / 2 + PE
    Total System Jitter     (TSJ):    0.050ns
    Total Input Jitter      (TIJ):    0.000ns
    Discrete Jitter          (DJ):    0.000ns
    Phase Error              (PE):    0.000ns
  Timing Exception:       False Path

    Location             Delay type                Incr(ns)  Path(ns)    Netlist Resource(s)
  -------------------------------------------------------------------    -------------------
    T8                                                0.000     0.000 r  Sw8 (IN)
                         net (fo=0)                   0.000     0.000    Sw8
    T8                   IBUF (Prop_ibuf_I_O)         1.497     1.497 r  Sw8_IBUF_inst/O
                         net (fo=2, routed)           4.205     5.702    divider/Sw8_IBUF
    SLICE_X1Y63          LUT5 (Prop_lut5_I4_O)        0.124     5.826 r  divider/x[0]_i_1/O
                         net (fo=1, routed)           0.000     5.826    divider/x[0]
    SLICE_X1Y63          FDRE                                         r  divider/x_reg[0]/D
  -------------------------------------------------------------------    -------------------

                         (clock ClkPort rise edge)    0.000     0.000 r  
    E3                                                0.000     0.000 r  ClkPort (IN)
                         net (fo=0)                   0.000     0.000    BUFGP1/I
    E3                   IBUF (Prop_ibuf_I_O)         1.411     1.411 r  BUFGP1/IBUF/O
                         net (fo=1, routed)           1.920     3.331    BUFGP1/IBUFG_2_BUFG
    BUFGCTRL_X0Y16       BUFG (Prop_bufg_I_O)         0.091     3.422 r  BUFGP1/BUFG/O
                         net (fo=86, routed)          1.600     5.023    divider/board_clk
    SLICE_X1Y63          FDRE                                         r  divider/x_reg[0]/C

Slack:                    inf
  Source:                 BtnU
                            (input port)
  Destination:            ee201_debouncer_1/FSM_onehot_state_reg[1]/CE
                            (rising edge-triggered cell FDCE clocked by ClkPort  {rise@0.000ns fall@5.000ns period=10.000ns})
  Path Group:             (none)
  Path Type:              Setup (Max at Slow Process Corner)
  Data Path Delay:        5.802ns  (logic 1.962ns (33.810%)  route 3.841ns (66.190%))
  Logic Levels:           3  (IBUF=1 LUT3=1 LUT6=1)
  Clock Path Skew:        5.020ns (DCD - SCD + CPR)
    Destination Clock Delay (DCD):    5.020ns
    Source Clock Delay      (SCD):    0.000ns
    Clock Pessimism Removal (CPR):    0.000ns
  Clock Uncertainty:      0.025ns  ((TSJ^2 + TIJ^2)^1/2 + DJ) / 2 + PE
    Total System Jitter     (TSJ):    0.050ns
    Total Input Jitter      (TIJ):    0.000ns
    Discrete Jitter          (DJ):    0.000ns
    Phase Error              (PE):    0.000ns
  Timing Exception:       False Path

    Location             Delay type                Incr(ns)  Path(ns)    Netlist Resource(s)
  -------------------------------------------------------------------    -------------------
    M18                                               0.000     0.000 r  BtnU (IN)
                         net (fo=0)                   0.000     0.000    BtnU
    M18                  IBUF (Prop_ibuf_I_O)         1.486     1.486 r  BtnU_IBUF_inst/O
                         net (fo=12, routed)          2.431     3.917    ee201_debouncer_1/Ld2_OBUF
    SLICE_X4Y65          LUT3 (Prop_lut3_I1_O)        0.150     4.067 r  ee201_debouncer_1/FSM_onehot_state[8]_i_3/O
                         net (fo=1, routed)           0.791     4.858    ee201_debouncer_1/FSM_onehot_state[8]_i_3_n_0
    SLICE_X6Y65          LUT6 (Prop_lut6_I1_O)        0.326     5.184 r  ee201_debouncer_1/FSM_onehot_state[8]_i_1/O
                         net (fo=9, routed)           0.619     5.802    ee201_debouncer_1/FSM_onehot_state[8]_i_1_n_0
    SLICE_X6Y65          FDCE                                         r  ee201_debouncer_1/FSM_onehot_state_reg[1]/CE
  -------------------------------------------------------------------    -------------------

                         (clock ClkPort rise edge)    0.000     0.000 r  
    E3                                                0.000     0.000 r  ClkPort (IN)
                         net (fo=0)                   0.000     0.000    BUFGP1/I
    E3                   IBUF (Prop_ibuf_I_O)         1.411     1.411 r  BUFGP1/IBUF/O
                         net (fo=1, routed)           1.920     3.331    BUFGP1/IBUFG_2_BUFG
    BUFGCTRL_X0Y16       BUFG (Prop_bufg_I_O)         0.091     3.422 r  BUFGP1/BUFG/O
                         net (fo=86, routed)          1.597     5.020    ee201_debouncer_1/board_clk
    SLICE_X6Y65          FDCE                                         r  ee201_debouncer_1/FSM_onehot_state_reg[1]/C

Slack:                    inf
  Source:                 BtnU
                            (input port)
  Destination:            ee201_debouncer_1/FSM_onehot_state_reg[5]/CE
                            (rising edge-triggered cell FDCE clocked by ClkPort  {rise@0.000ns fall@5.000ns period=10.000ns})
  Path Group:             (none)
  Path Type:              Setup (Max at Slow Process Corner)
  Data Path Delay:        5.802ns  (logic 1.962ns (33.810%)  route 3.841ns (66.190%))
  Logic Levels:           3  (IBUF=1 LUT3=1 LUT6=1)
  Clock Path Skew:        5.020ns (DCD - SCD + CPR)
    Destination Clock Delay (DCD):    5.020ns
    Source Clock Delay      (SCD):    0.000ns
    Clock Pessimism Removal (CPR):    0.000ns
  Clock Uncertainty:      0.025ns  ((TSJ^2 + TIJ^2)^1/2 + DJ) / 2 + PE
    Total System Jitter     (TSJ):    0.050ns
    Total Input Jitter      (TIJ):    0.000ns
    Discrete Jitter          (DJ):    0.000ns
    Phase Error              (PE):    0.000ns
  Timing Exception:       False Path

    Location             Delay type                Incr(ns)  Path(ns)    Netlist Resource(s)
  -------------------------------------------------------------------    -------------------
    M18                                               0.000     0.000 r  BtnU (IN)
                         net (fo=0)                   0.000     0.000    BtnU
    M18                  IBUF (Prop_ibuf_I_O)         1.486     1.486 r  BtnU_IBUF_inst/O
                         net (fo=12, routed)          2.431     3.917    ee201_debouncer_1/Ld2_OBUF
    SLICE_X4Y65          LUT3 (Prop_lut3_I1_O)        0.150     4.067 r  ee201_debouncer_1/FSM_onehot_state[8]_i_3/O
                         net (fo=1, routed)           0.791     4.858    ee201_debouncer_1/FSM_onehot_state[8]_i_3_n_0
    SLICE_X6Y65          LUT6 (Prop_lut6_I1_O)        0.326     5.184 r  ee201_debouncer_1/FSM_onehot_state[8]_i_1/O
                         net (fo=9, routed)           0.619     5.802    ee201_debouncer_1/FSM_onehot_state[8]_i_1_n_0
    SLICE_X6Y65          FDCE                                         r  ee201_debouncer_1/FSM_onehot_state_reg[5]/CE
  -------------------------------------------------------------------    -------------------

                         (clock ClkPort rise edge)    0.000     0.000 r  
    E3                                                0.000     0.000 r  ClkPort (IN)
                         net (fo=0)                   0.000     0.000    BUFGP1/I
    E3                   IBUF (Prop_ibuf_I_O)         1.411     1.411 r  BUFGP1/IBUF/O
                         net (fo=1, routed)           1.920     3.331    BUFGP1/IBUFG_2_BUFG
    BUFGCTRL_X0Y16       BUFG (Prop_bufg_I_O)         0.091     3.422 r  BUFGP1/BUFG/O
                         net (fo=86, routed)          1.597     5.020    ee201_debouncer_1/board_clk
    SLICE_X6Y65          FDCE                                         r  ee201_debouncer_1/FSM_onehot_state_reg[5]/C

Slack:                    inf
  Source:                 BtnU
                            (input port)
  Destination:            ee201_debouncer_1/FSM_onehot_state_reg[8]/CE
                            (rising edge-triggered cell FDCE clocked by ClkPort  {rise@0.000ns fall@5.000ns period=10.000ns})
  Path Group:             (none)
  Path Type:              Setup (Max at Slow Process Corner)
  Data Path Delay:        5.802ns  (logic 1.962ns (33.810%)  route 3.841ns (66.190%))
  Logic Levels:           3  (IBUF=1 LUT3=1 LUT6=1)
  Clock Path Skew:        5.020ns (DCD - SCD + CPR)
    Destination Clock Delay (DCD):    5.020ns
    Source Clock Delay      (SCD):    0.000ns
    Clock Pessimism Removal (CPR):    0.000ns
  Clock Uncertainty:      0.025ns  ((TSJ^2 + TIJ^2)^1/2 + DJ) / 2 + PE
    Total System Jitter     (TSJ):    0.050ns
    Total Input Jitter      (TIJ):    0.000ns
    Discrete Jitter          (DJ):    0.000ns
    Phase Error              (PE):    0.000ns
  Timing Exception:       False Path

    Location             Delay type                Incr(ns)  Path(ns)    Netlist Resource(s)
  -------------------------------------------------------------------    -------------------
    M18                                               0.000     0.000 r  BtnU (IN)
                         net (fo=0)                   0.000     0.000    BtnU
    M18                  IBUF (Prop_ibuf_I_O)         1.486     1.486 r  BtnU_IBUF_inst/O
                         net (fo=12, routed)          2.431     3.917    ee201_debouncer_1/Ld2_OBUF
    SLICE_X4Y65          LUT3 (Prop_lut3_I1_O)        0.150     4.067 r  ee201_debouncer_1/FSM_onehot_state[8]_i_3/O
                         net (fo=1, routed)           0.791     4.858    ee201_debouncer_1/FSM_onehot_state[8]_i_3_n_0
    SLICE_X6Y65          LUT6 (Prop_lut6_I1_O)        0.326     5.184 r  ee201_debouncer_1/FSM_onehot_state[8]_i_1/O
                         net (fo=9, routed)           0.619     5.802    ee201_debouncer_1/FSM_onehot_state[8]_i_1_n_0
    SLICE_X6Y65          FDCE                                         r  ee201_debouncer_1/FSM_onehot_state_reg[8]/CE
  -------------------------------------------------------------------    -------------------

                         (clock ClkPort rise edge)    0.000     0.000 r  
    E3                                                0.000     0.000 r  ClkPort (IN)
                         net (fo=0)                   0.000     0.000    BUFGP1/I
    E3                   IBUF (Prop_ibuf_I_O)         1.411     1.411 r  BUFGP1/IBUF/O
                         net (fo=1, routed)           1.920     3.331    BUFGP1/IBUFG_2_BUFG
    BUFGCTRL_X0Y16       BUFG (Prop_bufg_I_O)         0.091     3.422 r  BUFGP1/BUFG/O
                         net (fo=86, routed)          1.597     5.020    ee201_debouncer_1/board_clk
    SLICE_X6Y65          FDCE                                         r  ee201_debouncer_1/FSM_onehot_state_reg[8]/C

Slack:                    inf
  Source:                 Sw9
                            (input port)
  Destination:            divider/x_reg[1]/D
                            (rising edge-triggered cell FDRE clocked by ClkPort  {rise@0.000ns fall@5.000ns period=10.000ns})
  Path Group:             (none)
  Path Type:              Setup (Max at Slow Process Corner)
  Data Path Delay:        5.715ns  (logic 1.606ns (28.100%)  route 4.109ns (71.900%))
  Logic Levels:           2  (IBUF=1 LUT5=1)
  Clock Path Skew:        5.024ns (DCD - SCD + CPR)
    Destination Clock Delay (DCD):    5.024ns
    Source Clock Delay      (SCD):    0.000ns
    Clock Pessimism Removal (CPR):    0.000ns
  Clock Uncertainty:      0.025ns  ((TSJ^2 + TIJ^2)^1/2 + DJ) / 2 + PE
    Total System Jitter     (TSJ):    0.050ns
    Total Input Jitter      (TIJ):    0.000ns
    Discrete Jitter          (DJ):    0.000ns
    Phase Error              (PE):    0.000ns
  Timing Exception:       False Path

    Location             Delay type                Incr(ns)  Path(ns)    Netlist Resource(s)
  -------------------------------------------------------------------    -------------------
    U8                                                0.000     0.000 r  Sw9 (IN)
                         net (fo=0)                   0.000     0.000    Sw9
    U8                   IBUF (Prop_ibuf_I_O)         1.482     1.482 r  Sw9_IBUF_inst/O
                         net (fo=2, routed)           4.109     5.591    divider/Sw9_IBUF
    SLICE_X2Y62          LUT5 (Prop_lut5_I4_O)        0.124     5.715 r  divider/x[1]_i_1/O
                         net (fo=1, routed)           0.000     5.715    divider/x[1]
    SLICE_X2Y62          FDRE                                         r  divider/x_reg[1]/D
  -------------------------------------------------------------------    -------------------

                         (clock ClkPort rise edge)    0.000     0.000 r  
    E3                                                0.000     0.000 r  ClkPort (IN)
                         net (fo=0)                   0.000     0.000    BUFGP1/I
    E3                   IBUF (Prop_ibuf_I_O)         1.411     1.411 r  BUFGP1/IBUF/O
                         net (fo=1, routed)           1.920     3.331    BUFGP1/IBUFG_2_BUFG
    BUFGCTRL_X0Y16       BUFG (Prop_bufg_I_O)         0.091     3.422 r  BUFGP1/BUFG/O
                         net (fo=86, routed)          1.601     5.024    divider/board_clk
    SLICE_X2Y62          FDRE                                         r  divider/x_reg[1]/C

Slack:                    inf
  Source:                 BtnU
                            (input port)
  Destination:            ee201_debouncer_1/FSM_onehot_state_reg[0]/CE
                            (rising edge-triggered cell FDPE clocked by ClkPort  {rise@0.000ns fall@5.000ns period=10.000ns})
  Path Group:             (none)
  Path Type:              Setup (Max at Slow Process Corner)
  Data Path Delay:        5.674ns  (logic 1.962ns (34.578%)  route 3.712ns (65.422%))
  Logic Levels:           3  (IBUF=1 LUT3=1 LUT6=1)
  Clock Path Skew:        5.020ns (DCD - SCD + CPR)
    Destination Clock Delay (DCD):    5.020ns
    Source Clock Delay      (SCD):    0.000ns
    Clock Pessimism Removal (CPR):    0.000ns
  Clock Uncertainty:      0.025ns  ((TSJ^2 + TIJ^2)^1/2 + DJ) / 2 + PE
    Total System Jitter     (TSJ):    0.050ns
    Total Input Jitter      (TIJ):    0.000ns
    Discrete Jitter          (DJ):    0.000ns
    Phase Error              (PE):    0.000ns
  Timing Exception:       False Path

    Location             Delay type                Incr(ns)  Path(ns)    Netlist Resource(s)
  -------------------------------------------------------------------    -------------------
    M18                                               0.000     0.000 r  BtnU (IN)
                         net (fo=0)                   0.000     0.000    BtnU
    M18                  IBUF (Prop_ibuf_I_O)         1.486     1.486 r  BtnU_IBUF_inst/O
                         net (fo=12, routed)          2.431     3.917    ee201_debouncer_1/Ld2_OBUF
    SLICE_X4Y65          LUT3 (Prop_lut3_I1_O)        0.150     4.067 r  ee201_debouncer_1/FSM_onehot_state[8]_i_3/O
                         net (fo=1, routed)           0.791     4.858    ee201_debouncer_1/FSM_onehot_state[8]_i_3_n_0
    SLICE_X6Y65          LUT6 (Prop_lut6_I1_O)        0.326     5.184 r  ee201_debouncer_1/FSM_onehot_state[8]_i_1/O
                         net (fo=9, routed)           0.490     5.674    ee201_debouncer_1/FSM_onehot_state[8]_i_1_n_0
    SLICE_X4Y65          FDPE                                         r  ee201_debouncer_1/FSM_onehot_state_reg[0]/CE
  -------------------------------------------------------------------    -------------------

                         (clock ClkPort rise edge)    0.000     0.000 r  
    E3                                                0.000     0.000 r  ClkPort (IN)
                         net (fo=0)                   0.000     0.000    BUFGP1/I
    E3                   IBUF (Prop_ibuf_I_O)         1.411     1.411 r  BUFGP1/IBUF/O
                         net (fo=1, routed)           1.920     3.331    BUFGP1/IBUFG_2_BUFG
    BUFGCTRL_X0Y16       BUFG (Prop_bufg_I_O)         0.091     3.422 r  BUFGP1/BUFG/O
                         net (fo=86, routed)          1.597     5.020    ee201_debouncer_1/board_clk
    SLICE_X4Y65          FDPE                                         r  ee201_debouncer_1/FSM_onehot_state_reg[0]/C

Slack:                    inf
  Source:                 BtnU
                            (input port)
  Destination:            ee201_debouncer_1/FSM_onehot_state_reg[2]/CE
                            (rising edge-triggered cell FDCE clocked by ClkPort  {rise@0.000ns fall@5.000ns period=10.000ns})
  Path Group:             (none)
  Path Type:              Setup (Max at Slow Process Corner)
  Data Path Delay:        5.674ns  (logic 1.962ns (34.578%)  route 3.712ns (65.422%))
  Logic Levels:           3  (IBUF=1 LUT3=1 LUT6=1)
  Clock Path Skew:        5.020ns (DCD - SCD + CPR)
    Destination Clock Delay (DCD):    5.020ns
    Source Clock Delay      (SCD):    0.000ns
    Clock Pessimism Removal (CPR):    0.000ns
  Clock Uncertainty:      0.025ns  ((TSJ^2 + TIJ^2)^1/2 + DJ) / 2 + PE
    Total System Jitter     (TSJ):    0.050ns
    Total Input Jitter      (TIJ):    0.000ns
    Discrete Jitter          (DJ):    0.000ns
    Phase Error              (PE):    0.000ns
  Timing Exception:       False Path

    Location             Delay type                Incr(ns)  Path(ns)    Netlist Resource(s)
  -------------------------------------------------------------------    -------------------
    M18                                               0.000     0.000 r  BtnU (IN)
                         net (fo=0)                   0.000     0.000    BtnU
    M18                  IBUF (Prop_ibuf_I_O)         1.486     1.486 r  BtnU_IBUF_inst/O
                         net (fo=12, routed)          2.431     3.917    ee201_debouncer_1/Ld2_OBUF
    SLICE_X4Y65          LUT3 (Prop_lut3_I1_O)        0.150     4.067 r  ee201_debouncer_1/FSM_onehot_state[8]_i_3/O
                         net (fo=1, routed)           0.791     4.858    ee201_debouncer_1/FSM_onehot_state[8]_i_3_n_0
    SLICE_X6Y65          LUT6 (Prop_lut6_I1_O)        0.326     5.184 r  ee201_debouncer_1/FSM_onehot_state[8]_i_1/O
                         net (fo=9, routed)           0.490     5.674    ee201_debouncer_1/FSM_onehot_state[8]_i_1_n_0
    SLICE_X4Y65          FDCE                                         r  ee201_debouncer_1/FSM_onehot_state_reg[2]/CE
  -------------------------------------------------------------------    -------------------

                         (clock ClkPort rise edge)    0.000     0.000 r  
    E3                                                0.000     0.000 r  ClkPort (IN)
                         net (fo=0)                   0.000     0.000    BUFGP1/I
    E3                   IBUF (Prop_ibuf_I_O)         1.411     1.411 r  BUFGP1/IBUF/O
                         net (fo=1, routed)           1.920     3.331    BUFGP1/IBUFG_2_BUFG
    BUFGCTRL_X0Y16       BUFG (Prop_bufg_I_O)         0.091     3.422 r  BUFGP1/BUFG/O
                         net (fo=86, routed)          1.597     5.020    ee201_debouncer_1/board_clk
    SLICE_X4Y65          FDCE                                         r  ee201_debouncer_1/FSM_onehot_state_reg[2]/C

Slack:                    inf
  Source:                 BtnU
                            (input port)
  Destination:            ee201_debouncer_1/FSM_onehot_state_reg[3]/CE
                            (rising edge-triggered cell FDCE clocked by ClkPort  {rise@0.000ns fall@5.000ns period=10.000ns})
  Path Group:             (none)
  Path Type:              Setup (Max at Slow Process Corner)
  Data Path Delay:        5.674ns  (logic 1.962ns (34.578%)  route 3.712ns (65.422%))
  Logic Levels:           3  (IBUF=1 LUT3=1 LUT6=1)
  Clock Path Skew:        5.020ns (DCD - SCD + CPR)
    Destination Clock Delay (DCD):    5.020ns
    Source Clock Delay      (SCD):    0.000ns
    Clock Pessimism Removal (CPR):    0.000ns
  Clock Uncertainty:      0.025ns  ((TSJ^2 + TIJ^2)^1/2 + DJ) / 2 + PE
    Total System Jitter     (TSJ):    0.050ns
    Total Input Jitter      (TIJ):    0.000ns
    Discrete Jitter          (DJ):    0.000ns
    Phase Error              (PE):    0.000ns
  Timing Exception:       False Path

    Location             Delay type                Incr(ns)  Path(ns)    Netlist Resource(s)
  -------------------------------------------------------------------    -------------------
    M18                                               0.000     0.000 r  BtnU (IN)
                         net (fo=0)                   0.000     0.000    BtnU
    M18                  IBUF (Prop_ibuf_I_O)         1.486     1.486 r  BtnU_IBUF_inst/O
                         net (fo=12, routed)          2.431     3.917    ee201_debouncer_1/Ld2_OBUF
    SLICE_X4Y65          LUT3 (Prop_lut3_I1_O)        0.150     4.067 r  ee201_debouncer_1/FSM_onehot_state[8]_i_3/O
                         net (fo=1, routed)           0.791     4.858    ee201_debouncer_1/FSM_onehot_state[8]_i_3_n_0
    SLICE_X6Y65          LUT6 (Prop_lut6_I1_O)        0.326     5.184 r  ee201_debouncer_1/FSM_onehot_state[8]_i_1/O
                         net (fo=9, routed)           0.490     5.674    ee201_debouncer_1/FSM_onehot_state[8]_i_1_n_0
    SLICE_X4Y65          FDCE                                         r  ee201_debouncer_1/FSM_onehot_state_reg[3]/CE
  -------------------------------------------------------------------    -------------------

                         (clock ClkPort rise edge)    0.000     0.000 r  
    E3                                                0.000     0.000 r  ClkPort (IN)
                         net (fo=0)                   0.000     0.000    BUFGP1/I
    E3                   IBUF (Prop_ibuf_I_O)         1.411     1.411 r  BUFGP1/IBUF/O
                         net (fo=1, routed)           1.920     3.331    BUFGP1/IBUFG_2_BUFG
    BUFGCTRL_X0Y16       BUFG (Prop_bufg_I_O)         0.091     3.422 r  BUFGP1/BUFG/O
                         net (fo=86, routed)          1.597     5.020    ee201_debouncer_1/board_clk
    SLICE_X4Y65          FDCE                                         r  ee201_debouncer_1/FSM_onehot_state_reg[3]/C

Slack:                    inf
  Source:                 BtnU
                            (input port)
  Destination:            ee201_debouncer_1/FSM_onehot_state_reg[4]/CE
                            (rising edge-triggered cell FDCE clocked by ClkPort  {rise@0.000ns fall@5.000ns period=10.000ns})
  Path Group:             (none)
  Path Type:              Setup (Max at Slow Process Corner)
  Data Path Delay:        5.386ns  (logic 1.962ns (36.427%)  route 3.424ns (63.573%))
  Logic Levels:           3  (IBUF=1 LUT3=1 LUT6=1)
  Clock Path Skew:        5.020ns (DCD - SCD + CPR)
    Destination Clock Delay (DCD):    5.020ns
    Source Clock Delay      (SCD):    0.000ns
    Clock Pessimism Removal (CPR):    0.000ns
  Clock Uncertainty:      0.025ns  ((TSJ^2 + TIJ^2)^1/2 + DJ) / 2 + PE
    Total System Jitter     (TSJ):    0.050ns
    Total Input Jitter      (TIJ):    0.000ns
    Discrete Jitter          (DJ):    0.000ns
    Phase Error              (PE):    0.000ns
  Timing Exception:       False Path

    Location             Delay type                Incr(ns)  Path(ns)    Netlist Resource(s)
  -------------------------------------------------------------------    -------------------
    M18                                               0.000     0.000 r  BtnU (IN)
                         net (fo=0)                   0.000     0.000    BtnU
    M18                  IBUF (Prop_ibuf_I_O)         1.486     1.486 r  BtnU_IBUF_inst/O
                         net (fo=12, routed)          2.431     3.917    ee201_debouncer_1/Ld2_OBUF
    SLICE_X4Y65          LUT3 (Prop_lut3_I1_O)        0.150     4.067 r  ee201_debouncer_1/FSM_onehot_state[8]_i_3/O
                         net (fo=1, routed)           0.791     4.858    ee201_debouncer_1/FSM_onehot_state[8]_i_3_n_0
    SLICE_X6Y65          LUT6 (Prop_lut6_I1_O)        0.326     5.184 r  ee201_debouncer_1/FSM_onehot_state[8]_i_1/O
                         net (fo=9, routed)           0.202     5.386    ee201_debouncer_1/FSM_onehot_state[8]_i_1_n_0
    SLICE_X7Y65          FDCE                                         r  ee201_debouncer_1/FSM_onehot_state_reg[4]/CE
  -------------------------------------------------------------------    -------------------

                         (clock ClkPort rise edge)    0.000     0.000 r  
    E3                                                0.000     0.000 r  ClkPort (IN)
                         net (fo=0)                   0.000     0.000    BUFGP1/I
    E3                   IBUF (Prop_ibuf_I_O)         1.411     1.411 r  BUFGP1/IBUF/O
                         net (fo=1, routed)           1.920     3.331    BUFGP1/IBUFG_2_BUFG
    BUFGCTRL_X0Y16       BUFG (Prop_bufg_I_O)         0.091     3.422 r  BUFGP1/BUFG/O
                         net (fo=86, routed)          1.597     5.020    ee201_debouncer_1/board_clk
    SLICE_X7Y65          FDCE                                         r  ee201_debouncer_1/FSM_onehot_state_reg[4]/C





Min Delay Paths
--------------------------------------------------------------------------------------
Slack:                    inf
  Source:                 Sw6
                            (input port)
  Destination:            divider/y_reg[6]/D
                            (rising edge-triggered cell FDRE clocked by ClkPort  {rise@0.000ns fall@5.000ns period=10.000ns})
  Path Group:             (none)
  Path Type:              Hold (Min at Fast Process Corner)
  Data Path Delay:        0.659ns  (logic 0.262ns (39.718%)  route 0.397ns (60.282%))
  Logic Levels:           1  (IBUF=1)
  Clock Path Skew:        2.037ns (DCD - SCD - CPR)
    Destination Clock Delay (DCD):    2.037ns
    Source Clock Delay      (SCD):    0.000ns
    Clock Pessimism Removal (CPR):    -0.000ns
  Timing Exception:       False Path

    Location             Delay type                Incr(ns)  Path(ns)    Netlist Resource(s)
  -------------------------------------------------------------------    -------------------
    U18                                               0.000     0.000 r  Sw6 (IN)
                         net (fo=0)                   0.000     0.000    Sw6
    U18                  IBUF (Prop_ibuf_I_O)         0.262     0.262 r  Sw6_IBUF_inst/O
                         net (fo=2, routed)           0.397     0.659    divider/D[6]
    SLICE_X2Y63          FDRE                                         r  divider/y_reg[6]/D
  -------------------------------------------------------------------    -------------------

                         (clock ClkPort rise edge)    0.000     0.000 r  
    E3                                                0.000     0.000 r  ClkPort (IN)
                         net (fo=0)                   0.000     0.000    BUFGP1/I
    E3                   IBUF (Prop_ibuf_I_O)         0.438     0.438 r  BUFGP1/IBUF/O
                         net (fo=1, routed)           0.699     1.136    BUFGP1/IBUFG_2_BUFG
    BUFGCTRL_X0Y16       BUFG (Prop_bufg_I_O)         0.029     1.165 r  BUFGP1/BUFG/O
                         net (fo=86, routed)          0.872     2.037    divider/board_clk
    SLICE_X2Y63          FDRE                                         r  divider/y_reg[6]/C

Slack:                    inf
  Source:                 Sw14
                            (input port)
  Destination:            divider/x_reg[6]/D
                            (rising edge-triggered cell FDRE clocked by ClkPort  {rise@0.000ns fall@5.000ns period=10.000ns})
  Path Group:             (none)
  Path Type:              Hold (Min at Fast Process Corner)
  Data Path Delay:        0.781ns  (logic 0.322ns (41.297%)  route 0.458ns (58.703%))
  Logic Levels:           2  (IBUF=1 LUT5=1)
  Clock Path Skew:        2.038ns (DCD - SCD - CPR)
    Destination Clock Delay (DCD):    2.038ns
    Source Clock Delay      (SCD):    0.000ns
    Clock Pessimism Removal (CPR):    -0.000ns
  Timing Exception:       False Path

    Location             Delay type                Incr(ns)  Path(ns)    Netlist Resource(s)
  -------------------------------------------------------------------    -------------------
    U11                                               0.000     0.000 r  Sw14 (IN)
                         net (fo=0)                   0.000     0.000    Sw14
    U11                  IBUF (Prop_ibuf_I_O)         0.277     0.277 r  Sw14_IBUF_inst/O
                         net (fo=2, routed)           0.458     0.736    divider/Sw14_IBUF
    SLICE_X2Y62          LUT5 (Prop_lut5_I4_O)        0.045     0.781 r  divider/x[6]_i_1/O
                         net (fo=1, routed)           0.000     0.781    divider/x[6]
    SLICE_X2Y62          FDRE                                         r  divider/x_reg[6]/D
  -------------------------------------------------------------------    -------------------

                         (clock ClkPort rise edge)    0.000     0.000 r  
    E3                                                0.000     0.000 r  ClkPort (IN)
                         net (fo=0)                   0.000     0.000    BUFGP1/I
    E3                   IBUF (Prop_ibuf_I_O)         0.438     0.438 r  BUFGP1/IBUF/O
                         net (fo=1, routed)           0.699     1.136    BUFGP1/IBUFG_2_BUFG
    BUFGCTRL_X0Y16       BUFG (Prop_bufg_I_O)         0.029     1.165 r  BUFGP1/BUFG/O
                         net (fo=86, routed)          0.873     2.038    divider/board_clk
    SLICE_X2Y62          FDRE                                         r  divider/x_reg[6]/C

Slack:                    inf
  Source:                 BtnC
                            (input port)
  Destination:            DIV_CLK_reg[12]/CLR
                            (removal check against rising-edge clock ClkPort  {rise@0.000ns fall@5.000ns period=10.000ns})
  Path Group:             (none)
  Path Type:              Removal (Min at Fast Process Corner)
  Data Path Delay:        0.822ns  (logic 0.244ns (29.734%)  route 0.578ns (70.266%))
  Logic Levels:           1  (IBUF=1)
  Clock Path Skew:        2.031ns (DCD - SCD - CPR)
    Destination Clock Delay (DCD):    2.031ns
    Source Clock Delay      (SCD):    0.000ns
    Clock Pessimism Removal (CPR):    -0.000ns
  Timing Exception:       False Path

    Location             Delay type                Incr(ns)  Path(ns)    Netlist Resource(s)
  -------------------------------------------------------------------    -------------------
    N17                                               0.000     0.000 f  BtnC (IN)
                         net (fo=0)                   0.000     0.000    BtnC
    N17                  IBUF (Prop_ibuf_I_O)         0.244     0.244 f  BtnC_IBUF_inst/O
                         net (fo=33, routed)          0.578     0.822    BtnC_IBUF
    SLICE_X0Y70          FDCE                                         f  DIV_CLK_reg[12]/CLR
  -------------------------------------------------------------------    -------------------

                         (clock ClkPort rise edge)    0.000     0.000 r  
    E3                                                0.000     0.000 r  ClkPort (IN)
                         net (fo=0)                   0.000     0.000    BUFGP1/I
    E3                   IBUF (Prop_ibuf_I_O)         0.438     0.438 r  BUFGP1/IBUF/O
                         net (fo=1, routed)           0.699     1.136    BUFGP1/IBUFG_2_BUFG
    BUFGCTRL_X0Y16       BUFG (Prop_bufg_I_O)         0.029     1.165 r  BUFGP1/BUFG/O
                         net (fo=86, routed)          0.866     2.031    board_clk
    SLICE_X0Y70          FDCE                                         r  DIV_CLK_reg[12]/C

Slack:                    inf
  Source:                 BtnC
                            (input port)
  Destination:            DIV_CLK_reg[13]/CLR
                            (removal check against rising-edge clock ClkPort  {rise@0.000ns fall@5.000ns period=10.000ns})
  Path Group:             (none)
  Path Type:              Removal (Min at Fast Process Corner)
  Data Path Delay:        0.822ns  (logic 0.244ns (29.734%)  route 0.578ns (70.266%))
  Logic Levels:           1  (IBUF=1)
  Clock Path Skew:        2.031ns (DCD - SCD - CPR)
    Destination Clock Delay (DCD):    2.031ns
    Source Clock Delay      (SCD):    0.000ns
    Clock Pessimism Removal (CPR):    -0.000ns
  Timing Exception:       False Path

    Location             Delay type                Incr(ns)  Path(ns)    Netlist Resource(s)
  -------------------------------------------------------------------    -------------------
    N17                                               0.000     0.000 f  BtnC (IN)
                         net (fo=0)                   0.000     0.000    BtnC
    N17                  IBUF (Prop_ibuf_I_O)         0.244     0.244 f  BtnC_IBUF_inst/O
                         net (fo=33, routed)          0.578     0.822    BtnC_IBUF
    SLICE_X0Y70          FDCE                                         f  DIV_CLK_reg[13]/CLR
  -------------------------------------------------------------------    -------------------

                         (clock ClkPort rise edge)    0.000     0.000 r  
    E3                                                0.000     0.000 r  ClkPort (IN)
                         net (fo=0)                   0.000     0.000    BUFGP1/I
    E3                   IBUF (Prop_ibuf_I_O)         0.438     0.438 r  BUFGP1/IBUF/O
                         net (fo=1, routed)           0.699     1.136    BUFGP1/IBUFG_2_BUFG
    BUFGCTRL_X0Y16       BUFG (Prop_bufg_I_O)         0.029     1.165 r  BUFGP1/BUFG/O
                         net (fo=86, routed)          0.866     2.031    board_clk
    SLICE_X0Y70          FDCE                                         r  DIV_CLK_reg[13]/C

Slack:                    inf
  Source:                 BtnC
                            (input port)
  Destination:            DIV_CLK_reg[14]/CLR
                            (removal check against rising-edge clock ClkPort  {rise@0.000ns fall@5.000ns period=10.000ns})
  Path Group:             (none)
  Path Type:              Removal (Min at Fast Process Corner)
  Data Path Delay:        0.822ns  (logic 0.244ns (29.734%)  route 0.578ns (70.266%))
  Logic Levels:           1  (IBUF=1)
  Clock Path Skew:        2.031ns (DCD - SCD - CPR)
    Destination Clock Delay (DCD):    2.031ns
    Source Clock Delay      (SCD):    0.000ns
    Clock Pessimism Removal (CPR):    -0.000ns
  Timing Exception:       False Path

    Location             Delay type                Incr(ns)  Path(ns)    Netlist Resource(s)
  -------------------------------------------------------------------    -------------------
    N17                                               0.000     0.000 f  BtnC (IN)
                         net (fo=0)                   0.000     0.000    BtnC
    N17                  IBUF (Prop_ibuf_I_O)         0.244     0.244 f  BtnC_IBUF_inst/O
                         net (fo=33, routed)          0.578     0.822    BtnC_IBUF
    SLICE_X0Y70          FDCE                                         f  DIV_CLK_reg[14]/CLR
  -------------------------------------------------------------------    -------------------

                         (clock ClkPort rise edge)    0.000     0.000 r  
    E3                                                0.000     0.000 r  ClkPort (IN)
                         net (fo=0)                   0.000     0.000    BUFGP1/I
    E3                   IBUF (Prop_ibuf_I_O)         0.438     0.438 r  BUFGP1/IBUF/O
                         net (fo=1, routed)           0.699     1.136    BUFGP1/IBUFG_2_BUFG
    BUFGCTRL_X0Y16       BUFG (Prop_bufg_I_O)         0.029     1.165 r  BUFGP1/BUFG/O
                         net (fo=86, routed)          0.866     2.031    board_clk
    SLICE_X0Y70          FDCE                                         r  DIV_CLK_reg[14]/C

Slack:                    inf
  Source:                 BtnC
                            (input port)
  Destination:            DIV_CLK_reg[15]/CLR
                            (removal check against rising-edge clock ClkPort  {rise@0.000ns fall@5.000ns period=10.000ns})
  Path Group:             (none)
  Path Type:              Removal (Min at Fast Process Corner)
  Data Path Delay:        0.822ns  (logic 0.244ns (29.734%)  route 0.578ns (70.266%))
  Logic Levels:           1  (IBUF=1)
  Clock Path Skew:        2.031ns (DCD - SCD - CPR)
    Destination Clock Delay (DCD):    2.031ns
    Source Clock Delay      (SCD):    0.000ns
    Clock Pessimism Removal (CPR):    -0.000ns
  Timing Exception:       False Path

    Location             Delay type                Incr(ns)  Path(ns)    Netlist Resource(s)
  -------------------------------------------------------------------    -------------------
    N17                                               0.000     0.000 f  BtnC (IN)
                         net (fo=0)                   0.000     0.000    BtnC
    N17                  IBUF (Prop_ibuf_I_O)         0.244     0.244 f  BtnC_IBUF_inst/O
                         net (fo=33, routed)          0.578     0.822    BtnC_IBUF
    SLICE_X0Y70          FDCE                                         f  DIV_CLK_reg[15]/CLR
  -------------------------------------------------------------------    -------------------

                         (clock ClkPort rise edge)    0.000     0.000 r  
    E3                                                0.000     0.000 r  ClkPort (IN)
                         net (fo=0)                   0.000     0.000    BUFGP1/I
    E3                   IBUF (Prop_ibuf_I_O)         0.438     0.438 r  BUFGP1/IBUF/O
                         net (fo=1, routed)           0.699     1.136    BUFGP1/IBUFG_2_BUFG
    BUFGCTRL_X0Y16       BUFG (Prop_bufg_I_O)         0.029     1.165 r  BUFGP1/BUFG/O
                         net (fo=86, routed)          0.866     2.031    board_clk
    SLICE_X0Y70          FDCE                                         r  DIV_CLK_reg[15]/C

Slack:                    inf
  Source:                 Sw15
                            (input port)
  Destination:            divider/x_reg[7]/D
                            (rising edge-triggered cell FDRE clocked by ClkPort  {rise@0.000ns fall@5.000ns period=10.000ns})
  Path Group:             (none)
  Path Type:              Hold (Min at Fast Process Corner)
  Data Path Delay:        0.828ns  (logic 0.337ns (40.619%)  route 0.492ns (59.381%))
  Logic Levels:           2  (IBUF=1 LUT5=1)
  Clock Path Skew:        2.037ns (DCD - SCD - CPR)
    Destination Clock Delay (DCD):    2.037ns
    Source Clock Delay      (SCD):    0.000ns
    Clock Pessimism Removal (CPR):    -0.000ns
  Timing Exception:       False Path

    Location             Delay type                Incr(ns)  Path(ns)    Netlist Resource(s)
  -------------------------------------------------------------------    -------------------
    V10                                               0.000     0.000 r  Sw15 (IN)
                         net (fo=0)                   0.000     0.000    Sw15
    V10                  IBUF (Prop_ibuf_I_O)         0.292     0.292 r  Sw15_IBUF_inst/O
                         net (fo=2, routed)           0.492     0.783    divider/Sw15_IBUF
    SLICE_X1Y64          LUT5 (Prop_lut5_I4_O)        0.045     0.828 r  divider/x[7]_i_2/O
                         net (fo=1, routed)           0.000     0.828    divider/x[7]
    SLICE_X1Y64          FDRE                                         r  divider/x_reg[7]/D
  -------------------------------------------------------------------    -------------------

                         (clock ClkPort rise edge)    0.000     0.000 r  
    E3                                                0.000     0.000 r  ClkPort (IN)
                         net (fo=0)                   0.000     0.000    BUFGP1/I
    E3                   IBUF (Prop_ibuf_I_O)         0.438     0.438 r  BUFGP1/IBUF/O
                         net (fo=1, routed)           0.699     1.136    BUFGP1/IBUFG_2_BUFG
    BUFGCTRL_X0Y16       BUFG (Prop_bufg_I_O)         0.029     1.165 r  BUFGP1/BUFG/O
                         net (fo=86, routed)          0.872     2.037    divider/board_clk
    SLICE_X1Y64          FDRE                                         r  divider/x_reg[7]/C

Slack:                    inf
  Source:                 Sw10
                            (input port)
  Destination:            divider/x_reg[2]/D
                            (rising edge-triggered cell FDRE clocked by ClkPort  {rise@0.000ns fall@5.000ns period=10.000ns})
  Path Group:             (none)
  Path Type:              Hold (Min at Fast Process Corner)
  Data Path Delay:        0.856ns  (logic 0.295ns (34.473%)  route 0.561ns (65.527%))
  Logic Levels:           2  (IBUF=1 LUT5=1)
  Clock Path Skew:        2.037ns (DCD - SCD - CPR)
    Destination Clock Delay (DCD):    2.037ns
    Source Clock Delay      (SCD):    0.000ns
    Clock Pessimism Removal (CPR):    -0.000ns
  Timing Exception:       False Path

    Location             Delay type                Incr(ns)  Path(ns)    Netlist Resource(s)
  -------------------------------------------------------------------    -------------------
    R16                                               0.000     0.000 r  Sw10 (IN)
                         net (fo=0)                   0.000     0.000    Sw10
    R16                  IBUF (Prop_ibuf_I_O)         0.250     0.250 r  Sw10_IBUF_inst/O
                         net (fo=2, routed)           0.561     0.811    divider/Sw10_IBUF
    SLICE_X0Y63          LUT5 (Prop_lut5_I4_O)        0.045     0.856 r  divider/x[2]_i_1/O
                         net (fo=1, routed)           0.000     0.856    divider/x[2]
    SLICE_X0Y63          FDRE                                         r  divider/x_reg[2]/D
  -------------------------------------------------------------------    -------------------

                         (clock ClkPort rise edge)    0.000     0.000 r  
    E3                                                0.000     0.000 r  ClkPort (IN)
                         net (fo=0)                   0.000     0.000    BUFGP1/I
    E3                   IBUF (Prop_ibuf_I_O)         0.438     0.438 r  BUFGP1/IBUF/O
                         net (fo=1, routed)           0.699     1.136    BUFGP1/IBUFG_2_BUFG
    BUFGCTRL_X0Y16       BUFG (Prop_bufg_I_O)         0.029     1.165 r  BUFGP1/BUFG/O
                         net (fo=86, routed)          0.872     2.037    divider/board_clk
    SLICE_X0Y63          FDRE                                         r  divider/x_reg[2]/C

Slack:                    inf
  Source:                 Sw4
                            (input port)
  Destination:            divider/y_reg[4]/D
                            (rising edge-triggered cell FDRE clocked by ClkPort  {rise@0.000ns fall@5.000ns period=10.000ns})
  Path Group:             (none)
  Path Type:              Hold (Min at Fast Process Corner)
  Data Path Delay:        0.883ns  (logic 0.260ns (29.468%)  route 0.623ns (70.532%))
  Logic Levels:           1  (IBUF=1)
  Clock Path Skew:        2.037ns (DCD - SCD - CPR)
    Destination Clock Delay (DCD):    2.037ns
    Source Clock Delay      (SCD):    0.000ns
    Clock Pessimism Removal (CPR):    -0.000ns
  Timing Exception:       False Path

    Location             Delay type                Incr(ns)  Path(ns)    Netlist Resource(s)
  -------------------------------------------------------------------    -------------------
    R17                                               0.000     0.000 r  Sw4 (IN)
                         net (fo=0)                   0.000     0.000    Sw4
    R17                  IBUF (Prop_ibuf_I_O)         0.260     0.260 r  Sw4_IBUF_inst/O
                         net (fo=2, routed)           0.623     0.883    divider/D[4]
    SLICE_X2Y63          FDRE                                         r  divider/y_reg[4]/D
  -------------------------------------------------------------------    -------------------

                         (clock ClkPort rise edge)    0.000     0.000 r  
    E3                                                0.000     0.000 r  ClkPort (IN)
                         net (fo=0)                   0.000     0.000    BUFGP1/I
    E3                   IBUF (Prop_ibuf_I_O)         0.438     0.438 r  BUFGP1/IBUF/O
                         net (fo=1, routed)           0.699     1.136    BUFGP1/IBUFG_2_BUFG
    BUFGCTRL_X0Y16       BUFG (Prop_bufg_I_O)         0.029     1.165 r  BUFGP1/BUFG/O
                         net (fo=86, routed)          0.872     2.037    divider/board_clk
    SLICE_X2Y63          FDRE                                         r  divider/y_reg[4]/C

Slack:                    inf
  Source:                 Sw11
                            (input port)
  Destination:            divider/x_reg[3]/D
                            (rising edge-triggered cell FDRE clocked by ClkPort  {rise@0.000ns fall@5.000ns period=10.000ns})
  Path Group:             (none)
  Path Type:              Hold (Min at Fast Process Corner)
  Data Path Delay:        0.886ns  (logic 0.315ns (35.525%)  route 0.571ns (64.475%))
  Logic Levels:           2  (IBUF=1 LUT5=1)
  Clock Path Skew:        2.037ns (DCD - SCD - CPR)
    Destination Clock Delay (DCD):    2.037ns
    Source Clock Delay      (SCD):    0.000ns
    Clock Pessimism Removal (CPR):    -0.000ns
  Timing Exception:       False Path

    Location             Delay type                Incr(ns)  Path(ns)    Netlist Resource(s)
  -------------------------------------------------------------------    -------------------
    T13                                               0.000     0.000 r  Sw11 (IN)
                         net (fo=0)                   0.000     0.000    Sw11
    T13                  IBUF (Prop_ibuf_I_O)         0.270     0.270 r  Sw11_IBUF_inst/O
                         net (fo=2, routed)           0.571     0.841    divider/Sw11_IBUF
    SLICE_X1Y63          LUT5 (Prop_lut5_I4_O)        0.045     0.886 r  divider/x[3]_i_1/O
                         net (fo=1, routed)           0.000     0.886    divider/x[3]
    SLICE_X1Y63          FDRE                                         r  divider/x_reg[3]/D
  -------------------------------------------------------------------    -------------------

                         (clock ClkPort rise edge)    0.000     0.000 r  
    E3                                                0.000     0.000 r  ClkPort (IN)
                         net (fo=0)                   0.000     0.000    BUFGP1/I
    E3                   IBUF (Prop_ibuf_I_O)         0.438     0.438 r  BUFGP1/IBUF/O
                         net (fo=1, routed)           0.699     1.136    BUFGP1/IBUFG_2_BUFG
    BUFGCTRL_X0Y16       BUFG (Prop_bufg_I_O)         0.029     1.165 r  BUFGP1/BUFG/O
                         net (fo=86, routed)          0.872     2.037    divider/board_clk
    SLICE_X1Y63          FDRE                                         r  divider/x_reg[3]/C





