Copyright 1986-2022 Xilinx, Inc. All Rights Reserved. Copyright 2022-2025 Advanced Micro Devices, Inc. All Rights Reserved.
------------------------------------------------------------------------------------------------------------------------------------------------------------------------------------------------------------------------------------------------------------------
| Tool Version : Vivado v.2025.1 (win64) Build 6140274 Thu May 22 00:12:29 MDT 2025
| Date         : Thu Oct 23 17:55:41 2025
| Host         : TmacComputer running 64-bit major release  (build 9200)
| Command      : report_timing_summary -max_paths 10 -routable_nets -report_unconstrained -file divider_timing_top_timing_summary_routed.rpt -pb divider_timing_top_timing_summary_routed.pb -rpx divider_timing_top_timing_summary_routed.rpx -warn_on_violation
| Design       : divider_timing_top
| Device       : 7a100t-csg324
| Speed File   : -1  PRODUCTION 1.23 2018-06-13
| Design State : Routed
------------------------------------------------------------------------------------------------------------------------------------------------------------------------------------------------------------------------------------------------------------------

Timing Summary Report

------------------------------------------------------------------------------------------------
| Timer Settings
| --------------
------------------------------------------------------------------------------------------------

  Enable Multi Corner Analysis               :  Yes
  Enable Pessimism Removal                   :  Yes
  Pessimism Removal Resolution               :  Nearest Common Node
  Enable Input Delay Default Clock           :  No
  Enable Preset / Clear Arcs                 :  No
  Disable Flight Delays                      :  No
  Ignore I/O Paths                           :  No
  Timing Early Launch at Borrowing Latches   :  No
  Borrow Time for Max Delay Exceptions       :  Yes
  Merge Timing Exceptions                    :  Yes
  Inter-SLR Compensation                     :  Conservative

  Corner  Analyze    Analyze    
  Name    Max Paths  Min Paths  
  ------  ---------  ---------  
  Slow    Yes        Yes        
  Fast    Yes        Yes        


------------------------------------------------------------------------------------------------
| Report Methodology
| ------------------
------------------------------------------------------------------------------------------------

Rule       Severity  Description                    Violations  
---------  --------  -----------------------------  ----------  
TIMING-18  Warning   Missing input or output delay  20          

Note: This report is based on the most recent report_methodology run and may not be up-to-date. Run report_methodology on the current design for the latest report.



check_timing report

Table of Contents
-----------------
1. checking no_clock (0)
2. checking constant_clock (0)
3. checking pulse_width_clock (0)
4. checking unconstrained_internal_endpoints (0)
5. checking no_input_delay (20)
6. checking no_output_delay (19)
7. checking multiple_clock (0)
8. checking generated_clocks (0)
9. checking loops (0)
10. checking partial_input_delay (0)
11. checking partial_output_delay (0)
12. checking latch_loops (0)

1. checking no_clock (0)
------------------------
 There are 0 register/latch pins with no clock.


2. checking constant_clock (0)
------------------------------
 There are 0 register/latch pins with constant_clock.


3. checking pulse_width_clock (0)
---------------------------------
 There are 0 register/latch pins which need pulse_width check


4. checking unconstrained_internal_endpoints (0)
------------------------------------------------
 There are 0 pins that are not constrained for maximum delay.

 There are 0 pins that are not constrained for maximum delay due to constant clock.


5. checking no_input_delay (20)
-------------------------------
 There are 20 input ports with no input delay specified. (HIGH)

 There are 0 input ports with no input delay but user has a false path constraint.


6. checking no_output_delay (19)
--------------------------------
 There are 0 ports with no output delay specified.

 There are 19 ports with no output delay but user has a false path constraint (MEDIUM)

 There are 0 ports with no output delay but with a timing clock defined on it or propagating through it


7. checking multiple_clock (0)
------------------------------
 There are 0 register/latch pins with multiple clocks.


8. checking generated_clocks (0)
--------------------------------
 There are 0 generated clocks that are not connected to a clock source.


9. checking loops (0)
---------------------
 There are 0 combinational loops in the design.


10. checking partial_input_delay (0)
------------------------------------
 There are 0 input ports with partial input delay specified.


11. checking partial_output_delay (0)
-------------------------------------
 There are 0 ports with partial output delay specified.


12. checking latch_loops (0)
----------------------------
 There are 0 combinational latch loops in the design through latch input



------------------------------------------------------------------------------------------------
| Design Timing Summary
| ---------------------
------------------------------------------------------------------------------------------------

    WNS(ns)      TNS(ns)  TNS Failing Endpoints  TNS Total Endpoints      WHS(ns)      THS(ns)  THS Failing Endpoints  THS Total Endpoints     WPWS(ns)     TPWS(ns)  TPWS Failing Endpoints  TPWS Total Endpoints  
    -------      -------  ---------------------  -------------------      -------      -------  ---------------------  -------------------     --------     --------  ----------------------  --------------------  
      5.807        0.000                      0                  149        0.188        0.000                      0                  149        4.500        0.000                       0                    79  


All user specified timing constraints are met.


------------------------------------------------------------------------------------------------
| Clock Summary
| -------------
------------------------------------------------------------------------------------------------

Clock    Waveform(ns)       Period(ns)      Frequency(MHz)
-----    ------------       ----------      --------------
ClkPort  {0.000 5.000}      10.000          100.000         


------------------------------------------------------------------------------------------------
| Intra Clock Table
| -----------------
------------------------------------------------------------------------------------------------

Clock             WNS(ns)      TNS(ns)  TNS Failing Endpoints  TNS Total Endpoints      WHS(ns)      THS(ns)  THS Failing Endpoints  THS Total Endpoints     WPWS(ns)     TPWS(ns)  TPWS Failing Endpoints  TPWS Total Endpoints  
-----             -------      -------  ---------------------  -------------------      -------      -------  ---------------------  -------------------     --------     --------  ----------------------  --------------------  
ClkPort             5.807        0.000                      0                  149        0.188        0.000                      0                  149        4.500        0.000                       0                    79  


------------------------------------------------------------------------------------------------
| Inter Clock Table
| -----------------
------------------------------------------------------------------------------------------------

From Clock    To Clock          WNS(ns)      TNS(ns)  TNS Failing Endpoints  TNS Total Endpoints      WHS(ns)      THS(ns)  THS Failing Endpoints  THS Total Endpoints  
----------    --------          -------      -------  ---------------------  -------------------      -------      -------  ---------------------  -------------------  


------------------------------------------------------------------------------------------------
| Other Path Groups Table
| -----------------------
------------------------------------------------------------------------------------------------

Path Group    From Clock    To Clock          WNS(ns)      TNS(ns)  TNS Failing Endpoints  TNS Total Endpoints      WHS(ns)      THS(ns)  THS Failing Endpoints  THS Total Endpoints  
----------    ----------    --------          -------      -------  ---------------------  -------------------      -------      -------  ---------------------  -------------------  


------------------------------------------------------------------------------------------------
| User Ignored Path Table
| -----------------------
------------------------------------------------------------------------------------------------

Path Group    From Clock    To Clock    
----------    ----------    --------    
(none)                                    
(none)        ClkPort                     
(none)                      ClkPort       


------------------------------------------------------------------------------------------------
| Unconstrained Path Table
| ------------------------
------------------------------------------------------------------------------------------------

Path Group    From Clock    To Clock    
----------    ----------    --------    


------------------------------------------------------------------------------------------------
| Timing Details
| --------------
------------------------------------------------------------------------------------------------


---------------------------------------------------------------------------------------------------
From Clock:  ClkPort
  To Clock:  ClkPort

Setup :            0  Failing Endpoints,  Worst Slack        5.807ns,  Total Violation        0.000ns
Hold  :            0  Failing Endpoints,  Worst Slack        0.188ns,  Total Violation        0.000ns
PW    :            0  Failing Endpoints,  Worst Slack        4.500ns,  Total Violation        0.000ns
---------------------------------------------------------------------------------------------------


Max Delay Paths
--------------------------------------------------------------------------------------
Slack (MET) :             5.807ns  (required time - arrival time)
  Source:                 ee201_debouncer_1/FSM_onehot_state_reg[4]/C
                            (rising edge-triggered cell FDCE clocked by ClkPort  {rise@0.000ns fall@5.000ns period=10.000ns})
  Destination:            ee201_debouncer_1/FSM_onehot_state_reg[2]/CE
                            (rising edge-triggered cell FDCE clocked by ClkPort  {rise@0.000ns fall@5.000ns period=10.000ns})
  Path Group:             ClkPort
  Path Type:              Setup (Max at Slow Process Corner)
  Requirement:            10.000ns  (ClkPort rise@10.000ns - ClkPort rise@0.000ns)
  Data Path Delay:        3.930ns  (logic 1.061ns (26.996%)  route 2.869ns (73.004%))
  Logic Levels:           3  (LUT3=1 LUT6=2)
  Clock Path Skew:        -0.022ns (DCD - SCD + CPR)
    Destination Clock Delay (DCD):    5.021ns = ( 15.021 - 10.000 ) 
    Source Clock Delay      (SCD):    5.320ns
    Clock Pessimism Removal (CPR):    0.277ns
  Clock Uncertainty:      0.035ns  ((TSJ^2 + TIJ^2)^1/2 + DJ) / 2 + PE
    Total System Jitter     (TSJ):    0.071ns
    Total Input Jitter      (TIJ):    0.000ns
    Discrete Jitter          (DJ):    0.000ns
    Phase Error              (PE):    0.000ns

    Location             Delay type                Incr(ns)  Path(ns)    Netlist Resource(s)
  -------------------------------------------------------------------    -------------------
                         (clock ClkPort rise edge)    0.000     0.000 r  
    E3                                                0.000     0.000 r  ClkPort (IN)
                         net (fo=0)                   0.000     0.000    BUFGP1/I
    E3                   IBUF (Prop_ibuf_I_O)         1.482     1.482 r  BUFGP1/IBUF/O
                         net (fo=1, routed)           2.025     3.506    BUFGP1/IBUFG_2_BUFG
    BUFGCTRL_X0Y16       BUFG (Prop_bufg_I_O)         0.096     3.602 r  BUFGP1/BUFG/O
                         net (fo=78, routed)          1.717     5.320    ee201_debouncer_1/board_clk
    SLICE_X0Y66          FDCE                                         r  ee201_debouncer_1/FSM_onehot_state_reg[4]/C
  -------------------------------------------------------------------    -------------------
    SLICE_X0Y66          FDCE (Prop_fdce_C_Q)         0.456     5.776 r  ee201_debouncer_1/FSM_onehot_state_reg[4]/Q
                         net (fo=7, routed)           0.841     6.617    ee201_debouncer_1/FSM_onehot_state_reg_n_0_[4]
    SLICE_X0Y66          LUT3 (Prop_lut3_I1_O)        0.154     6.771 r  ee201_debouncer_1/debounce_count[24]_i_3/O
                         net (fo=4, routed)           0.585     7.356    ee201_debouncer_1/debounce_count[24]_i_3_n_0
    SLICE_X1Y67          LUT6 (Prop_lut6_I0_O)        0.327     7.683 r  ee201_debouncer_1/FSM_onehot_state[8]_i_2/O
                         net (fo=1, routed)           0.782     8.465    ee201_debouncer_1/FSM_onehot_state[8]_i_2_n_0
    SLICE_X1Y68          LUT6 (Prop_lut6_I0_O)        0.124     8.589 r  ee201_debouncer_1/FSM_onehot_state[8]_i_1/O
                         net (fo=9, routed)           0.661     9.250    ee201_debouncer_1/FSM_onehot_state[8]_i_1_n_0
    SLICE_X1Y66          FDCE                                         r  ee201_debouncer_1/FSM_onehot_state_reg[2]/CE
  -------------------------------------------------------------------    -------------------

                         (clock ClkPort rise edge)   10.000    10.000 r  
    E3                                                0.000    10.000 r  ClkPort (IN)
                         net (fo=0)                   0.000    10.000    BUFGP1/I
    E3                   IBUF (Prop_ibuf_I_O)         1.411    11.411 r  BUFGP1/IBUF/O
                         net (fo=1, routed)           1.920    13.331    BUFGP1/IBUFG_2_BUFG
    BUFGCTRL_X0Y16       BUFG (Prop_bufg_I_O)         0.091    13.422 r  BUFGP1/BUFG/O
                         net (fo=78, routed)          1.598    15.021    ee201_debouncer_1/board_clk
    SLICE_X1Y66          FDCE                                         r  ee201_debouncer_1/FSM_onehot_state_reg[2]/C
                         clock pessimism              0.277    15.298    
                         clock uncertainty           -0.035    15.262    
    SLICE_X1Y66          FDCE (Setup_fdce_C_CE)      -0.205    15.057    ee201_debouncer_1/FSM_onehot_state_reg[2]
  -------------------------------------------------------------------
                         required time                         15.057    
                         arrival time                          -9.250    
  -------------------------------------------------------------------
                         slack                                  5.807    

Slack (MET) :             5.807ns  (required time - arrival time)
  Source:                 ee201_debouncer_1/FSM_onehot_state_reg[4]/C
                            (rising edge-triggered cell FDCE clocked by ClkPort  {rise@0.000ns fall@5.000ns period=10.000ns})
  Destination:            ee201_debouncer_1/FSM_onehot_state_reg[3]/CE
                            (rising edge-triggered cell FDCE clocked by ClkPort  {rise@0.000ns fall@5.000ns period=10.000ns})
  Path Group:             ClkPort
  Path Type:              Setup (Max at Slow Process Corner)
  Requirement:            10.000ns  (ClkPort rise@10.000ns - ClkPort rise@0.000ns)
  Data Path Delay:        3.930ns  (logic 1.061ns (26.996%)  route 2.869ns (73.004%))
  Logic Levels:           3  (LUT3=1 LUT6=2)
  Clock Path Skew:        -0.022ns (DCD - SCD + CPR)
    Destination Clock Delay (DCD):    5.021ns = ( 15.021 - 10.000 ) 
    Source Clock Delay      (SCD):    5.320ns
    Clock Pessimism Removal (CPR):    0.277ns
  Clock Uncertainty:      0.035ns  ((TSJ^2 + TIJ^2)^1/2 + DJ) / 2 + PE
    Total System Jitter     (TSJ):    0.071ns
    Total Input Jitter      (TIJ):    0.000ns
    Discrete Jitter          (DJ):    0.000ns
    Phase Error              (PE):    0.000ns

    Location             Delay type                Incr(ns)  Path(ns)    Netlist Resource(s)
  -------------------------------------------------------------------    -------------------
                         (clock ClkPort rise edge)    0.000     0.000 r  
    E3                                                0.000     0.000 r  ClkPort (IN)
                         net (fo=0)                   0.000     0.000    BUFGP1/I
    E3                   IBUF (Prop_ibuf_I_O)         1.482     1.482 r  BUFGP1/IBUF/O
                         net (fo=1, routed)           2.025     3.506    BUFGP1/IBUFG_2_BUFG
    BUFGCTRL_X0Y16       BUFG (Prop_bufg_I_O)         0.096     3.602 r  BUFGP1/BUFG/O
                         net (fo=78, routed)          1.717     5.320    ee201_debouncer_1/board_clk
    SLICE_X0Y66          FDCE                                         r  ee201_debouncer_1/FSM_onehot_state_reg[4]/C
  -------------------------------------------------------------------    -------------------
    SLICE_X0Y66          FDCE (Prop_fdce_C_Q)         0.456     5.776 r  ee201_debouncer_1/FSM_onehot_state_reg[4]/Q
                         net (fo=7, routed)           0.841     6.617    ee201_debouncer_1/FSM_onehot_state_reg_n_0_[4]
    SLICE_X0Y66          LUT3 (Prop_lut3_I1_O)        0.154     6.771 r  ee201_debouncer_1/debounce_count[24]_i_3/O
                         net (fo=4, routed)           0.585     7.356    ee201_debouncer_1/debounce_count[24]_i_3_n_0
    SLICE_X1Y67          LUT6 (Prop_lut6_I0_O)        0.327     7.683 r  ee201_debouncer_1/FSM_onehot_state[8]_i_2/O
                         net (fo=1, routed)           0.782     8.465    ee201_debouncer_1/FSM_onehot_state[8]_i_2_n_0
    SLICE_X1Y68          LUT6 (Prop_lut6_I0_O)        0.124     8.589 r  ee201_debouncer_1/FSM_onehot_state[8]_i_1/O
                         net (fo=9, routed)           0.661     9.250    ee201_debouncer_1/FSM_onehot_state[8]_i_1_n_0
    SLICE_X1Y66          FDCE                                         r  ee201_debouncer_1/FSM_onehot_state_reg[3]/CE
  -------------------------------------------------------------------    -------------------

                         (clock ClkPort rise edge)   10.000    10.000 r  
    E3                                                0.000    10.000 r  ClkPort (IN)
                         net (fo=0)                   0.000    10.000    BUFGP1/I
    E3                   IBUF (Prop_ibuf_I_O)         1.411    11.411 r  BUFGP1/IBUF/O
                         net (fo=1, routed)           1.920    13.331    BUFGP1/IBUFG_2_BUFG
    BUFGCTRL_X0Y16       BUFG (Prop_bufg_I_O)         0.091    13.422 r  BUFGP1/BUFG/O
                         net (fo=78, routed)          1.598    15.021    ee201_debouncer_1/board_clk
    SLICE_X1Y66          FDCE                                         r  ee201_debouncer_1/FSM_onehot_state_reg[3]/C
                         clock pessimism              0.277    15.298    
                         clock uncertainty           -0.035    15.262    
    SLICE_X1Y66          FDCE (Setup_fdce_C_CE)      -0.205    15.057    ee201_debouncer_1/FSM_onehot_state_reg[3]
  -------------------------------------------------------------------
                         required time                         15.057    
                         arrival time                          -9.250    
  -------------------------------------------------------------------
                         slack                                  5.807    

Slack (MET) :             5.807ns  (required time - arrival time)
  Source:                 ee201_debouncer_1/FSM_onehot_state_reg[4]/C
                            (rising edge-triggered cell FDCE clocked by ClkPort  {rise@0.000ns fall@5.000ns period=10.000ns})
  Destination:            ee201_debouncer_1/FSM_onehot_state_reg[5]/CE
                            (rising edge-triggered cell FDCE clocked by ClkPort  {rise@0.000ns fall@5.000ns period=10.000ns})
  Path Group:             ClkPort
  Path Type:              Setup (Max at Slow Process Corner)
  Requirement:            10.000ns  (ClkPort rise@10.000ns - ClkPort rise@0.000ns)
  Data Path Delay:        3.930ns  (logic 1.061ns (26.996%)  route 2.869ns (73.004%))
  Logic Levels:           3  (LUT3=1 LUT6=2)
  Clock Path Skew:        -0.022ns (DCD - SCD + CPR)
    Destination Clock Delay (DCD):    5.021ns = ( 15.021 - 10.000 ) 
    Source Clock Delay      (SCD):    5.320ns
    Clock Pessimism Removal (CPR):    0.277ns
  Clock Uncertainty:      0.035ns  ((TSJ^2 + TIJ^2)^1/2 + DJ) / 2 + PE
    Total System Jitter     (TSJ):    0.071ns
    Total Input Jitter      (TIJ):    0.000ns
    Discrete Jitter          (DJ):    0.000ns
    Phase Error              (PE):    0.000ns

    Location             Delay type                Incr(ns)  Path(ns)    Netlist Resource(s)
  -------------------------------------------------------------------    -------------------
                         (clock ClkPort rise edge)    0.000     0.000 r  
    E3                                                0.000     0.000 r  ClkPort (IN)
                         net (fo=0)                   0.000     0.000    BUFGP1/I
    E3                   IBUF (Prop_ibuf_I_O)         1.482     1.482 r  BUFGP1/IBUF/O
                         net (fo=1, routed)           2.025     3.506    BUFGP1/IBUFG_2_BUFG
    BUFGCTRL_X0Y16       BUFG (Prop_bufg_I_O)         0.096     3.602 r  BUFGP1/BUFG/O
                         net (fo=78, routed)          1.717     5.320    ee201_debouncer_1/board_clk
    SLICE_X0Y66          FDCE                                         r  ee201_debouncer_1/FSM_onehot_state_reg[4]/C
  -------------------------------------------------------------------    -------------------
    SLICE_X0Y66          FDCE (Prop_fdce_C_Q)         0.456     5.776 r  ee201_debouncer_1/FSM_onehot_state_reg[4]/Q
                         net (fo=7, routed)           0.841     6.617    ee201_debouncer_1/FSM_onehot_state_reg_n_0_[4]
    SLICE_X0Y66          LUT3 (Prop_lut3_I1_O)        0.154     6.771 r  ee201_debouncer_1/debounce_count[24]_i_3/O
                         net (fo=4, routed)           0.585     7.356    ee201_debouncer_1/debounce_count[24]_i_3_n_0
    SLICE_X1Y67          LUT6 (Prop_lut6_I0_O)        0.327     7.683 r  ee201_debouncer_1/FSM_onehot_state[8]_i_2/O
                         net (fo=1, routed)           0.782     8.465    ee201_debouncer_1/FSM_onehot_state[8]_i_2_n_0
    SLICE_X1Y68          LUT6 (Prop_lut6_I0_O)        0.124     8.589 r  ee201_debouncer_1/FSM_onehot_state[8]_i_1/O
                         net (fo=9, routed)           0.661     9.250    ee201_debouncer_1/FSM_onehot_state[8]_i_1_n_0
    SLICE_X1Y66          FDCE                                         r  ee201_debouncer_1/FSM_onehot_state_reg[5]/CE
  -------------------------------------------------------------------    -------------------

                         (clock ClkPort rise edge)   10.000    10.000 r  
    E3                                                0.000    10.000 r  ClkPort (IN)
                         net (fo=0)                   0.000    10.000    BUFGP1/I
    E3                   IBUF (Prop_ibuf_I_O)         1.411    11.411 r  BUFGP1/IBUF/O
                         net (fo=1, routed)           1.920    13.331    BUFGP1/IBUFG_2_BUFG
    BUFGCTRL_X0Y16       BUFG (Prop_bufg_I_O)         0.091    13.422 r  BUFGP1/BUFG/O
                         net (fo=78, routed)          1.598    15.021    ee201_debouncer_1/board_clk
    SLICE_X1Y66          FDCE                                         r  ee201_debouncer_1/FSM_onehot_state_reg[5]/C
                         clock pessimism              0.277    15.298    
                         clock uncertainty           -0.035    15.262    
    SLICE_X1Y66          FDCE (Setup_fdce_C_CE)      -0.205    15.057    ee201_debouncer_1/FSM_onehot_state_reg[5]
  -------------------------------------------------------------------
                         required time                         15.057    
                         arrival time                          -9.250    
  -------------------------------------------------------------------
                         slack                                  5.807    

Slack (MET) :             5.807ns  (required time - arrival time)
  Source:                 ee201_debouncer_1/FSM_onehot_state_reg[4]/C
                            (rising edge-triggered cell FDCE clocked by ClkPort  {rise@0.000ns fall@5.000ns period=10.000ns})
  Destination:            ee201_debouncer_1/FSM_onehot_state_reg[8]/CE
                            (rising edge-triggered cell FDCE clocked by ClkPort  {rise@0.000ns fall@5.000ns period=10.000ns})
  Path Group:             ClkPort
  Path Type:              Setup (Max at Slow Process Corner)
  Requirement:            10.000ns  (ClkPort rise@10.000ns - ClkPort rise@0.000ns)
  Data Path Delay:        3.930ns  (logic 1.061ns (26.996%)  route 2.869ns (73.004%))
  Logic Levels:           3  (LUT3=1 LUT6=2)
  Clock Path Skew:        -0.022ns (DCD - SCD + CPR)
    Destination Clock Delay (DCD):    5.021ns = ( 15.021 - 10.000 ) 
    Source Clock Delay      (SCD):    5.320ns
    Clock Pessimism Removal (CPR):    0.277ns
  Clock Uncertainty:      0.035ns  ((TSJ^2 + TIJ^2)^1/2 + DJ) / 2 + PE
    Total System Jitter     (TSJ):    0.071ns
    Total Input Jitter      (TIJ):    0.000ns
    Discrete Jitter          (DJ):    0.000ns
    Phase Error              (PE):    0.000ns

    Location             Delay type                Incr(ns)  Path(ns)    Netlist Resource(s)
  -------------------------------------------------------------------    -------------------
                         (clock ClkPort rise edge)    0.000     0.000 r  
    E3                                                0.000     0.000 r  ClkPort (IN)
                         net (fo=0)                   0.000     0.000    BUFGP1/I
    E3                   IBUF (Prop_ibuf_I_O)         1.482     1.482 r  BUFGP1/IBUF/O
                         net (fo=1, routed)           2.025     3.506    BUFGP1/IBUFG_2_BUFG
    BUFGCTRL_X0Y16       BUFG (Prop_bufg_I_O)         0.096     3.602 r  BUFGP1/BUFG/O
                         net (fo=78, routed)          1.717     5.320    ee201_debouncer_1/board_clk
    SLICE_X0Y66          FDCE                                         r  ee201_debouncer_1/FSM_onehot_state_reg[4]/C
  -------------------------------------------------------------------    -------------------
    SLICE_X0Y66          FDCE (Prop_fdce_C_Q)         0.456     5.776 r  ee201_debouncer_1/FSM_onehot_state_reg[4]/Q
                         net (fo=7, routed)           0.841     6.617    ee201_debouncer_1/FSM_onehot_state_reg_n_0_[4]
    SLICE_X0Y66          LUT3 (Prop_lut3_I1_O)        0.154     6.771 r  ee201_debouncer_1/debounce_count[24]_i_3/O
                         net (fo=4, routed)           0.585     7.356    ee201_debouncer_1/debounce_count[24]_i_3_n_0
    SLICE_X1Y67          LUT6 (Prop_lut6_I0_O)        0.327     7.683 r  ee201_debouncer_1/FSM_onehot_state[8]_i_2/O
                         net (fo=1, routed)           0.782     8.465    ee201_debouncer_1/FSM_onehot_state[8]_i_2_n_0
    SLICE_X1Y68          LUT6 (Prop_lut6_I0_O)        0.124     8.589 r  ee201_debouncer_1/FSM_onehot_state[8]_i_1/O
                         net (fo=9, routed)           0.661     9.250    ee201_debouncer_1/FSM_onehot_state[8]_i_1_n_0
    SLICE_X1Y66          FDCE                                         r  ee201_debouncer_1/FSM_onehot_state_reg[8]/CE
  -------------------------------------------------------------------    -------------------

                         (clock ClkPort rise edge)   10.000    10.000 r  
    E3                                                0.000    10.000 r  ClkPort (IN)
                         net (fo=0)                   0.000    10.000    BUFGP1/I
    E3                   IBUF (Prop_ibuf_I_O)         1.411    11.411 r  BUFGP1/IBUF/O
                         net (fo=1, routed)           1.920    13.331    BUFGP1/IBUFG_2_BUFG
    BUFGCTRL_X0Y16       BUFG (Prop_bufg_I_O)         0.091    13.422 r  BUFGP1/BUFG/O
                         net (fo=78, routed)          1.598    15.021    ee201_debouncer_1/board_clk
    SLICE_X1Y66          FDCE                                         r  ee201_debouncer_1/FSM_onehot_state_reg[8]/C
                         clock pessimism              0.277    15.298    
                         clock uncertainty           -0.035    15.262    
    SLICE_X1Y66          FDCE (Setup_fdce_C_CE)      -0.205    15.057    ee201_debouncer_1/FSM_onehot_state_reg[8]
  -------------------------------------------------------------------
                         required time                         15.057    
                         arrival time                          -9.250    
  -------------------------------------------------------------------
                         slack                                  5.807    

Slack (MET) :             5.864ns  (required time - arrival time)
  Source:                 ee201_debouncer_1/FSM_onehot_state_reg[4]/C
                            (rising edge-triggered cell FDCE clocked by ClkPort  {rise@0.000ns fall@5.000ns period=10.000ns})
  Destination:            ee201_debouncer_1/FSM_onehot_state_reg[0]/CE
                            (rising edge-triggered cell FDPE clocked by ClkPort  {rise@0.000ns fall@5.000ns period=10.000ns})
  Path Group:             ClkPort
  Path Type:              Setup (Max at Slow Process Corner)
  Requirement:            10.000ns  (ClkPort rise@10.000ns - ClkPort rise@0.000ns)
  Data Path Delay:        3.868ns  (logic 1.061ns (27.428%)  route 2.807ns (72.572%))
  Logic Levels:           3  (LUT3=1 LUT6=2)
  Clock Path Skew:        -0.027ns (DCD - SCD + CPR)
    Destination Clock Delay (DCD):    5.018ns = ( 15.018 - 10.000 ) 
    Source Clock Delay      (SCD):    5.320ns
    Clock Pessimism Removal (CPR):    0.275ns
  Clock Uncertainty:      0.035ns  ((TSJ^2 + TIJ^2)^1/2 + DJ) / 2 + PE
    Total System Jitter     (TSJ):    0.071ns
    Total Input Jitter      (TIJ):    0.000ns
    Discrete Jitter          (DJ):    0.000ns
    Phase Error              (PE):    0.000ns

    Location             Delay type                Incr(ns)  Path(ns)    Netlist Resource(s)
  -------------------------------------------------------------------    -------------------
                         (clock ClkPort rise edge)    0.000     0.000 r  
    E3                                                0.000     0.000 r  ClkPort (IN)
                         net (fo=0)                   0.000     0.000    BUFGP1/I
    E3                   IBUF (Prop_ibuf_I_O)         1.482     1.482 r  BUFGP1/IBUF/O
                         net (fo=1, routed)           2.025     3.506    BUFGP1/IBUFG_2_BUFG
    BUFGCTRL_X0Y16       BUFG (Prop_bufg_I_O)         0.096     3.602 r  BUFGP1/BUFG/O
                         net (fo=78, routed)          1.717     5.320    ee201_debouncer_1/board_clk
    SLICE_X0Y66          FDCE                                         r  ee201_debouncer_1/FSM_onehot_state_reg[4]/C
  -------------------------------------------------------------------    -------------------
    SLICE_X0Y66          FDCE (Prop_fdce_C_Q)         0.456     5.776 r  ee201_debouncer_1/FSM_onehot_state_reg[4]/Q
                         net (fo=7, routed)           0.841     6.617    ee201_debouncer_1/FSM_onehot_state_reg_n_0_[4]
    SLICE_X0Y66          LUT3 (Prop_lut3_I1_O)        0.154     6.771 r  ee201_debouncer_1/debounce_count[24]_i_3/O
                         net (fo=4, routed)           0.585     7.356    ee201_debouncer_1/debounce_count[24]_i_3_n_0
    SLICE_X1Y67          LUT6 (Prop_lut6_I0_O)        0.327     7.683 r  ee201_debouncer_1/FSM_onehot_state[8]_i_2/O
                         net (fo=1, routed)           0.782     8.465    ee201_debouncer_1/FSM_onehot_state[8]_i_2_n_0
    SLICE_X1Y68          LUT6 (Prop_lut6_I0_O)        0.124     8.589 r  ee201_debouncer_1/FSM_onehot_state[8]_i_1/O
                         net (fo=9, routed)           0.600     9.188    ee201_debouncer_1/FSM_onehot_state[8]_i_1_n_0
    SLICE_X1Y68          FDPE                                         r  ee201_debouncer_1/FSM_onehot_state_reg[0]/CE
  -------------------------------------------------------------------    -------------------

                         (clock ClkPort rise edge)   10.000    10.000 r  
    E3                                                0.000    10.000 r  ClkPort (IN)
                         net (fo=0)                   0.000    10.000    BUFGP1/I
    E3                   IBUF (Prop_ibuf_I_O)         1.411    11.411 r  BUFGP1/IBUF/O
                         net (fo=1, routed)           1.920    13.331    BUFGP1/IBUFG_2_BUFG
    BUFGCTRL_X0Y16       BUFG (Prop_bufg_I_O)         0.091    13.422 r  BUFGP1/BUFG/O
                         net (fo=78, routed)          1.595    15.018    ee201_debouncer_1/board_clk
    SLICE_X1Y68          FDPE                                         r  ee201_debouncer_1/FSM_onehot_state_reg[0]/C
                         clock pessimism              0.275    15.293    
                         clock uncertainty           -0.035    15.257    
    SLICE_X1Y68          FDPE (Setup_fdpe_C_CE)      -0.205    15.052    ee201_debouncer_1/FSM_onehot_state_reg[0]
  -------------------------------------------------------------------
                         required time                         15.052    
                         arrival time                          -9.188    
  -------------------------------------------------------------------
                         slack                                  5.864    

Slack (MET) :             5.864ns  (required time - arrival time)
  Source:                 ee201_debouncer_1/FSM_onehot_state_reg[4]/C
                            (rising edge-triggered cell FDCE clocked by ClkPort  {rise@0.000ns fall@5.000ns period=10.000ns})
  Destination:            ee201_debouncer_1/FSM_onehot_state_reg[1]/CE
                            (rising edge-triggered cell FDCE clocked by ClkPort  {rise@0.000ns fall@5.000ns period=10.000ns})
  Path Group:             ClkPort
  Path Type:              Setup (Max at Slow Process Corner)
  Requirement:            10.000ns  (ClkPort rise@10.000ns - ClkPort rise@0.000ns)
  Data Path Delay:        3.868ns  (logic 1.061ns (27.428%)  route 2.807ns (72.572%))
  Logic Levels:           3  (LUT3=1 LUT6=2)
  Clock Path Skew:        -0.027ns (DCD - SCD + CPR)
    Destination Clock Delay (DCD):    5.018ns = ( 15.018 - 10.000 ) 
    Source Clock Delay      (SCD):    5.320ns
    Clock Pessimism Removal (CPR):    0.275ns
  Clock Uncertainty:      0.035ns  ((TSJ^2 + TIJ^2)^1/2 + DJ) / 2 + PE
    Total System Jitter     (TSJ):    0.071ns
    Total Input Jitter      (TIJ):    0.000ns
    Discrete Jitter          (DJ):    0.000ns
    Phase Error              (PE):    0.000ns

    Location             Delay type                Incr(ns)  Path(ns)    Netlist Resource(s)
  -------------------------------------------------------------------    -------------------
                         (clock ClkPort rise edge)    0.000     0.000 r  
    E3                                                0.000     0.000 r  ClkPort (IN)
                         net (fo=0)                   0.000     0.000    BUFGP1/I
    E3                   IBUF (Prop_ibuf_I_O)         1.482     1.482 r  BUFGP1/IBUF/O
                         net (fo=1, routed)           2.025     3.506    BUFGP1/IBUFG_2_BUFG
    BUFGCTRL_X0Y16       BUFG (Prop_bufg_I_O)         0.096     3.602 r  BUFGP1/BUFG/O
                         net (fo=78, routed)          1.717     5.320    ee201_debouncer_1/board_clk
    SLICE_X0Y66          FDCE                                         r  ee201_debouncer_1/FSM_onehot_state_reg[4]/C
  -------------------------------------------------------------------    -------------------
    SLICE_X0Y66          FDCE (Prop_fdce_C_Q)         0.456     5.776 r  ee201_debouncer_1/FSM_onehot_state_reg[4]/Q
                         net (fo=7, routed)           0.841     6.617    ee201_debouncer_1/FSM_onehot_state_reg_n_0_[4]
    SLICE_X0Y66          LUT3 (Prop_lut3_I1_O)        0.154     6.771 r  ee201_debouncer_1/debounce_count[24]_i_3/O
                         net (fo=4, routed)           0.585     7.356    ee201_debouncer_1/debounce_count[24]_i_3_n_0
    SLICE_X1Y67          LUT6 (Prop_lut6_I0_O)        0.327     7.683 r  ee201_debouncer_1/FSM_onehot_state[8]_i_2/O
                         net (fo=1, routed)           0.782     8.465    ee201_debouncer_1/FSM_onehot_state[8]_i_2_n_0
    SLICE_X1Y68          LUT6 (Prop_lut6_I0_O)        0.124     8.589 r  ee201_debouncer_1/FSM_onehot_state[8]_i_1/O
                         net (fo=9, routed)           0.600     9.188    ee201_debouncer_1/FSM_onehot_state[8]_i_1_n_0
    SLICE_X1Y68          FDCE                                         r  ee201_debouncer_1/FSM_onehot_state_reg[1]/CE
  -------------------------------------------------------------------    -------------------

                         (clock ClkPort rise edge)   10.000    10.000 r  
    E3                                                0.000    10.000 r  ClkPort (IN)
                         net (fo=0)                   0.000    10.000    BUFGP1/I
    E3                   IBUF (Prop_ibuf_I_O)         1.411    11.411 r  BUFGP1/IBUF/O
                         net (fo=1, routed)           1.920    13.331    BUFGP1/IBUFG_2_BUFG
    BUFGCTRL_X0Y16       BUFG (Prop_bufg_I_O)         0.091    13.422 r  BUFGP1/BUFG/O
                         net (fo=78, routed)          1.595    15.018    ee201_debouncer_1/board_clk
    SLICE_X1Y68          FDCE                                         r  ee201_debouncer_1/FSM_onehot_state_reg[1]/C
                         clock pessimism              0.275    15.293    
                         clock uncertainty           -0.035    15.257    
    SLICE_X1Y68          FDCE (Setup_fdce_C_CE)      -0.205    15.052    ee201_debouncer_1/FSM_onehot_state_reg[1]
  -------------------------------------------------------------------
                         required time                         15.052    
                         arrival time                          -9.188    
  -------------------------------------------------------------------
                         slack                                  5.864    

Slack (MET) :             5.932ns  (required time - arrival time)
  Source:                 ee201_debouncer_1/FSM_onehot_state_reg[4]/C
                            (rising edge-triggered cell FDCE clocked by ClkPort  {rise@0.000ns fall@5.000ns period=10.000ns})
  Destination:            ee201_debouncer_1/debounce_count_reg[1]/CE
                            (rising edge-triggered cell FDRE clocked by ClkPort  {rise@0.000ns fall@5.000ns period=10.000ns})
  Path Group:             ClkPort
  Path Type:              Setup (Max at Slow Process Corner)
  Requirement:            10.000ns  (ClkPort rise@10.000ns - ClkPort rise@0.000ns)
  Data Path Delay:        3.807ns  (logic 0.937ns (24.612%)  route 2.870ns (75.388%))
  Logic Levels:           2  (LUT3=1 LUT6=1)
  Clock Path Skew:        -0.021ns (DCD - SCD + CPR)
    Destination Clock Delay (DCD):    5.024ns = ( 15.024 - 10.000 ) 
    Source Clock Delay      (SCD):    5.320ns
    Clock Pessimism Removal (CPR):    0.275ns
  Clock Uncertainty:      0.035ns  ((TSJ^2 + TIJ^2)^1/2 + DJ) / 2 + PE
    Total System Jitter     (TSJ):    0.071ns
    Total Input Jitter      (TIJ):    0.000ns
    Discrete Jitter          (DJ):    0.000ns
    Phase Error              (PE):    0.000ns

    Location             Delay type                Incr(ns)  Path(ns)    Netlist Resource(s)
  -------------------------------------------------------------------    -------------------
                         (clock ClkPort rise edge)    0.000     0.000 r  
    E3                                                0.000     0.000 r  ClkPort (IN)
                         net (fo=0)                   0.000     0.000    BUFGP1/I
    E3                   IBUF (Prop_ibuf_I_O)         1.482     1.482 r  BUFGP1/IBUF/O
                         net (fo=1, routed)           2.025     3.506    BUFGP1/IBUFG_2_BUFG
    BUFGCTRL_X0Y16       BUFG (Prop_bufg_I_O)         0.096     3.602 r  BUFGP1/BUFG/O
                         net (fo=78, routed)          1.717     5.320    ee201_debouncer_1/board_clk
    SLICE_X0Y66          FDCE                                         r  ee201_debouncer_1/FSM_onehot_state_reg[4]/C
  -------------------------------------------------------------------    -------------------
    SLICE_X0Y66          FDCE (Prop_fdce_C_Q)         0.456     5.776 r  ee201_debouncer_1/FSM_onehot_state_reg[4]/Q
                         net (fo=7, routed)           0.841     6.617    ee201_debouncer_1/FSM_onehot_state_reg_n_0_[4]
    SLICE_X0Y66          LUT3 (Prop_lut3_I1_O)        0.154     6.771 r  ee201_debouncer_1/debounce_count[24]_i_3/O
                         net (fo=4, routed)           0.665     7.436    ee201_debouncer_1/debounce_count[24]_i_3_n_0
    SLICE_X1Y67          LUT6 (Prop_lut6_I0_O)        0.327     7.763 r  ee201_debouncer_1/debounce_count[24]_i_2/O
                         net (fo=25, routed)          1.364     9.127    ee201_debouncer_1/debounce_count
    SLICE_X3Y62          FDRE                                         r  ee201_debouncer_1/debounce_count_reg[1]/CE
  -------------------------------------------------------------------    -------------------

                         (clock ClkPort rise edge)   10.000    10.000 r  
    E3                                                0.000    10.000 r  ClkPort (IN)
                         net (fo=0)                   0.000    10.000    BUFGP1/I
    E3                   IBUF (Prop_ibuf_I_O)         1.411    11.411 r  BUFGP1/IBUF/O
                         net (fo=1, routed)           1.920    13.331    BUFGP1/IBUFG_2_BUFG
    BUFGCTRL_X0Y16       BUFG (Prop_bufg_I_O)         0.091    13.422 r  BUFGP1/BUFG/O
                         net (fo=78, routed)          1.601    15.024    ee201_debouncer_1/board_clk
    SLICE_X3Y62          FDRE                                         r  ee201_debouncer_1/debounce_count_reg[1]/C
                         clock pessimism              0.275    15.299    
                         clock uncertainty           -0.035    15.263    
    SLICE_X3Y62          FDRE (Setup_fdre_C_CE)      -0.205    15.058    ee201_debouncer_1/debounce_count_reg[1]
  -------------------------------------------------------------------
                         required time                         15.058    
                         arrival time                          -9.127    
  -------------------------------------------------------------------
                         slack                                  5.932    

Slack (MET) :             5.932ns  (required time - arrival time)
  Source:                 ee201_debouncer_1/FSM_onehot_state_reg[4]/C
                            (rising edge-triggered cell FDCE clocked by ClkPort  {rise@0.000ns fall@5.000ns period=10.000ns})
  Destination:            ee201_debouncer_1/debounce_count_reg[2]/CE
                            (rising edge-triggered cell FDRE clocked by ClkPort  {rise@0.000ns fall@5.000ns period=10.000ns})
  Path Group:             ClkPort
  Path Type:              Setup (Max at Slow Process Corner)
  Requirement:            10.000ns  (ClkPort rise@10.000ns - ClkPort rise@0.000ns)
  Data Path Delay:        3.807ns  (logic 0.937ns (24.612%)  route 2.870ns (75.388%))
  Logic Levels:           2  (LUT3=1 LUT6=1)
  Clock Path Skew:        -0.021ns (DCD - SCD + CPR)
    Destination Clock Delay (DCD):    5.024ns = ( 15.024 - 10.000 ) 
    Source Clock Delay      (SCD):    5.320ns
    Clock Pessimism Removal (CPR):    0.275ns
  Clock Uncertainty:      0.035ns  ((TSJ^2 + TIJ^2)^1/2 + DJ) / 2 + PE
    Total System Jitter     (TSJ):    0.071ns
    Total Input Jitter      (TIJ):    0.000ns
    Discrete Jitter          (DJ):    0.000ns
    Phase Error              (PE):    0.000ns

    Location             Delay type                Incr(ns)  Path(ns)    Netlist Resource(s)
  -------------------------------------------------------------------    -------------------
                         (clock ClkPort rise edge)    0.000     0.000 r  
    E3                                                0.000     0.000 r  ClkPort (IN)
                         net (fo=0)                   0.000     0.000    BUFGP1/I
    E3                   IBUF (Prop_ibuf_I_O)         1.482     1.482 r  BUFGP1/IBUF/O
                         net (fo=1, routed)           2.025     3.506    BUFGP1/IBUFG_2_BUFG
    BUFGCTRL_X0Y16       BUFG (Prop_bufg_I_O)         0.096     3.602 r  BUFGP1/BUFG/O
                         net (fo=78, routed)          1.717     5.320    ee201_debouncer_1/board_clk
    SLICE_X0Y66          FDCE                                         r  ee201_debouncer_1/FSM_onehot_state_reg[4]/C
  -------------------------------------------------------------------    -------------------
    SLICE_X0Y66          FDCE (Prop_fdce_C_Q)         0.456     5.776 r  ee201_debouncer_1/FSM_onehot_state_reg[4]/Q
                         net (fo=7, routed)           0.841     6.617    ee201_debouncer_1/FSM_onehot_state_reg_n_0_[4]
    SLICE_X0Y66          LUT3 (Prop_lut3_I1_O)        0.154     6.771 r  ee201_debouncer_1/debounce_count[24]_i_3/O
                         net (fo=4, routed)           0.665     7.436    ee201_debouncer_1/debounce_count[24]_i_3_n_0
    SLICE_X1Y67          LUT6 (Prop_lut6_I0_O)        0.327     7.763 r  ee201_debouncer_1/debounce_count[24]_i_2/O
                         net (fo=25, routed)          1.364     9.127    ee201_debouncer_1/debounce_count
    SLICE_X3Y62          FDRE                                         r  ee201_debouncer_1/debounce_count_reg[2]/CE
  -------------------------------------------------------------------    -------------------

                         (clock ClkPort rise edge)   10.000    10.000 r  
    E3                                                0.000    10.000 r  ClkPort (IN)
                         net (fo=0)                   0.000    10.000    BUFGP1/I
    E3                   IBUF (Prop_ibuf_I_O)         1.411    11.411 r  BUFGP1/IBUF/O
                         net (fo=1, routed)           1.920    13.331    BUFGP1/IBUFG_2_BUFG
    BUFGCTRL_X0Y16       BUFG (Prop_bufg_I_O)         0.091    13.422 r  BUFGP1/BUFG/O
                         net (fo=78, routed)          1.601    15.024    ee201_debouncer_1/board_clk
    SLICE_X3Y62          FDRE                                         r  ee201_debouncer_1/debounce_count_reg[2]/C
                         clock pessimism              0.275    15.299    
                         clock uncertainty           -0.035    15.263    
    SLICE_X3Y62          FDRE (Setup_fdre_C_CE)      -0.205    15.058    ee201_debouncer_1/debounce_count_reg[2]
  -------------------------------------------------------------------
                         required time                         15.058    
                         arrival time                          -9.127    
  -------------------------------------------------------------------
                         slack                                  5.932    

Slack (MET) :             5.932ns  (required time - arrival time)
  Source:                 ee201_debouncer_1/FSM_onehot_state_reg[4]/C
                            (rising edge-triggered cell FDCE clocked by ClkPort  {rise@0.000ns fall@5.000ns period=10.000ns})
  Destination:            ee201_debouncer_1/debounce_count_reg[3]/CE
                            (rising edge-triggered cell FDRE clocked by ClkPort  {rise@0.000ns fall@5.000ns period=10.000ns})
  Path Group:             ClkPort
  Path Type:              Setup (Max at Slow Process Corner)
  Requirement:            10.000ns  (ClkPort rise@10.000ns - ClkPort rise@0.000ns)
  Data Path Delay:        3.807ns  (logic 0.937ns (24.612%)  route 2.870ns (75.388%))
  Logic Levels:           2  (LUT3=1 LUT6=1)
  Clock Path Skew:        -0.021ns (DCD - SCD + CPR)
    Destination Clock Delay (DCD):    5.024ns = ( 15.024 - 10.000 ) 
    Source Clock Delay      (SCD):    5.320ns
    Clock Pessimism Removal (CPR):    0.275ns
  Clock Uncertainty:      0.035ns  ((TSJ^2 + TIJ^2)^1/2 + DJ) / 2 + PE
    Total System Jitter     (TSJ):    0.071ns
    Total Input Jitter      (TIJ):    0.000ns
    Discrete Jitter          (DJ):    0.000ns
    Phase Error              (PE):    0.000ns

    Location             Delay type                Incr(ns)  Path(ns)    Netlist Resource(s)
  -------------------------------------------------------------------    -------------------
                         (clock ClkPort rise edge)    0.000     0.000 r  
    E3                                                0.000     0.000 r  ClkPort (IN)
                         net (fo=0)                   0.000     0.000    BUFGP1/I
    E3                   IBUF (Prop_ibuf_I_O)         1.482     1.482 r  BUFGP1/IBUF/O
                         net (fo=1, routed)           2.025     3.506    BUFGP1/IBUFG_2_BUFG
    BUFGCTRL_X0Y16       BUFG (Prop_bufg_I_O)         0.096     3.602 r  BUFGP1/BUFG/O
                         net (fo=78, routed)          1.717     5.320    ee201_debouncer_1/board_clk
    SLICE_X0Y66          FDCE                                         r  ee201_debouncer_1/FSM_onehot_state_reg[4]/C
  -------------------------------------------------------------------    -------------------
    SLICE_X0Y66          FDCE (Prop_fdce_C_Q)         0.456     5.776 r  ee201_debouncer_1/FSM_onehot_state_reg[4]/Q
                         net (fo=7, routed)           0.841     6.617    ee201_debouncer_1/FSM_onehot_state_reg_n_0_[4]
    SLICE_X0Y66          LUT3 (Prop_lut3_I1_O)        0.154     6.771 r  ee201_debouncer_1/debounce_count[24]_i_3/O
                         net (fo=4, routed)           0.665     7.436    ee201_debouncer_1/debounce_count[24]_i_3_n_0
    SLICE_X1Y67          LUT6 (Prop_lut6_I0_O)        0.327     7.763 r  ee201_debouncer_1/debounce_count[24]_i_2/O
                         net (fo=25, routed)          1.364     9.127    ee201_debouncer_1/debounce_count
    SLICE_X3Y62          FDRE                                         r  ee201_debouncer_1/debounce_count_reg[3]/CE
  -------------------------------------------------------------------    -------------------

                         (clock ClkPort rise edge)   10.000    10.000 r  
    E3                                                0.000    10.000 r  ClkPort (IN)
                         net (fo=0)                   0.000    10.000    BUFGP1/I
    E3                   IBUF (Prop_ibuf_I_O)         1.411    11.411 r  BUFGP1/IBUF/O
                         net (fo=1, routed)           1.920    13.331    BUFGP1/IBUFG_2_BUFG
    BUFGCTRL_X0Y16       BUFG (Prop_bufg_I_O)         0.091    13.422 r  BUFGP1/BUFG/O
                         net (fo=78, routed)          1.601    15.024    ee201_debouncer_1/board_clk
    SLICE_X3Y62          FDRE                                         r  ee201_debouncer_1/debounce_count_reg[3]/C
                         clock pessimism              0.275    15.299    
                         clock uncertainty           -0.035    15.263    
    SLICE_X3Y62          FDRE (Setup_fdre_C_CE)      -0.205    15.058    ee201_debouncer_1/debounce_count_reg[3]
  -------------------------------------------------------------------
                         required time                         15.058    
                         arrival time                          -9.127    
  -------------------------------------------------------------------
                         slack                                  5.932    

Slack (MET) :             5.932ns  (required time - arrival time)
  Source:                 ee201_debouncer_1/FSM_onehot_state_reg[4]/C
                            (rising edge-triggered cell FDCE clocked by ClkPort  {rise@0.000ns fall@5.000ns period=10.000ns})
  Destination:            ee201_debouncer_1/debounce_count_reg[4]/CE
                            (rising edge-triggered cell FDRE clocked by ClkPort  {rise@0.000ns fall@5.000ns period=10.000ns})
  Path Group:             ClkPort
  Path Type:              Setup (Max at Slow Process Corner)
  Requirement:            10.000ns  (ClkPort rise@10.000ns - ClkPort rise@0.000ns)
  Data Path Delay:        3.807ns  (logic 0.937ns (24.612%)  route 2.870ns (75.388%))
  Logic Levels:           2  (LUT3=1 LUT6=1)
  Clock Path Skew:        -0.021ns (DCD - SCD + CPR)
    Destination Clock Delay (DCD):    5.024ns = ( 15.024 - 10.000 ) 
    Source Clock Delay      (SCD):    5.320ns
    Clock Pessimism Removal (CPR):    0.275ns
  Clock Uncertainty:      0.035ns  ((TSJ^2 + TIJ^2)^1/2 + DJ) / 2 + PE
    Total System Jitter     (TSJ):    0.071ns
    Total Input Jitter      (TIJ):    0.000ns
    Discrete Jitter          (DJ):    0.000ns
    Phase Error              (PE):    0.000ns

    Location             Delay type                Incr(ns)  Path(ns)    Netlist Resource(s)
  -------------------------------------------------------------------    -------------------
                         (clock ClkPort rise edge)    0.000     0.000 r  
    E3                                                0.000     0.000 r  ClkPort (IN)
                         net (fo=0)                   0.000     0.000    BUFGP1/I
    E3                   IBUF (Prop_ibuf_I_O)         1.482     1.482 r  BUFGP1/IBUF/O
                         net (fo=1, routed)           2.025     3.506    BUFGP1/IBUFG_2_BUFG
    BUFGCTRL_X0Y16       BUFG (Prop_bufg_I_O)         0.096     3.602 r  BUFGP1/BUFG/O
                         net (fo=78, routed)          1.717     5.320    ee201_debouncer_1/board_clk
    SLICE_X0Y66          FDCE                                         r  ee201_debouncer_1/FSM_onehot_state_reg[4]/C
  -------------------------------------------------------------------    -------------------
    SLICE_X0Y66          FDCE (Prop_fdce_C_Q)         0.456     5.776 r  ee201_debouncer_1/FSM_onehot_state_reg[4]/Q
                         net (fo=7, routed)           0.841     6.617    ee201_debouncer_1/FSM_onehot_state_reg_n_0_[4]
    SLICE_X0Y66          LUT3 (Prop_lut3_I1_O)        0.154     6.771 r  ee201_debouncer_1/debounce_count[24]_i_3/O
                         net (fo=4, routed)           0.665     7.436    ee201_debouncer_1/debounce_count[24]_i_3_n_0
    SLICE_X1Y67          LUT6 (Prop_lut6_I0_O)        0.327     7.763 r  ee201_debouncer_1/debounce_count[24]_i_2/O
                         net (fo=25, routed)          1.364     9.127    ee201_debouncer_1/debounce_count
    SLICE_X3Y62          FDRE                                         r  ee201_debouncer_1/debounce_count_reg[4]/CE
  -------------------------------------------------------------------    -------------------

                         (clock ClkPort rise edge)   10.000    10.000 r  
    E3                                                0.000    10.000 r  ClkPort (IN)
                         net (fo=0)                   0.000    10.000    BUFGP1/I
    E3                   IBUF (Prop_ibuf_I_O)         1.411    11.411 r  BUFGP1/IBUF/O
                         net (fo=1, routed)           1.920    13.331    BUFGP1/IBUFG_2_BUFG
    BUFGCTRL_X0Y16       BUFG (Prop_bufg_I_O)         0.091    13.422 r  BUFGP1/BUFG/O
                         net (fo=78, routed)          1.601    15.024    ee201_debouncer_1/board_clk
    SLICE_X3Y62          FDRE                                         r  ee201_debouncer_1/debounce_count_reg[4]/C
                         clock pessimism              0.275    15.299    
                         clock uncertainty           -0.035    15.263    
    SLICE_X3Y62          FDRE (Setup_fdre_C_CE)      -0.205    15.058    ee201_debouncer_1/debounce_count_reg[4]
  -------------------------------------------------------------------
                         required time                         15.058    
                         arrival time                          -9.127    
  -------------------------------------------------------------------
                         slack                                  5.932    





Min Delay Paths
--------------------------------------------------------------------------------------
Slack (MET) :             0.188ns  (arrival time - required time)
  Source:                 ee201_debouncer_1/FSM_onehot_state_reg[7]/C
                            (rising edge-triggered cell FDCE clocked by ClkPort  {rise@0.000ns fall@5.000ns period=10.000ns})
  Destination:            ee201_debouncer_1/FSM_onehot_state_reg[8]/D
                            (rising edge-triggered cell FDCE clocked by ClkPort  {rise@0.000ns fall@5.000ns period=10.000ns})
  Path Group:             ClkPort
  Path Type:              Hold (Min at Fast Process Corner)
  Requirement:            0.000ns  (ClkPort rise@0.000ns - ClkPort rise@0.000ns)
  Data Path Delay:        0.217ns  (logic 0.128ns (58.905%)  route 0.089ns (41.095%))
  Logic Levels:           0  
  Clock Path Skew:        0.013ns (DCD - SCD - CPR)
    Destination Clock Delay (DCD):    2.035ns
    Source Clock Delay      (SCD):    1.518ns
    Clock Pessimism Removal (CPR):    0.503ns

    Location             Delay type                Incr(ns)  Path(ns)    Netlist Resource(s)
  -------------------------------------------------------------------    -------------------
                         (clock ClkPort rise edge)    0.000     0.000 r  
    E3                                                0.000     0.000 r  ClkPort (IN)
                         net (fo=0)                   0.000     0.000    BUFGP1/I
    E3                   IBUF (Prop_ibuf_I_O)         0.250     0.250 r  BUFGP1/IBUF/O
                         net (fo=1, routed)           0.644     0.894    BUFGP1/IBUFG_2_BUFG
    BUFGCTRL_X0Y16       BUFG (Prop_bufg_I_O)         0.026     0.920 r  BUFGP1/BUFG/O
                         net (fo=78, routed)          0.599     1.518    ee201_debouncer_1/board_clk
    SLICE_X0Y66          FDCE                                         r  ee201_debouncer_1/FSM_onehot_state_reg[7]/C
  -------------------------------------------------------------------    -------------------
    SLICE_X0Y66          FDCE (Prop_fdce_C_Q)         0.128     1.646 r  ee201_debouncer_1/FSM_onehot_state_reg[7]/Q
                         net (fo=3, routed)           0.089     1.736    ee201_debouncer_1/FSM_onehot_state_reg_n_0_[7]
    SLICE_X1Y66          FDCE                                         r  ee201_debouncer_1/FSM_onehot_state_reg[8]/D
  -------------------------------------------------------------------    -------------------

                         (clock ClkPort rise edge)    0.000     0.000 r  
    E3                                                0.000     0.000 r  ClkPort (IN)
                         net (fo=0)                   0.000     0.000    BUFGP1/I
    E3                   IBUF (Prop_ibuf_I_O)         0.438     0.438 r  BUFGP1/IBUF/O
                         net (fo=1, routed)           0.699     1.136    BUFGP1/IBUFG_2_BUFG
    BUFGCTRL_X0Y16       BUFG (Prop_bufg_I_O)         0.029     1.165 r  BUFGP1/BUFG/O
                         net (fo=78, routed)          0.870     2.035    ee201_debouncer_1/board_clk
    SLICE_X1Y66          FDCE                                         r  ee201_debouncer_1/FSM_onehot_state_reg[8]/C
                         clock pessimism             -0.503     1.531    
    SLICE_X1Y66          FDCE (Hold_fdce_C_D)         0.016     1.547    ee201_debouncer_1/FSM_onehot_state_reg[8]
  -------------------------------------------------------------------
                         required time                         -1.547    
                         arrival time                           1.736    
  -------------------------------------------------------------------
                         slack                                  0.188    

Slack (MET) :             0.241ns  (arrival time - required time)
  Source:                 ee201_debouncer_1/FSM_onehot_state_reg[5]/C
                            (rising edge-triggered cell FDCE clocked by ClkPort  {rise@0.000ns fall@5.000ns period=10.000ns})
  Destination:            ee201_debouncer_1/FSM_onehot_state_reg[6]/D
                            (rising edge-triggered cell FDCE clocked by ClkPort  {rise@0.000ns fall@5.000ns period=10.000ns})
  Path Group:             ClkPort
  Path Type:              Hold (Min at Fast Process Corner)
  Requirement:            0.000ns  (ClkPort rise@0.000ns - ClkPort rise@0.000ns)
  Data Path Delay:        0.346ns  (logic 0.186ns (53.728%)  route 0.160ns (46.272%))
  Logic Levels:           1  (LUT6=1)
  Clock Path Skew:        0.013ns (DCD - SCD - CPR)
    Destination Clock Delay (DCD):    2.035ns
    Source Clock Delay      (SCD):    1.518ns
    Clock Pessimism Removal (CPR):    0.503ns

    Location             Delay type                Incr(ns)  Path(ns)    Netlist Resource(s)
  -------------------------------------------------------------------    -------------------
                         (clock ClkPort rise edge)    0.000     0.000 r  
    E3                                                0.000     0.000 r  ClkPort (IN)
                         net (fo=0)                   0.000     0.000    BUFGP1/I
    E3                   IBUF (Prop_ibuf_I_O)         0.250     0.250 r  BUFGP1/IBUF/O
                         net (fo=1, routed)           0.644     0.894    BUFGP1/IBUFG_2_BUFG
    BUFGCTRL_X0Y16       BUFG (Prop_bufg_I_O)         0.026     0.920 r  BUFGP1/BUFG/O
                         net (fo=78, routed)          0.599     1.518    ee201_debouncer_1/board_clk
    SLICE_X1Y66          FDCE                                         r  ee201_debouncer_1/FSM_onehot_state_reg[5]/C
  -------------------------------------------------------------------    -------------------
    SLICE_X1Y66          FDCE (Prop_fdce_C_Q)         0.141     1.659 r  ee201_debouncer_1/FSM_onehot_state_reg[5]/Q
                         net (fo=6, routed)           0.160     1.820    ee201_debouncer_1/FSM_onehot_state_reg_n_0_[5]
    SLICE_X0Y66          LUT6 (Prop_lut6_I4_O)        0.045     1.865 r  ee201_debouncer_1/FSM_onehot_state[6]_i_1/O
                         net (fo=1, routed)           0.000     1.865    ee201_debouncer_1/FSM_onehot_state[6]_i_1_n_0
    SLICE_X0Y66          FDCE                                         r  ee201_debouncer_1/FSM_onehot_state_reg[6]/D
  -------------------------------------------------------------------    -------------------

                         (clock ClkPort rise edge)    0.000     0.000 r  
    E3                                                0.000     0.000 r  ClkPort (IN)
                         net (fo=0)                   0.000     0.000    BUFGP1/I
    E3                   IBUF (Prop_ibuf_I_O)         0.438     0.438 r  BUFGP1/IBUF/O
                         net (fo=1, routed)           0.699     1.136    BUFGP1/IBUFG_2_BUFG
    BUFGCTRL_X0Y16       BUFG (Prop_bufg_I_O)         0.029     1.165 r  BUFGP1/BUFG/O
                         net (fo=78, routed)          0.870     2.035    ee201_debouncer_1/board_clk
    SLICE_X0Y66          FDCE                                         r  ee201_debouncer_1/FSM_onehot_state_reg[6]/C
                         clock pessimism             -0.503     1.531    
    SLICE_X0Y66          FDCE (Hold_fdce_C_D)         0.092     1.623    ee201_debouncer_1/FSM_onehot_state_reg[6]
  -------------------------------------------------------------------
                         required time                         -1.623    
                         arrival time                           1.865    
  -------------------------------------------------------------------
                         slack                                  0.241    

Slack (MET) :             0.252ns  (arrival time - required time)
  Source:                 ee201_debouncer_1/debounce_count_reg[20]/C
                            (rising edge-triggered cell FDRE clocked by ClkPort  {rise@0.000ns fall@5.000ns period=10.000ns})
  Destination:            ee201_debouncer_1/debounce_count_reg[20]/D
                            (rising edge-triggered cell FDRE clocked by ClkPort  {rise@0.000ns fall@5.000ns period=10.000ns})
  Path Group:             ClkPort
  Path Type:              Hold (Min at Fast Process Corner)
  Requirement:            0.000ns  (ClkPort rise@0.000ns - ClkPort rise@0.000ns)
  Data Path Delay:        0.357ns  (logic 0.249ns (69.714%)  route 0.108ns (30.286%))
  Logic Levels:           1  (CARRY4=1)
  Clock Path Skew:        0.000ns (DCD - SCD - CPR)
    Destination Clock Delay (DCD):    2.035ns
    Source Clock Delay      (SCD):    1.518ns
    Clock Pessimism Removal (CPR):    0.516ns

    Location             Delay type                Incr(ns)  Path(ns)    Netlist Resource(s)
  -------------------------------------------------------------------    -------------------
                         (clock ClkPort rise edge)    0.000     0.000 r  
    E3                                                0.000     0.000 r  ClkPort (IN)
                         net (fo=0)                   0.000     0.000    BUFGP1/I
    E3                   IBUF (Prop_ibuf_I_O)         0.250     0.250 r  BUFGP1/IBUF/O
                         net (fo=1, routed)           0.644     0.894    BUFGP1/IBUFG_2_BUFG
    BUFGCTRL_X0Y16       BUFG (Prop_bufg_I_O)         0.026     0.920 r  BUFGP1/BUFG/O
                         net (fo=78, routed)          0.599     1.518    ee201_debouncer_1/board_clk
    SLICE_X3Y66          FDRE                                         r  ee201_debouncer_1/debounce_count_reg[20]/C
  -------------------------------------------------------------------    -------------------
    SLICE_X3Y66          FDRE (Prop_fdre_C_Q)         0.141     1.659 r  ee201_debouncer_1/debounce_count_reg[20]/Q
                         net (fo=1, routed)           0.108     1.768    ee201_debouncer_1/debounce_count_reg_n_0_[20]
    SLICE_X3Y66          CARRY4 (Prop_carry4_S[3]_O[3])
                                                      0.108     1.876 r  ee201_debouncer_1/debounce_count0_carry__3/O[3]
                         net (fo=1, routed)           0.000     1.876    ee201_debouncer_1/debounce_count0_carry__3_n_4
    SLICE_X3Y66          FDRE                                         r  ee201_debouncer_1/debounce_count_reg[20]/D
  -------------------------------------------------------------------    -------------------

                         (clock ClkPort rise edge)    0.000     0.000 r  
    E3                                                0.000     0.000 r  ClkPort (IN)
                         net (fo=0)                   0.000     0.000    BUFGP1/I
    E3                   IBUF (Prop_ibuf_I_O)         0.438     0.438 r  BUFGP1/IBUF/O
                         net (fo=1, routed)           0.699     1.136    BUFGP1/IBUFG_2_BUFG
    BUFGCTRL_X0Y16       BUFG (Prop_bufg_I_O)         0.029     1.165 r  BUFGP1/BUFG/O
                         net (fo=78, routed)          0.870     2.035    ee201_debouncer_1/board_clk
    SLICE_X3Y66          FDRE                                         r  ee201_debouncer_1/debounce_count_reg[20]/C
                         clock pessimism             -0.516     1.518    
    SLICE_X3Y66          FDRE (Hold_fdre_C_D)         0.105     1.623    ee201_debouncer_1/debounce_count_reg[20]
  -------------------------------------------------------------------
                         required time                         -1.623    
                         arrival time                           1.876    
  -------------------------------------------------------------------
                         slack                                  0.252    

Slack (MET) :             0.252ns  (arrival time - required time)
  Source:                 DIV_CLK_reg[11]/C
                            (rising edge-triggered cell FDCE clocked by ClkPort  {rise@0.000ns fall@5.000ns period=10.000ns})
  Destination:            DIV_CLK_reg[11]/D
                            (rising edge-triggered cell FDCE clocked by ClkPort  {rise@0.000ns fall@5.000ns period=10.000ns})
  Path Group:             ClkPort
  Path Type:              Hold (Min at Fast Process Corner)
  Requirement:            0.000ns  (ClkPort rise@0.000ns - ClkPort rise@0.000ns)
  Data Path Delay:        0.357ns  (logic 0.249ns (69.714%)  route 0.108ns (30.286%))
  Logic Levels:           1  (CARRY4=1)
  Clock Path Skew:        0.000ns (DCD - SCD - CPR)
    Destination Clock Delay (DCD):    2.038ns
    Source Clock Delay      (SCD):    1.520ns
    Clock Pessimism Removal (CPR):    0.517ns

    Location             Delay type                Incr(ns)  Path(ns)    Netlist Resource(s)
  -------------------------------------------------------------------    -------------------
                         (clock ClkPort rise edge)    0.000     0.000 r  
    E3                                                0.000     0.000 r  ClkPort (IN)
                         net (fo=0)                   0.000     0.000    BUFGP1/I
    E3                   IBUF (Prop_ibuf_I_O)         0.250     0.250 r  BUFGP1/IBUF/O
                         net (fo=1, routed)           0.644     0.894    BUFGP1/IBUFG_2_BUFG
    BUFGCTRL_X0Y16       BUFG (Prop_bufg_I_O)         0.026     0.920 r  BUFGP1/BUFG/O
                         net (fo=78, routed)          0.601     1.520    board_clk
    SLICE_X1Y62          FDCE                                         r  DIV_CLK_reg[11]/C
  -------------------------------------------------------------------    -------------------
    SLICE_X1Y62          FDCE (Prop_fdce_C_Q)         0.141     1.661 r  DIV_CLK_reg[11]/Q
                         net (fo=1, routed)           0.108     1.770    DIV_CLK_reg_n_0_[11]
    SLICE_X1Y62          CARRY4 (Prop_carry4_S[3]_O[3])
                                                      0.108     1.878 r  DIV_CLK_reg[8]_i_1/O[3]
                         net (fo=1, routed)           0.000     1.878    DIV_CLK_reg[8]_i_1_n_4
    SLICE_X1Y62          FDCE                                         r  DIV_CLK_reg[11]/D
  -------------------------------------------------------------------    -------------------

                         (clock ClkPort rise edge)    0.000     0.000 r  
    E3                                                0.000     0.000 r  ClkPort (IN)
                         net (fo=0)                   0.000     0.000    BUFGP1/I
    E3                   IBUF (Prop_ibuf_I_O)         0.438     0.438 r  BUFGP1/IBUF/O
                         net (fo=1, routed)           0.699     1.136    BUFGP1/IBUFG_2_BUFG
    BUFGCTRL_X0Y16       BUFG (Prop_bufg_I_O)         0.029     1.165 r  BUFGP1/BUFG/O
                         net (fo=78, routed)          0.873     2.038    board_clk
    SLICE_X1Y62          FDCE                                         r  DIV_CLK_reg[11]/C
                         clock pessimism             -0.517     1.520    
    SLICE_X1Y62          FDCE (Hold_fdce_C_D)         0.105     1.625    DIV_CLK_reg[11]
  -------------------------------------------------------------------
                         required time                         -1.625    
                         arrival time                           1.878    
  -------------------------------------------------------------------
                         slack                                  0.252    

Slack (MET) :             0.252ns  (arrival time - required time)
  Source:                 DIV_CLK_reg[3]/C
                            (rising edge-triggered cell FDCE clocked by ClkPort  {rise@0.000ns fall@5.000ns period=10.000ns})
  Destination:            DIV_CLK_reg[3]/D
                            (rising edge-triggered cell FDCE clocked by ClkPort  {rise@0.000ns fall@5.000ns period=10.000ns})
  Path Group:             ClkPort
  Path Type:              Hold (Min at Fast Process Corner)
  Requirement:            0.000ns  (ClkPort rise@0.000ns - ClkPort rise@0.000ns)
  Data Path Delay:        0.357ns  (logic 0.249ns (69.714%)  route 0.108ns (30.286%))
  Logic Levels:           1  (CARRY4=1)
  Clock Path Skew:        0.000ns (DCD - SCD - CPR)
    Destination Clock Delay (DCD):    2.040ns
    Source Clock Delay      (SCD):    1.521ns
    Clock Pessimism Removal (CPR):    0.518ns

    Location             Delay type                Incr(ns)  Path(ns)    Netlist Resource(s)
  -------------------------------------------------------------------    -------------------
                         (clock ClkPort rise edge)    0.000     0.000 r  
    E3                                                0.000     0.000 r  ClkPort (IN)
                         net (fo=0)                   0.000     0.000    BUFGP1/I
    E3                   IBUF (Prop_ibuf_I_O)         0.250     0.250 r  BUFGP1/IBUF/O
                         net (fo=1, routed)           0.644     0.894    BUFGP1/IBUFG_2_BUFG
    BUFGCTRL_X0Y16       BUFG (Prop_bufg_I_O)         0.026     0.920 r  BUFGP1/BUFG/O
                         net (fo=78, routed)          0.602     1.521    board_clk
    SLICE_X1Y60          FDCE                                         r  DIV_CLK_reg[3]/C
  -------------------------------------------------------------------    -------------------
    SLICE_X1Y60          FDCE (Prop_fdce_C_Q)         0.141     1.662 r  DIV_CLK_reg[3]/Q
                         net (fo=1, routed)           0.108     1.771    DIV_CLK_reg_n_0_[3]
    SLICE_X1Y60          CARRY4 (Prop_carry4_S[3]_O[3])
                                                      0.108     1.879 r  DIV_CLK_reg[0]_i_1/O[3]
                         net (fo=1, routed)           0.000     1.879    DIV_CLK_reg[0]_i_1_n_4
    SLICE_X1Y60          FDCE                                         r  DIV_CLK_reg[3]/D
  -------------------------------------------------------------------    -------------------

                         (clock ClkPort rise edge)    0.000     0.000 r  
    E3                                                0.000     0.000 r  ClkPort (IN)
                         net (fo=0)                   0.000     0.000    BUFGP1/I
    E3                   IBUF (Prop_ibuf_I_O)         0.438     0.438 r  BUFGP1/IBUF/O
                         net (fo=1, routed)           0.699     1.136    BUFGP1/IBUFG_2_BUFG
    BUFGCTRL_X0Y16       BUFG (Prop_bufg_I_O)         0.029     1.165 r  BUFGP1/BUFG/O
                         net (fo=78, routed)          0.875     2.040    board_clk
    SLICE_X1Y60          FDCE                                         r  DIV_CLK_reg[3]/C
                         clock pessimism             -0.518     1.521    
    SLICE_X1Y60          FDCE (Hold_fdce_C_D)         0.105     1.626    DIV_CLK_reg[3]
  -------------------------------------------------------------------
                         required time                         -1.626    
                         arrival time                           1.879    
  -------------------------------------------------------------------
                         slack                                  0.252    

Slack (MET) :             0.252ns  (arrival time - required time)
  Source:                 DIV_CLK_reg[7]/C
                            (rising edge-triggered cell FDCE clocked by ClkPort  {rise@0.000ns fall@5.000ns period=10.000ns})
  Destination:            DIV_CLK_reg[7]/D
                            (rising edge-triggered cell FDCE clocked by ClkPort  {rise@0.000ns fall@5.000ns period=10.000ns})
  Path Group:             ClkPort
  Path Type:              Hold (Min at Fast Process Corner)
  Requirement:            0.000ns  (ClkPort rise@0.000ns - ClkPort rise@0.000ns)
  Data Path Delay:        0.357ns  (logic 0.249ns (69.714%)  route 0.108ns (30.286%))
  Logic Levels:           1  (CARRY4=1)
  Clock Path Skew:        0.000ns (DCD - SCD - CPR)
    Destination Clock Delay (DCD):    2.040ns
    Source Clock Delay      (SCD):    1.521ns
    Clock Pessimism Removal (CPR):    0.518ns

    Location             Delay type                Incr(ns)  Path(ns)    Netlist Resource(s)
  -------------------------------------------------------------------    -------------------
                         (clock ClkPort rise edge)    0.000     0.000 r  
    E3                                                0.000     0.000 r  ClkPort (IN)
                         net (fo=0)                   0.000     0.000    BUFGP1/I
    E3                   IBUF (Prop_ibuf_I_O)         0.250     0.250 r  BUFGP1/IBUF/O
                         net (fo=1, routed)           0.644     0.894    BUFGP1/IBUFG_2_BUFG
    BUFGCTRL_X0Y16       BUFG (Prop_bufg_I_O)         0.026     0.920 r  BUFGP1/BUFG/O
                         net (fo=78, routed)          0.602     1.521    board_clk
    SLICE_X1Y61          FDCE                                         r  DIV_CLK_reg[7]/C
  -------------------------------------------------------------------    -------------------
    SLICE_X1Y61          FDCE (Prop_fdce_C_Q)         0.141     1.662 r  DIV_CLK_reg[7]/Q
                         net (fo=1, routed)           0.108     1.771    DIV_CLK_reg_n_0_[7]
    SLICE_X1Y61          CARRY4 (Prop_carry4_S[3]_O[3])
                                                      0.108     1.879 r  DIV_CLK_reg[4]_i_1/O[3]
                         net (fo=1, routed)           0.000     1.879    DIV_CLK_reg[4]_i_1_n_4
    SLICE_X1Y61          FDCE                                         r  DIV_CLK_reg[7]/D
  -------------------------------------------------------------------    -------------------

                         (clock ClkPort rise edge)    0.000     0.000 r  
    E3                                                0.000     0.000 r  ClkPort (IN)
                         net (fo=0)                   0.000     0.000    BUFGP1/I
    E3                   IBUF (Prop_ibuf_I_O)         0.438     0.438 r  BUFGP1/IBUF/O
                         net (fo=1, routed)           0.699     1.136    BUFGP1/IBUFG_2_BUFG
    BUFGCTRL_X0Y16       BUFG (Prop_bufg_I_O)         0.029     1.165 r  BUFGP1/BUFG/O
                         net (fo=78, routed)          0.875     2.040    board_clk
    SLICE_X1Y61          FDCE                                         r  DIV_CLK_reg[7]/C
                         clock pessimism             -0.518     1.521    
    SLICE_X1Y61          FDCE (Hold_fdce_C_D)         0.105     1.626    DIV_CLK_reg[7]
  -------------------------------------------------------------------
                         required time                         -1.626    
                         arrival time                           1.879    
  -------------------------------------------------------------------
                         slack                                  0.252    

Slack (MET) :             0.252ns  (arrival time - required time)
  Source:                 ee201_debouncer_1/debounce_count_reg[16]/C
                            (rising edge-triggered cell FDRE clocked by ClkPort  {rise@0.000ns fall@5.000ns period=10.000ns})
  Destination:            ee201_debouncer_1/debounce_count_reg[16]/D
                            (rising edge-triggered cell FDRE clocked by ClkPort  {rise@0.000ns fall@5.000ns period=10.000ns})
  Path Group:             ClkPort
  Path Type:              Hold (Min at Fast Process Corner)
  Requirement:            0.000ns  (ClkPort rise@0.000ns - ClkPort rise@0.000ns)
  Data Path Delay:        0.357ns  (logic 0.249ns (69.714%)  route 0.108ns (30.286%))
  Logic Levels:           1  (CARRY4=1)
  Clock Path Skew:        0.000ns (DCD - SCD - CPR)
    Destination Clock Delay (DCD):    2.036ns
    Source Clock Delay      (SCD):    1.519ns
    Clock Pessimism Removal (CPR):    0.516ns

    Location             Delay type                Incr(ns)  Path(ns)    Netlist Resource(s)
  -------------------------------------------------------------------    -------------------
                         (clock ClkPort rise edge)    0.000     0.000 r  
    E3                                                0.000     0.000 r  ClkPort (IN)
                         net (fo=0)                   0.000     0.000    BUFGP1/I
    E3                   IBUF (Prop_ibuf_I_O)         0.250     0.250 r  BUFGP1/IBUF/O
                         net (fo=1, routed)           0.644     0.894    BUFGP1/IBUFG_2_BUFG
    BUFGCTRL_X0Y16       BUFG (Prop_bufg_I_O)         0.026     0.920 r  BUFGP1/BUFG/O
                         net (fo=78, routed)          0.600     1.519    ee201_debouncer_1/board_clk
    SLICE_X3Y65          FDRE                                         r  ee201_debouncer_1/debounce_count_reg[16]/C
  -------------------------------------------------------------------    -------------------
    SLICE_X3Y65          FDRE (Prop_fdre_C_Q)         0.141     1.660 r  ee201_debouncer_1/debounce_count_reg[16]/Q
                         net (fo=1, routed)           0.108     1.769    ee201_debouncer_1/debounce_count_reg_n_0_[16]
    SLICE_X3Y65          CARRY4 (Prop_carry4_S[3]_O[3])
                                                      0.108     1.877 r  ee201_debouncer_1/debounce_count0_carry__2/O[3]
                         net (fo=1, routed)           0.000     1.877    ee201_debouncer_1/debounce_count0_carry__2_n_4
    SLICE_X3Y65          FDRE                                         r  ee201_debouncer_1/debounce_count_reg[16]/D
  -------------------------------------------------------------------    -------------------

                         (clock ClkPort rise edge)    0.000     0.000 r  
    E3                                                0.000     0.000 r  ClkPort (IN)
                         net (fo=0)                   0.000     0.000    BUFGP1/I
    E3                   IBUF (Prop_ibuf_I_O)         0.438     0.438 r  BUFGP1/IBUF/O
                         net (fo=1, routed)           0.699     1.136    BUFGP1/IBUFG_2_BUFG
    BUFGCTRL_X0Y16       BUFG (Prop_bufg_I_O)         0.029     1.165 r  BUFGP1/BUFG/O
                         net (fo=78, routed)          0.871     2.036    ee201_debouncer_1/board_clk
    SLICE_X3Y65          FDRE                                         r  ee201_debouncer_1/debounce_count_reg[16]/C
                         clock pessimism             -0.516     1.519    
    SLICE_X3Y65          FDRE (Hold_fdre_C_D)         0.105     1.624    ee201_debouncer_1/debounce_count_reg[16]
  -------------------------------------------------------------------
                         required time                         -1.624    
                         arrival time                           1.877    
  -------------------------------------------------------------------
                         slack                                  0.252    

Slack (MET) :             0.252ns  (arrival time - required time)
  Source:                 ee201_debouncer_1/debounce_count_reg[4]/C
                            (rising edge-triggered cell FDRE clocked by ClkPort  {rise@0.000ns fall@5.000ns period=10.000ns})
  Destination:            ee201_debouncer_1/debounce_count_reg[4]/D
                            (rising edge-triggered cell FDRE clocked by ClkPort  {rise@0.000ns fall@5.000ns period=10.000ns})
  Path Group:             ClkPort
  Path Type:              Hold (Min at Fast Process Corner)
  Requirement:            0.000ns  (ClkPort rise@0.000ns - ClkPort rise@0.000ns)
  Data Path Delay:        0.357ns  (logic 0.249ns (69.714%)  route 0.108ns (30.286%))
  Logic Levels:           1  (CARRY4=1)
  Clock Path Skew:        0.000ns (DCD - SCD - CPR)
    Destination Clock Delay (DCD):    2.038ns
    Source Clock Delay      (SCD):    1.520ns
    Clock Pessimism Removal (CPR):    0.517ns

    Location             Delay type                Incr(ns)  Path(ns)    Netlist Resource(s)
  -------------------------------------------------------------------    -------------------
                         (clock ClkPort rise edge)    0.000     0.000 r  
    E3                                                0.000     0.000 r  ClkPort (IN)
                         net (fo=0)                   0.000     0.000    BUFGP1/I
    E3                   IBUF (Prop_ibuf_I_O)         0.250     0.250 r  BUFGP1/IBUF/O
                         net (fo=1, routed)           0.644     0.894    BUFGP1/IBUFG_2_BUFG
    BUFGCTRL_X0Y16       BUFG (Prop_bufg_I_O)         0.026     0.920 r  BUFGP1/BUFG/O
                         net (fo=78, routed)          0.601     1.520    ee201_debouncer_1/board_clk
    SLICE_X3Y62          FDRE                                         r  ee201_debouncer_1/debounce_count_reg[4]/C
  -------------------------------------------------------------------    -------------------
    SLICE_X3Y62          FDRE (Prop_fdre_C_Q)         0.141     1.661 r  ee201_debouncer_1/debounce_count_reg[4]/Q
                         net (fo=1, routed)           0.108     1.770    ee201_debouncer_1/debounce_count_reg_n_0_[4]
    SLICE_X3Y62          CARRY4 (Prop_carry4_S[3]_O[3])
                                                      0.108     1.878 r  ee201_debouncer_1/debounce_count0_carry/O[3]
                         net (fo=1, routed)           0.000     1.878    ee201_debouncer_1/debounce_count0_carry_n_4
    SLICE_X3Y62          FDRE                                         r  ee201_debouncer_1/debounce_count_reg[4]/D
  -------------------------------------------------------------------    -------------------

                         (clock ClkPort rise edge)    0.000     0.000 r  
    E3                                                0.000     0.000 r  ClkPort (IN)
                         net (fo=0)                   0.000     0.000    BUFGP1/I
    E3                   IBUF (Prop_ibuf_I_O)         0.438     0.438 r  BUFGP1/IBUF/O
                         net (fo=1, routed)           0.699     1.136    BUFGP1/IBUFG_2_BUFG
    BUFGCTRL_X0Y16       BUFG (Prop_bufg_I_O)         0.029     1.165 r  BUFGP1/BUFG/O
                         net (fo=78, routed)          0.873     2.038    ee201_debouncer_1/board_clk
    SLICE_X3Y62          FDRE                                         r  ee201_debouncer_1/debounce_count_reg[4]/C
                         clock pessimism             -0.517     1.520    
    SLICE_X3Y62          FDRE (Hold_fdre_C_D)         0.105     1.625    ee201_debouncer_1/debounce_count_reg[4]
  -------------------------------------------------------------------
                         required time                         -1.625    
                         arrival time                           1.878    
  -------------------------------------------------------------------
                         slack                                  0.252    

Slack (MET) :             0.252ns  (arrival time - required time)
  Source:                 DIV_CLK_reg[15]/C
                            (rising edge-triggered cell FDCE clocked by ClkPort  {rise@0.000ns fall@5.000ns period=10.000ns})
  Destination:            DIV_CLK_reg[15]/D
                            (rising edge-triggered cell FDCE clocked by ClkPort  {rise@0.000ns fall@5.000ns period=10.000ns})
  Path Group:             ClkPort
  Path Type:              Hold (Min at Fast Process Corner)
  Requirement:            0.000ns  (ClkPort rise@0.000ns - ClkPort rise@0.000ns)
  Data Path Delay:        0.357ns  (logic 0.249ns (69.714%)  route 0.108ns (30.286%))
  Logic Levels:           1  (CARRY4=1)
  Clock Path Skew:        0.000ns (DCD - SCD - CPR)
    Destination Clock Delay (DCD):    2.037ns
    Source Clock Delay      (SCD):    1.519ns
    Clock Pessimism Removal (CPR):    0.517ns

    Location             Delay type                Incr(ns)  Path(ns)    Netlist Resource(s)
  -------------------------------------------------------------------    -------------------
                         (clock ClkPort rise edge)    0.000     0.000 r  
    E3                                                0.000     0.000 r  ClkPort (IN)
                         net (fo=0)                   0.000     0.000    BUFGP1/I
    E3                   IBUF (Prop_ibuf_I_O)         0.250     0.250 r  BUFGP1/IBUF/O
                         net (fo=1, routed)           0.644     0.894    BUFGP1/IBUFG_2_BUFG
    BUFGCTRL_X0Y16       BUFG (Prop_bufg_I_O)         0.026     0.920 r  BUFGP1/BUFG/O
                         net (fo=78, routed)          0.600     1.519    board_clk
    SLICE_X1Y63          FDCE                                         r  DIV_CLK_reg[15]/C
  -------------------------------------------------------------------    -------------------
    SLICE_X1Y63          FDCE (Prop_fdce_C_Q)         0.141     1.660 r  DIV_CLK_reg[15]/Q
                         net (fo=1, routed)           0.108     1.769    DIV_CLK_reg_n_0_[15]
    SLICE_X1Y63          CARRY4 (Prop_carry4_S[3]_O[3])
                                                      0.108     1.877 r  DIV_CLK_reg[12]_i_1/O[3]
                         net (fo=1, routed)           0.000     1.877    DIV_CLK_reg[12]_i_1_n_4
    SLICE_X1Y63          FDCE                                         r  DIV_CLK_reg[15]/D
  -------------------------------------------------------------------    -------------------

                         (clock ClkPort rise edge)    0.000     0.000 r  
    E3                                                0.000     0.000 r  ClkPort (IN)
                         net (fo=0)                   0.000     0.000    BUFGP1/I
    E3                   IBUF (Prop_ibuf_I_O)         0.438     0.438 r  BUFGP1/IBUF/O
                         net (fo=1, routed)           0.699     1.136    BUFGP1/IBUFG_2_BUFG
    BUFGCTRL_X0Y16       BUFG (Prop_bufg_I_O)         0.029     1.165 r  BUFGP1/BUFG/O
                         net (fo=78, routed)          0.872     2.037    board_clk
    SLICE_X1Y63          FDCE                                         r  DIV_CLK_reg[15]/C
                         clock pessimism             -0.517     1.519    
    SLICE_X1Y63          FDCE (Hold_fdce_C_D)         0.105     1.624    DIV_CLK_reg[15]
  -------------------------------------------------------------------
                         required time                         -1.624    
                         arrival time                           1.877    
  -------------------------------------------------------------------
                         slack                                  0.252    

Slack (MET) :             0.252ns  (arrival time - required time)
  Source:                 ee201_debouncer_1/debounce_count_reg[12]/C
                            (rising edge-triggered cell FDRE clocked by ClkPort  {rise@0.000ns fall@5.000ns period=10.000ns})
  Destination:            ee201_debouncer_1/debounce_count_reg[12]/D
                            (rising edge-triggered cell FDRE clocked by ClkPort  {rise@0.000ns fall@5.000ns period=10.000ns})
  Path Group:             ClkPort
  Path Type:              Hold (Min at Fast Process Corner)
  Requirement:            0.000ns  (ClkPort rise@0.000ns - ClkPort rise@0.000ns)
  Data Path Delay:        0.357ns  (logic 0.249ns (69.714%)  route 0.108ns (30.286%))
  Logic Levels:           1  (CARRY4=1)
  Clock Path Skew:        0.000ns (DCD - SCD - CPR)
    Destination Clock Delay (DCD):    2.037ns
    Source Clock Delay      (SCD):    1.519ns
    Clock Pessimism Removal (CPR):    0.517ns

    Location             Delay type                Incr(ns)  Path(ns)    Netlist Resource(s)
  -------------------------------------------------------------------    -------------------
                         (clock ClkPort rise edge)    0.000     0.000 r  
    E3                                                0.000     0.000 r  ClkPort (IN)
                         net (fo=0)                   0.000     0.000    BUFGP1/I
    E3                   IBUF (Prop_ibuf_I_O)         0.250     0.250 r  BUFGP1/IBUF/O
                         net (fo=1, routed)           0.644     0.894    BUFGP1/IBUFG_2_BUFG
    BUFGCTRL_X0Y16       BUFG (Prop_bufg_I_O)         0.026     0.920 r  BUFGP1/BUFG/O
                         net (fo=78, routed)          0.600     1.519    ee201_debouncer_1/board_clk
    SLICE_X3Y64          FDRE                                         r  ee201_debouncer_1/debounce_count_reg[12]/C
  -------------------------------------------------------------------    -------------------
    SLICE_X3Y64          FDRE (Prop_fdre_C_Q)         0.141     1.660 r  ee201_debouncer_1/debounce_count_reg[12]/Q
                         net (fo=1, routed)           0.108     1.769    ee201_debouncer_1/debounce_count_reg_n_0_[12]
    SLICE_X3Y64          CARRY4 (Prop_carry4_S[3]_O[3])
                                                      0.108     1.877 r  ee201_debouncer_1/debounce_count0_carry__1/O[3]
                         net (fo=1, routed)           0.000     1.877    ee201_debouncer_1/debounce_count0_carry__1_n_4
    SLICE_X3Y64          FDRE                                         r  ee201_debouncer_1/debounce_count_reg[12]/D
  -------------------------------------------------------------------    -------------------

                         (clock ClkPort rise edge)    0.000     0.000 r  
    E3                                                0.000     0.000 r  ClkPort (IN)
                         net (fo=0)                   0.000     0.000    BUFGP1/I
    E3                   IBUF (Prop_ibuf_I_O)         0.438     0.438 r  BUFGP1/IBUF/O
                         net (fo=1, routed)           0.699     1.136    BUFGP1/IBUFG_2_BUFG
    BUFGCTRL_X0Y16       BUFG (Prop_bufg_I_O)         0.029     1.165 r  BUFGP1/BUFG/O
                         net (fo=78, routed)          0.872     2.037    ee201_debouncer_1/board_clk
    SLICE_X3Y64          FDRE                                         r  ee201_debouncer_1/debounce_count_reg[12]/C
                         clock pessimism             -0.517     1.519    
    SLICE_X3Y64          FDRE (Hold_fdre_C_D)         0.105     1.624    ee201_debouncer_1/debounce_count_reg[12]
  -------------------------------------------------------------------
                         required time                         -1.624    
                         arrival time                           1.877    
  -------------------------------------------------------------------
                         slack                                  0.252    





Pulse Width Checks
--------------------------------------------------------------------------------------
Clock Name:         ClkPort
Waveform(ns):       { 0.000 5.000 }
Period(ns):         10.000
Sources:            { ClkPort }

Check Type        Corner  Lib Pin  Reference Pin  Required(ns)  Actual(ns)  Slack(ns)  Location        Pin
Min Period        n/a     BUFG/I   n/a            2.155         10.000      7.845      BUFGCTRL_X0Y16  BUFGP1/BUFG/I
Min Period        n/a     FDCE/C   n/a            1.000         10.000      9.000      SLICE_X1Y60     DIV_CLK_reg[0]/C
Min Period        n/a     FDCE/C   n/a            1.000         10.000      9.000      SLICE_X1Y62     DIV_CLK_reg[10]/C
Min Period        n/a     FDCE/C   n/a            1.000         10.000      9.000      SLICE_X1Y62     DIV_CLK_reg[11]/C
Min Period        n/a     FDCE/C   n/a            1.000         10.000      9.000      SLICE_X1Y63     DIV_CLK_reg[12]/C
Min Period        n/a     FDCE/C   n/a            1.000         10.000      9.000      SLICE_X1Y63     DIV_CLK_reg[13]/C
Min Period        n/a     FDCE/C   n/a            1.000         10.000      9.000      SLICE_X1Y63     DIV_CLK_reg[14]/C
Min Period        n/a     FDCE/C   n/a            1.000         10.000      9.000      SLICE_X1Y63     DIV_CLK_reg[15]/C
Min Period        n/a     FDCE/C   n/a            1.000         10.000      9.000      SLICE_X1Y64     DIV_CLK_reg[16]/C
Min Period        n/a     FDCE/C   n/a            1.000         10.000      9.000      SLICE_X1Y64     DIV_CLK_reg[17]/C
Low Pulse Width   Slow    FDCE/C   n/a            0.500         5.000       4.500      SLICE_X1Y60     DIV_CLK_reg[0]/C
Low Pulse Width   Fast    FDCE/C   n/a            0.500         5.000       4.500      SLICE_X1Y60     DIV_CLK_reg[0]/C
Low Pulse Width   Slow    FDCE/C   n/a            0.500         5.000       4.500      SLICE_X1Y62     DIV_CLK_reg[10]/C
Low Pulse Width   Fast    FDCE/C   n/a            0.500         5.000       4.500      SLICE_X1Y62     DIV_CLK_reg[10]/C
Low Pulse Width   Slow    FDCE/C   n/a            0.500         5.000       4.500      SLICE_X1Y62     DIV_CLK_reg[11]/C
Low Pulse Width   Fast    FDCE/C   n/a            0.500         5.000       4.500      SLICE_X1Y62     DIV_CLK_reg[11]/C
Low Pulse Width   Slow    FDCE/C   n/a            0.500         5.000       4.500      SLICE_X1Y63     DIV_CLK_reg[12]/C
Low Pulse Width   Fast    FDCE/C   n/a            0.500         5.000       4.500      SLICE_X1Y63     DIV_CLK_reg[12]/C
Low Pulse Width   Slow    FDCE/C   n/a            0.500         5.000       4.500      SLICE_X1Y63     DIV_CLK_reg[13]/C
Low Pulse Width   Fast    FDCE/C   n/a            0.500         5.000       4.500      SLICE_X1Y63     DIV_CLK_reg[13]/C
High Pulse Width  Slow    FDCE/C   n/a            0.500         5.000       4.500      SLICE_X1Y60     DIV_CLK_reg[0]/C
High Pulse Width  Fast    FDCE/C   n/a            0.500         5.000       4.500      SLICE_X1Y60     DIV_CLK_reg[0]/C
High Pulse Width  Slow    FDCE/C   n/a            0.500         5.000       4.500      SLICE_X1Y62     DIV_CLK_reg[10]/C
High Pulse Width  Fast    FDCE/C   n/a            0.500         5.000       4.500      SLICE_X1Y62     DIV_CLK_reg[10]/C
High Pulse Width  Slow    FDCE/C   n/a            0.500         5.000       4.500      SLICE_X1Y62     DIV_CLK_reg[11]/C
High Pulse Width  Fast    FDCE/C   n/a            0.500         5.000       4.500      SLICE_X1Y62     DIV_CLK_reg[11]/C
High Pulse Width  Slow    FDCE/C   n/a            0.500         5.000       4.500      SLICE_X1Y63     DIV_CLK_reg[12]/C
High Pulse Width  Fast    FDCE/C   n/a            0.500         5.000       4.500      SLICE_X1Y63     DIV_CLK_reg[12]/C
High Pulse Width  Slow    FDCE/C   n/a            0.500         5.000       4.500      SLICE_X1Y63     DIV_CLK_reg[13]/C
High Pulse Width  Fast    FDCE/C   n/a            0.500         5.000       4.500      SLICE_X1Y63     DIV_CLK_reg[13]/C



--------------------------------------------------------------------------------------
Path Group:  (none)
From Clock:  
  To Clock:  

Max Delay            11 Endpoints
Min Delay            11 Endpoints
--------------------------------------------------------------------------------------


Max Delay Paths
--------------------------------------------------------------------------------------
Slack:                    inf
  Source:                 Sw9
                            (input port)
  Destination:            Cd
                            (output port)
  Path Group:             (none)
  Path Type:              Max at Slow Process Corner
  Data Path Delay:        14.387ns  (logic 5.404ns (37.564%)  route 8.982ns (62.436%))
  Logic Levels:           5  (IBUF=1 LUT4=1 LUT6=2 OBUF=1)
  Timing Exception:       False Path

    Location             Delay type                Incr(ns)  Path(ns)    Netlist Resource(s)
  -------------------------------------------------------------------    -------------------
    U8                                                0.000     0.000 r  Sw9 (IN)
                         net (fo=0)                   0.000     0.000    Sw9
    U8                   IBUF (Prop_ibuf_I_O)         1.482     1.482 r  Sw9_IBUF_inst/O
                         net (fo=2, routed)           3.889     5.371    divider/Sw9_IBUF
    SLICE_X4Y66          LUT6 (Prop_lut6_I5_O)        0.124     5.495 r  divider/Ca_OBUF_inst_i_8/O
                         net (fo=1, routed)           0.667     6.162    divider/Ca_OBUF_inst_i_8_n_0
    SLICE_X4Y66          LUT6 (Prop_lut6_I5_O)        0.124     6.286 r  divider/Ca_OBUF_inst_i_4/O
                         net (fo=7, routed)           1.135     7.420    divider/sel0[1]
    SLICE_X0Y68          LUT4 (Prop_lut4_I0_O)        0.124     7.544 r  divider/Cd_OBUF_inst_i_1/O
                         net (fo=1, routed)           3.292    10.836    Cd_OBUF
    K13                  OBUF (Prop_obuf_I_O)         3.550    14.387 r  Cd_OBUF_inst/O
                         net (fo=0)                   0.000    14.387    Cd
    K13                                                               r  Cd (OUT)
  -------------------------------------------------------------------    -------------------

Slack:                    inf
  Source:                 Sw9
                            (input port)
  Destination:            Cc
                            (output port)
  Path Group:             (none)
  Path Type:              Max at Slow Process Corner
  Data Path Delay:        13.875ns  (logic 5.347ns (38.538%)  route 8.528ns (61.462%))
  Logic Levels:           5  (IBUF=1 LUT4=1 LUT6=2 OBUF=1)
  Timing Exception:       False Path

    Location             Delay type                Incr(ns)  Path(ns)    Netlist Resource(s)
  -------------------------------------------------------------------    -------------------
    U8                                                0.000     0.000 r  Sw9 (IN)
                         net (fo=0)                   0.000     0.000    Sw9
    U8                   IBUF (Prop_ibuf_I_O)         1.482     1.482 r  Sw9_IBUF_inst/O
                         net (fo=2, routed)           3.889     5.371    divider/Sw9_IBUF
    SLICE_X4Y66          LUT6 (Prop_lut6_I5_O)        0.124     5.495 r  divider/Ca_OBUF_inst_i_8/O
                         net (fo=1, routed)           0.667     6.162    divider/Ca_OBUF_inst_i_8_n_0
    SLICE_X4Y66          LUT6 (Prop_lut6_I5_O)        0.124     6.286 r  divider/Ca_OBUF_inst_i_4/O
                         net (fo=7, routed)           1.133     7.419    divider/sel0[1]
    SLICE_X0Y68          LUT4 (Prop_lut4_I2_O)        0.124     7.543 r  divider/Cc_OBUF_inst_i_1/O
                         net (fo=1, routed)           2.839    10.382    Cc_OBUF
    K16                  OBUF (Prop_obuf_I_O)         3.493    13.875 r  Cc_OBUF_inst/O
                         net (fo=0)                   0.000    13.875    Cc
    K16                                                               r  Cc (OUT)
  -------------------------------------------------------------------    -------------------

Slack:                    inf
  Source:                 Sw12
                            (input port)
  Destination:            Cg
                            (output port)
  Path Group:             (none)
  Path Type:              Max at Slow Process Corner
  Data Path Delay:        13.867ns  (logic 5.606ns (40.426%)  route 8.261ns (59.574%))
  Logic Levels:           5  (IBUF=1 LUT4=1 LUT6=2 OBUF=1)
  Timing Exception:       False Path

    Location             Delay type                Incr(ns)  Path(ns)    Netlist Resource(s)
  -------------------------------------------------------------------    -------------------
    H6                                                0.000     0.000 r  Sw12 (IN)
                         net (fo=0)                   0.000     0.000    Sw12
    H6                   IBUF (Prop_ibuf_I_O)         1.467     1.467 r  Sw12_IBUF_inst/O
                         net (fo=2, routed)           4.408     5.875    divider/Sw12_IBUF
    SLICE_X4Y66          LUT6 (Prop_lut6_I1_O)        0.124     5.999 r  divider/Ca_OBUF_inst_i_7/O
                         net (fo=1, routed)           0.162     6.160    divider/Ca_OBUF_inst_i_7_n_0
    SLICE_X4Y66          LUT6 (Prop_lut6_I5_O)        0.124     6.284 r  divider/Ca_OBUF_inst_i_3/O
                         net (fo=7, routed)           1.199     7.484    divider/sel0[0]
    SLICE_X1Y68          LUT4 (Prop_lut4_I1_O)        0.152     7.636 r  divider/Cg_OBUF_inst_i_1/O
                         net (fo=1, routed)           2.492    10.128    Cg_OBUF
    L18                  OBUF (Prop_obuf_I_O)         3.739    13.867 r  Cg_OBUF_inst/O
                         net (fo=0)                   0.000    13.867    Cg
    L18                                                               r  Cg (OUT)
  -------------------------------------------------------------------    -------------------

Slack:                    inf
  Source:                 Sw9
                            (input port)
  Destination:            Cb
                            (output port)
  Path Group:             (none)
  Path Type:              Max at Slow Process Corner
  Data Path Delay:        13.602ns  (logic 5.642ns (41.483%)  route 7.959ns (58.517%))
  Logic Levels:           5  (IBUF=1 LUT4=1 LUT6=2 OBUF=1)
  Timing Exception:       False Path

    Location             Delay type                Incr(ns)  Path(ns)    Netlist Resource(s)
  -------------------------------------------------------------------    -------------------
    U8                                                0.000     0.000 r  Sw9 (IN)
                         net (fo=0)                   0.000     0.000    Sw9
    U8                   IBUF (Prop_ibuf_I_O)         1.482     1.482 r  Sw9_IBUF_inst/O
                         net (fo=2, routed)           3.889     5.371    divider/Sw9_IBUF
    SLICE_X4Y66          LUT6 (Prop_lut6_I5_O)        0.124     5.495 r  divider/Ca_OBUF_inst_i_8/O
                         net (fo=1, routed)           0.667     6.162    divider/Ca_OBUF_inst_i_8_n_0
    SLICE_X4Y66          LUT6 (Prop_lut6_I5_O)        0.124     6.286 r  divider/Ca_OBUF_inst_i_4/O
                         net (fo=7, routed)           1.133     7.419    divider/sel0[1]
    SLICE_X0Y68          LUT4 (Prop_lut4_I1_O)        0.154     7.573 r  divider/Cb_OBUF_inst_i_1/O
                         net (fo=1, routed)           2.270     9.843    Cb_OBUF
    R10                  OBUF (Prop_obuf_I_O)         3.758    13.602 r  Cb_OBUF_inst/O
                         net (fo=0)                   0.000    13.602    Cb
    R10                                                               r  Cb (OUT)
  -------------------------------------------------------------------    -------------------

Slack:                    inf
  Source:                 Sw9
                            (input port)
  Destination:            Ce
                            (output port)
  Path Group:             (none)
  Path Type:              Max at Slow Process Corner
  Data Path Delay:        13.030ns  (logic 5.621ns (43.134%)  route 7.410ns (56.866%))
  Logic Levels:           5  (IBUF=1 LUT4=1 LUT6=2 OBUF=1)
  Timing Exception:       False Path

    Location             Delay type                Incr(ns)  Path(ns)    Netlist Resource(s)
  -------------------------------------------------------------------    -------------------
    U8                                                0.000     0.000 f  Sw9 (IN)
                         net (fo=0)                   0.000     0.000    Sw9
    U8                   IBUF (Prop_ibuf_I_O)         1.482     1.482 f  Sw9_IBUF_inst/O
                         net (fo=2, routed)           3.889     5.371    divider/Sw9_IBUF
    SLICE_X4Y66          LUT6 (Prop_lut6_I5_O)        0.124     5.495 f  divider/Ca_OBUF_inst_i_8/O
                         net (fo=1, routed)           0.667     6.162    divider/Ca_OBUF_inst_i_8_n_0
    SLICE_X4Y66          LUT6 (Prop_lut6_I5_O)        0.124     6.286 f  divider/Ca_OBUF_inst_i_4/O
                         net (fo=7, routed)           1.135     7.420    divider/sel0[1]
    SLICE_X0Y68          LUT4 (Prop_lut4_I1_O)        0.149     7.569 r  divider/Ce_OBUF_inst_i_1/O
                         net (fo=1, routed)           1.719     9.289    Ce_OBUF
    P15                  OBUF (Prop_obuf_I_O)         3.742    13.030 r  Ce_OBUF_inst/O
                         net (fo=0)                   0.000    13.030    Ce
    P15                                                               r  Ce (OUT)
  -------------------------------------------------------------------    -------------------

Slack:                    inf
  Source:                 Sw12
                            (input port)
  Destination:            Ca
                            (output port)
  Path Group:             (none)
  Path Type:              Max at Slow Process Corner
  Data Path Delay:        12.944ns  (logic 5.416ns (41.837%)  route 7.529ns (58.163%))
  Logic Levels:           5  (IBUF=1 LUT4=1 LUT6=2 OBUF=1)
  Timing Exception:       False Path

    Location             Delay type                Incr(ns)  Path(ns)    Netlist Resource(s)
  -------------------------------------------------------------------    -------------------
    H6                                                0.000     0.000 r  Sw12 (IN)
                         net (fo=0)                   0.000     0.000    Sw12
    H6                   IBUF (Prop_ibuf_I_O)         1.467     1.467 r  Sw12_IBUF_inst/O
                         net (fo=2, routed)           4.408     5.875    divider/Sw12_IBUF
    SLICE_X4Y66          LUT6 (Prop_lut6_I1_O)        0.124     5.999 r  divider/Ca_OBUF_inst_i_7/O
                         net (fo=1, routed)           0.162     6.160    divider/Ca_OBUF_inst_i_7_n_0
    SLICE_X4Y66          LUT6 (Prop_lut6_I5_O)        0.124     6.284 r  divider/Ca_OBUF_inst_i_3/O
                         net (fo=7, routed)           0.829     7.113    divider/sel0[0]
    SLICE_X2Y66          LUT4 (Prop_lut4_I1_O)        0.124     7.237 r  divider/Ca_OBUF_inst_i_1/O
                         net (fo=1, routed)           2.130     9.367    Ca_OBUF
    T10                  OBUF (Prop_obuf_I_O)         3.577    12.944 r  Ca_OBUF_inst/O
                         net (fo=0)                   0.000    12.944    Ca
    T10                                                               r  Ca (OUT)
  -------------------------------------------------------------------    -------------------

Slack:                    inf
  Source:                 Sw12
                            (input port)
  Destination:            Cf
                            (output port)
  Path Group:             (none)
  Path Type:              Max at Slow Process Corner
  Data Path Delay:        12.901ns  (logic 5.399ns (41.850%)  route 7.502ns (58.150%))
  Logic Levels:           5  (IBUF=1 LUT4=1 LUT6=2 OBUF=1)
  Timing Exception:       False Path

    Location             Delay type                Incr(ns)  Path(ns)    Netlist Resource(s)
  -------------------------------------------------------------------    -------------------
    H6                                                0.000     0.000 r  Sw12 (IN)
                         net (fo=0)                   0.000     0.000    Sw12
    H6                   IBUF (Prop_ibuf_I_O)         1.467     1.467 r  Sw12_IBUF_inst/O
                         net (fo=2, routed)           4.408     5.875    divider/Sw12_IBUF
    SLICE_X4Y66          LUT6 (Prop_lut6_I1_O)        0.124     5.999 r  divider/Ca_OBUF_inst_i_7/O
                         net (fo=1, routed)           0.162     6.160    divider/Ca_OBUF_inst_i_7_n_0
    SLICE_X4Y66          LUT6 (Prop_lut6_I5_O)        0.124     6.284 r  divider/Ca_OBUF_inst_i_3/O
                         net (fo=7, routed)           1.199     7.484    divider/sel0[0]
    SLICE_X1Y68          LUT4 (Prop_lut4_I3_O)        0.124     7.608 r  divider/Cf_OBUF_inst_i_1/O
                         net (fo=1, routed)           1.733     9.341    Cf_OBUF
    T11                  OBUF (Prop_obuf_I_O)         3.561    12.901 r  Cf_OBUF_inst/O
                         net (fo=0)                   0.000    12.901    Cf
    T11                                                               r  Cf (OUT)
  -------------------------------------------------------------------    -------------------

Slack:                    inf
  Source:                 BtnD
                            (input port)
  Destination:            Ld0
                            (output port)
  Path Group:             (none)
  Path Type:              Max at Slow Process Corner
  Data Path Delay:        8.055ns  (logic 5.000ns (62.078%)  route 3.055ns (37.922%))
  Logic Levels:           2  (IBUF=1 OBUF=1)
  Timing Exception:       False Path

    Location             Delay type                Incr(ns)  Path(ns)    Netlist Resource(s)
  -------------------------------------------------------------------    -------------------
    P18                                               0.000     0.000 r  BtnD (IN)
                         net (fo=0)                   0.000     0.000    BtnD
    P18                  IBUF (Prop_ibuf_I_O)         1.480     1.480 r  BtnD_IBUF_inst/O
                         net (fo=1, routed)           3.055     4.535    Ld0_OBUF
    H17                  OBUF (Prop_obuf_I_O)         3.520     8.055 r  Ld0_OBUF_inst/O
                         net (fo=0)                   0.000     8.055    Ld0
    H17                                                               r  Ld0 (OUT)
  -------------------------------------------------------------------    -------------------

Slack:                    inf
  Source:                 BtnR
                            (input port)
  Destination:            Ld1
                            (output port)
  Path Group:             (none)
  Path Type:              Max at Slow Process Corner
  Data Path Delay:        7.741ns  (logic 5.003ns (64.630%)  route 2.738ns (35.370%))
  Logic Levels:           2  (IBUF=1 OBUF=1)
  Timing Exception:       False Path

    Location             Delay type                Incr(ns)  Path(ns)    Netlist Resource(s)
  -------------------------------------------------------------------    -------------------
    M17                                               0.000     0.000 r  BtnR (IN)
                         net (fo=0)                   0.000     0.000    BtnR
    M17                  IBUF (Prop_ibuf_I_O)         1.467     1.467 r  BtnR_IBUF_inst/O
                         net (fo=2, routed)           2.738     4.205    Ld1_OBUF
    K15                  OBUF (Prop_obuf_I_O)         3.535     7.741 r  Ld1_OBUF_inst/O
                         net (fo=0)                   0.000     7.741    Ld1
    K15                                                               r  Ld1 (OUT)
  -------------------------------------------------------------------    -------------------

Slack:                    inf
  Source:                 BtnU
                            (input port)
  Destination:            Ld2
                            (output port)
  Path Group:             (none)
  Path Type:              Max at Slow Process Corner
  Data Path Delay:        7.627ns  (logic 5.038ns (66.064%)  route 2.588ns (33.936%))
  Logic Levels:           2  (IBUF=1 OBUF=1)
  Timing Exception:       False Path

    Location             Delay type                Incr(ns)  Path(ns)    Netlist Resource(s)
  -------------------------------------------------------------------    -------------------
    M18                                               0.000     0.000 r  BtnU (IN)
                         net (fo=0)                   0.000     0.000    BtnU
    M18                  IBUF (Prop_ibuf_I_O)         1.486     1.486 r  BtnU_IBUF_inst/O
                         net (fo=12, routed)          2.588     4.074    Ld2_OBUF
    J13                  OBUF (Prop_obuf_I_O)         3.553     7.627 r  Ld2_OBUF_inst/O
                         net (fo=0)                   0.000     7.627    Ld2
    J13                                                               r  Ld2 (OUT)
  -------------------------------------------------------------------    -------------------





Min Delay Paths
--------------------------------------------------------------------------------------
Slack:                    inf
  Source:                 BtnL
                            (input port)
  Destination:            Ld3
                            (output port)
  Path Group:             (none)
  Path Type:              Min at Fast Process Corner
  Data Path Delay:        1.971ns  (logic 1.507ns (76.462%)  route 0.464ns (23.538%))
  Logic Levels:           2  (IBUF=1 OBUF=1)
  Timing Exception:       False Path

    Location             Delay type                Incr(ns)  Path(ns)    Netlist Resource(s)
  -------------------------------------------------------------------    -------------------
    P17                                               0.000     0.000 r  BtnL (IN)
                         net (fo=0)                   0.000     0.000    BtnL
    P17                  IBUF (Prop_ibuf_I_O)         0.256     0.256 r  BtnL_IBUF_inst/O
                         net (fo=2, routed)           0.464     0.720    Ld3_OBUF
    N14                  OBUF (Prop_obuf_I_O)         1.251     1.971 r  Ld3_OBUF_inst/O
                         net (fo=0)                   0.000     1.971    Ld3
    N14                                                               r  Ld3 (OUT)
  -------------------------------------------------------------------    -------------------

Slack:                    inf
  Source:                 BtnU
                            (input port)
  Destination:            Ld2
                            (output port)
  Path Group:             (none)
  Path Type:              Min at Fast Process Corner
  Data Path Delay:        2.161ns  (logic 1.507ns (69.728%)  route 0.654ns (30.272%))
  Logic Levels:           2  (IBUF=1 OBUF=1)
  Timing Exception:       False Path

    Location             Delay type                Incr(ns)  Path(ns)    Netlist Resource(s)
  -------------------------------------------------------------------    -------------------
    M18                                               0.000     0.000 r  BtnU (IN)
                         net (fo=0)                   0.000     0.000    BtnU
    M18                  IBUF (Prop_ibuf_I_O)         0.254     0.254 r  BtnU_IBUF_inst/O
                         net (fo=12, routed)          0.654     0.908    Ld2_OBUF
    J13                  OBUF (Prop_obuf_I_O)         1.253     2.161 r  Ld2_OBUF_inst/O
                         net (fo=0)                   0.000     2.161    Ld2
    J13                                                               r  Ld2 (OUT)
  -------------------------------------------------------------------    -------------------

Slack:                    inf
  Source:                 BtnR
                            (input port)
  Destination:            Ld1
                            (output port)
  Path Group:             (none)
  Path Type:              Min at Fast Process Corner
  Data Path Delay:        2.171ns  (logic 1.472ns (67.771%)  route 0.700ns (32.229%))
  Logic Levels:           2  (IBUF=1 OBUF=1)
  Timing Exception:       False Path

    Location             Delay type                Incr(ns)  Path(ns)    Netlist Resource(s)
  -------------------------------------------------------------------    -------------------
    M17                                               0.000     0.000 r  BtnR (IN)
                         net (fo=0)                   0.000     0.000    BtnR
    M17                  IBUF (Prop_ibuf_I_O)         0.235     0.235 r  BtnR_IBUF_inst/O
                         net (fo=2, routed)           0.700     0.935    Ld1_OBUF
    K15                  OBUF (Prop_obuf_I_O)         1.236     2.171 r  Ld1_OBUF_inst/O
                         net (fo=0)                   0.000     2.171    Ld1
    K15                                                               r  Ld1 (OUT)
  -------------------------------------------------------------------    -------------------

Slack:                    inf
  Source:                 BtnD
                            (input port)
  Destination:            Ld0
                            (output port)
  Path Group:             (none)
  Path Type:              Min at Fast Process Corner
  Data Path Delay:        2.309ns  (logic 1.469ns (63.635%)  route 0.840ns (36.365%))
  Logic Levels:           2  (IBUF=1 OBUF=1)
  Timing Exception:       False Path

    Location             Delay type                Incr(ns)  Path(ns)    Netlist Resource(s)
  -------------------------------------------------------------------    -------------------
    P18                                               0.000     0.000 r  BtnD (IN)
                         net (fo=0)                   0.000     0.000    BtnD
    P18                  IBUF (Prop_ibuf_I_O)         0.248     0.248 r  BtnD_IBUF_inst/O
                         net (fo=1, routed)           0.840     1.087    Ld0_OBUF
    H17                  OBUF (Prop_obuf_I_O)         1.221     2.309 r  Ld0_OBUF_inst/O
                         net (fo=0)                   0.000     2.309    Ld0
    H17                                                               r  Ld0 (OUT)
  -------------------------------------------------------------------    -------------------

Slack:                    inf
  Source:                 Sw3
                            (input port)
  Destination:            Cf
                            (output port)
  Path Group:             (none)
  Path Type:              Min at Fast Process Corner
  Data Path Delay:        2.897ns  (logic 1.641ns (56.665%)  route 1.255ns (43.335%))
  Logic Levels:           5  (IBUF=1 LUT4=1 LUT6=2 OBUF=1)
  Timing Exception:       False Path

    Location             Delay type                Incr(ns)  Path(ns)    Netlist Resource(s)
  -------------------------------------------------------------------    -------------------
    R15                                               0.000     0.000 r  Sw3 (IN)
                         net (fo=0)                   0.000     0.000    Sw3
    R15                  IBUF (Prop_ibuf_I_O)         0.245     0.245 r  Sw3_IBUF_inst/O
                         net (fo=2, routed)           0.451     0.696    divider/D[3]
    SLICE_X0Y67          LUT6 (Prop_lut6_I2_O)        0.045     0.741 r  divider/Ca_OBUF_inst_i_9/O
                         net (fo=1, routed)           0.300     1.041    divider/Ca_OBUF_inst_i_9_n_0
    SLICE_X1Y67          LUT6 (Prop_lut6_I5_O)        0.045     1.086 r  divider/Ca_OBUF_inst_i_5/O
                         net (fo=7, routed)           0.137     1.223    divider/sel0[3]
    SLICE_X1Y68          LUT4 (Prop_lut4_I0_O)        0.045     1.268 r  divider/Cf_OBUF_inst_i_1/O
                         net (fo=1, routed)           0.367     1.635    Cf_OBUF
    T11                  OBUF (Prop_obuf_I_O)         1.261     2.897 r  Cf_OBUF_inst/O
                         net (fo=0)                   0.000     2.897    Cf
    T11                                                               r  Cf (OUT)
  -------------------------------------------------------------------    -------------------

Slack:                    inf
  Source:                 Sw6
                            (input port)
  Destination:            Ce
                            (output port)
  Path Group:             (none)
  Path Type:              Min at Fast Process Corner
  Data Path Delay:        2.915ns  (logic 1.695ns (58.152%)  route 1.220ns (41.848%))
  Logic Levels:           5  (IBUF=1 LUT4=1 LUT6=2 OBUF=1)
  Timing Exception:       False Path

    Location             Delay type                Incr(ns)  Path(ns)    Netlist Resource(s)
  -------------------------------------------------------------------    -------------------
    U18                                               0.000     0.000 r  Sw6 (IN)
                         net (fo=0)                   0.000     0.000    Sw6
    U18                  IBUF (Prop_ibuf_I_O)         0.262     0.262 r  Sw6_IBUF_inst/O
                         net (fo=2, routed)           0.339     0.601    divider/D[6]
    SLICE_X1Y66          LUT6 (Prop_lut6_I0_O)        0.045     0.646 r  divider/Ca_OBUF_inst_i_6/O
                         net (fo=1, routed)           0.221     0.867    divider/Ca_OBUF_inst_i_6_n_0
    SLICE_X2Y66          LUT6 (Prop_lut6_I5_O)        0.045     0.912 r  divider/Ca_OBUF_inst_i_2/O
                         net (fo=7, routed)           0.292     1.203    divider/sel0[2]
    SLICE_X0Y68          LUT4 (Prop_lut4_I3_O)        0.042     1.245 r  divider/Ce_OBUF_inst_i_1/O
                         net (fo=1, routed)           0.368     1.614    Ce_OBUF
    P15                  OBUF (Prop_obuf_I_O)         1.301     2.915 r  Ce_OBUF_inst/O
                         net (fo=0)                   0.000     2.915    Ce
    P15                                                               r  Ce (OUT)
  -------------------------------------------------------------------    -------------------

Slack:                    inf
  Source:                 Sw6
                            (input port)
  Destination:            Ca
                            (output port)
  Path Group:             (none)
  Path Type:              Min at Fast Process Corner
  Data Path Delay:        2.994ns  (logic 1.674ns (55.916%)  route 1.320ns (44.084%))
  Logic Levels:           5  (IBUF=1 LUT4=1 LUT6=2 OBUF=1)
  Timing Exception:       False Path

    Location             Delay type                Incr(ns)  Path(ns)    Netlist Resource(s)
  -------------------------------------------------------------------    -------------------
    U18                                               0.000     0.000 r  Sw6 (IN)
                         net (fo=0)                   0.000     0.000    Sw6
    U18                  IBUF (Prop_ibuf_I_O)         0.262     0.262 r  Sw6_IBUF_inst/O
                         net (fo=2, routed)           0.339     0.601    divider/D[6]
    SLICE_X1Y66          LUT6 (Prop_lut6_I0_O)        0.045     0.646 r  divider/Ca_OBUF_inst_i_6/O
                         net (fo=1, routed)           0.221     0.867    divider/Ca_OBUF_inst_i_6_n_0
    SLICE_X2Y66          LUT6 (Prop_lut6_I5_O)        0.045     0.912 r  divider/Ca_OBUF_inst_i_2/O
                         net (fo=7, routed)           0.241     1.153    divider/sel0[2]
    SLICE_X2Y66          LUT4 (Prop_lut4_I0_O)        0.045     1.198 r  divider/Ca_OBUF_inst_i_1/O
                         net (fo=1, routed)           0.519     1.717    Ca_OBUF
    T10                  OBUF (Prop_obuf_I_O)         1.277     2.994 r  Ca_OBUF_inst/O
                         net (fo=0)                   0.000     2.994    Ca
    T10                                                               r  Ca (OUT)
  -------------------------------------------------------------------    -------------------

Slack:                    inf
  Source:                 Sw6
                            (input port)
  Destination:            Cb
                            (output port)
  Path Group:             (none)
  Path Type:              Min at Fast Process Corner
  Data Path Delay:        3.159ns  (logic 1.715ns (54.282%)  route 1.444ns (45.718%))
  Logic Levels:           5  (IBUF=1 LUT4=1 LUT6=2 OBUF=1)
  Timing Exception:       False Path

    Location             Delay type                Incr(ns)  Path(ns)    Netlist Resource(s)
  -------------------------------------------------------------------    -------------------
    U18                                               0.000     0.000 r  Sw6 (IN)
                         net (fo=0)                   0.000     0.000    Sw6
    U18                  IBUF (Prop_ibuf_I_O)         0.262     0.262 r  Sw6_IBUF_inst/O
                         net (fo=2, routed)           0.339     0.601    divider/D[6]
    SLICE_X1Y66          LUT6 (Prop_lut6_I0_O)        0.045     0.646 r  divider/Ca_OBUF_inst_i_6/O
                         net (fo=1, routed)           0.221     0.867    divider/Ca_OBUF_inst_i_6_n_0
    SLICE_X2Y66          LUT6 (Prop_lut6_I5_O)        0.045     0.912 r  divider/Ca_OBUF_inst_i_2/O
                         net (fo=7, routed)           0.294     1.206    divider/sel0[2]
    SLICE_X0Y68          LUT4 (Prop_lut4_I3_O)        0.042     1.248 r  divider/Cb_OBUF_inst_i_1/O
                         net (fo=1, routed)           0.590     1.838    Cb_OBUF
    R10                  OBUF (Prop_obuf_I_O)         1.321     3.159 r  Cb_OBUF_inst/O
                         net (fo=0)                   0.000     3.159    Cb
    R10                                                               r  Cb (OUT)
  -------------------------------------------------------------------    -------------------

Slack:                    inf
  Source:                 Sw3
                            (input port)
  Destination:            Cg
                            (output port)
  Path Group:             (none)
  Path Type:              Min at Fast Process Corner
  Data Path Delay:        3.273ns  (logic 1.683ns (51.423%)  route 1.590ns (48.577%))
  Logic Levels:           5  (IBUF=1 LUT4=1 LUT6=2 OBUF=1)
  Timing Exception:       False Path

    Location             Delay type                Incr(ns)  Path(ns)    Netlist Resource(s)
  -------------------------------------------------------------------    -------------------
    R15                                               0.000     0.000 r  Sw3 (IN)
                         net (fo=0)                   0.000     0.000    Sw3
    R15                  IBUF (Prop_ibuf_I_O)         0.245     0.245 r  Sw3_IBUF_inst/O
                         net (fo=2, routed)           0.451     0.696    divider/D[3]
    SLICE_X0Y67          LUT6 (Prop_lut6_I2_O)        0.045     0.741 r  divider/Ca_OBUF_inst_i_9/O
                         net (fo=1, routed)           0.300     1.041    divider/Ca_OBUF_inst_i_9_n_0
    SLICE_X1Y67          LUT6 (Prop_lut6_I5_O)        0.045     1.086 r  divider/Ca_OBUF_inst_i_5/O
                         net (fo=7, routed)           0.137     1.223    divider/sel0[3]
    SLICE_X1Y68          LUT4 (Prop_lut4_I2_O)        0.048     1.271 r  divider/Cg_OBUF_inst_i_1/O
                         net (fo=1, routed)           0.702     1.973    Cg_OBUF
    L18                  OBUF (Prop_obuf_I_O)         1.300     3.273 r  Cg_OBUF_inst/O
                         net (fo=0)                   0.000     3.273    Cg
    L18                                                               r  Cg (OUT)
  -------------------------------------------------------------------    -------------------

Slack:                    inf
  Source:                 Sw6
                            (input port)
  Destination:            Cc
                            (output port)
  Path Group:             (none)
  Path Type:              Min at Fast Process Corner
  Data Path Delay:        3.288ns  (logic 1.591ns (48.392%)  route 1.697ns (51.608%))
  Logic Levels:           5  (IBUF=1 LUT4=1 LUT6=2 OBUF=1)
  Timing Exception:       False Path

    Location             Delay type                Incr(ns)  Path(ns)    Netlist Resource(s)
  -------------------------------------------------------------------    -------------------
    U18                                               0.000     0.000 r  Sw6 (IN)
                         net (fo=0)                   0.000     0.000    Sw6
    U18                  IBUF (Prop_ibuf_I_O)         0.262     0.262 r  Sw6_IBUF_inst/O
                         net (fo=2, routed)           0.339     0.601    divider/D[6]
    SLICE_X1Y66          LUT6 (Prop_lut6_I0_O)        0.045     0.646 r  divider/Ca_OBUF_inst_i_6/O
                         net (fo=1, routed)           0.221     0.867    divider/Ca_OBUF_inst_i_6_n_0
    SLICE_X2Y66          LUT6 (Prop_lut6_I5_O)        0.045     0.912 r  divider/Ca_OBUF_inst_i_2/O
                         net (fo=7, routed)           0.294     1.206    divider/sel0[2]
    SLICE_X0Y68          LUT4 (Prop_lut4_I1_O)        0.045     1.251 r  divider/Cc_OBUF_inst_i_1/O
                         net (fo=1, routed)           0.843     2.094    Cc_OBUF
    K16                  OBUF (Prop_obuf_I_O)         1.194     3.288 r  Cc_OBUF_inst/O
                         net (fo=0)                   0.000     3.288    Cc
    K16                                                               r  Cc (OUT)
  -------------------------------------------------------------------    -------------------





--------------------------------------------------------------------------------------
Path Group:  (none)
From Clock:  ClkPort
  To Clock:  

Max Delay            19 Endpoints
Min Delay            19 Endpoints
--------------------------------------------------------------------------------------


Max Delay Paths
--------------------------------------------------------------------------------------
Slack:                    inf
  Source:                 DIV_CLK_reg[19]/C
                            (rising edge-triggered cell FDCE clocked by ClkPort  {rise@0.000ns fall@5.000ns period=10.000ns})
  Destination:            Cd
                            (output port)
  Path Group:             (none)
  Path Type:              Max at Slow Process Corner
  Data Path Delay:        10.512ns  (logic 4.378ns (41.651%)  route 6.134ns (58.349%))
  Logic Levels:           4  (LUT4=1 LUT6=2 OBUF=1)
  Clock Uncertainty:      0.025ns  ((TSJ^2 + TIJ^2)^1/2 + DJ) / 2 + PE
    Total System Jitter     (TSJ):    0.050ns
    Total Input Jitter      (TIJ):    0.000ns
    Discrete Jitter          (DJ):    0.000ns
    Phase Error              (PE):    0.000ns
  Timing Exception:       False Path

    Location             Delay type                Incr(ns)  Path(ns)    Netlist Resource(s)
  -------------------------------------------------------------------    -------------------
                         (clock ClkPort rise edge)    0.000     0.000 r  
    E3                                                0.000     0.000 r  ClkPort (IN)
                         net (fo=0)                   0.000     0.000    BUFGP1/I
    E3                   IBUF (Prop_ibuf_I_O)         1.482     1.482 r  BUFGP1/IBUF/O
                         net (fo=1, routed)           2.025     3.506    BUFGP1/IBUFG_2_BUFG
    BUFGCTRL_X0Y16       BUFG (Prop_bufg_I_O)         0.096     3.602 r  BUFGP1/BUFG/O
                         net (fo=78, routed)          1.720     5.323    board_clk
    SLICE_X1Y64          FDCE                                         r  DIV_CLK_reg[19]/C
  -------------------------------------------------------------------    -------------------
    SLICE_X1Y64          FDCE (Prop_fdce_C_Q)         0.456     5.779 r  DIV_CLK_reg[19]/Q
                         net (fo=17, routed)          1.040     6.819    divider/p_0_in2_in
    SLICE_X4Y66          LUT6 (Prop_lut6_I3_O)        0.124     6.943 r  divider/Ca_OBUF_inst_i_8/O
                         net (fo=1, routed)           0.667     7.610    divider/Ca_OBUF_inst_i_8_n_0
    SLICE_X4Y66          LUT6 (Prop_lut6_I5_O)        0.124     7.734 r  divider/Ca_OBUF_inst_i_4/O
                         net (fo=7, routed)           1.135     8.868    divider/sel0[1]
    SLICE_X0Y68          LUT4 (Prop_lut4_I0_O)        0.124     8.992 r  divider/Cd_OBUF_inst_i_1/O
                         net (fo=1, routed)           3.292    12.284    Cd_OBUF
    K13                  OBUF (Prop_obuf_I_O)         3.550    15.834 r  Cd_OBUF_inst/O
                         net (fo=0)                   0.000    15.834    Cd
    K13                                                               r  Cd (OUT)
  -------------------------------------------------------------------    -------------------

Slack:                    inf
  Source:                 DIV_CLK_reg[19]/C
                            (rising edge-triggered cell FDCE clocked by ClkPort  {rise@0.000ns fall@5.000ns period=10.000ns})
  Destination:            An6
                            (output port)
  Path Group:             (none)
  Path Type:              Max at Slow Process Corner
  Data Path Delay:        10.282ns  (logic 4.326ns (42.068%)  route 5.957ns (57.932%))
  Logic Levels:           2  (LUT3=1 OBUF=1)
  Clock Uncertainty:      0.025ns  ((TSJ^2 + TIJ^2)^1/2 + DJ) / 2 + PE
    Total System Jitter     (TSJ):    0.050ns
    Total Input Jitter      (TIJ):    0.000ns
    Discrete Jitter          (DJ):    0.000ns
    Phase Error              (PE):    0.000ns
  Timing Exception:       False Path

    Location             Delay type                Incr(ns)  Path(ns)    Netlist Resource(s)
  -------------------------------------------------------------------    -------------------
                         (clock ClkPort rise edge)    0.000     0.000 r  
    E3                                                0.000     0.000 r  ClkPort (IN)
                         net (fo=0)                   0.000     0.000    BUFGP1/I
    E3                   IBUF (Prop_ibuf_I_O)         1.482     1.482 r  BUFGP1/IBUF/O
                         net (fo=1, routed)           2.025     3.506    BUFGP1/IBUFG_2_BUFG
    BUFGCTRL_X0Y16       BUFG (Prop_bufg_I_O)         0.096     3.602 r  BUFGP1/BUFG/O
                         net (fo=78, routed)          1.720     5.323    board_clk
    SLICE_X1Y64          FDCE                                         r  DIV_CLK_reg[19]/C
  -------------------------------------------------------------------    -------------------
    SLICE_X1Y64          FDCE (Prop_fdce_C_Q)         0.456     5.779 f  DIV_CLK_reg[19]/Q
                         net (fo=17, routed)          0.711     6.490    p_0_in2_in
    SLICE_X2Y65          LUT3 (Prop_lut3_I0_O)        0.148     6.638 r  An6_OBUF_inst_i_1/O
                         net (fo=1, routed)           5.245    11.883    An6_OBUF
    K2                   OBUF (Prop_obuf_I_O)         3.722    15.605 r  An6_OBUF_inst/O
                         net (fo=0)                   0.000    15.605    An6
    K2                                                                r  An6 (OUT)
  -------------------------------------------------------------------    -------------------

Slack:                    inf
  Source:                 DIV_CLK_reg[19]/C
                            (rising edge-triggered cell FDCE clocked by ClkPort  {rise@0.000ns fall@5.000ns period=10.000ns})
  Destination:            Cc
                            (output port)
  Path Group:             (none)
  Path Type:              Max at Slow Process Corner
  Data Path Delay:        10.000ns  (logic 4.321ns (43.211%)  route 5.679ns (56.789%))
  Logic Levels:           4  (LUT4=1 LUT6=2 OBUF=1)
  Clock Uncertainty:      0.025ns  ((TSJ^2 + TIJ^2)^1/2 + DJ) / 2 + PE
    Total System Jitter     (TSJ):    0.050ns
    Total Input Jitter      (TIJ):    0.000ns
    Discrete Jitter          (DJ):    0.000ns
    Phase Error              (PE):    0.000ns
  Timing Exception:       False Path

    Location             Delay type                Incr(ns)  Path(ns)    Netlist Resource(s)
  -------------------------------------------------------------------    -------------------
                         (clock ClkPort rise edge)    0.000     0.000 r  
    E3                                                0.000     0.000 r  ClkPort (IN)
                         net (fo=0)                   0.000     0.000    BUFGP1/I
    E3                   IBUF (Prop_ibuf_I_O)         1.482     1.482 r  BUFGP1/IBUF/O
                         net (fo=1, routed)           2.025     3.506    BUFGP1/IBUFG_2_BUFG
    BUFGCTRL_X0Y16       BUFG (Prop_bufg_I_O)         0.096     3.602 r  BUFGP1/BUFG/O
                         net (fo=78, routed)          1.720     5.323    board_clk
    SLICE_X1Y64          FDCE                                         r  DIV_CLK_reg[19]/C
  -------------------------------------------------------------------    -------------------
    SLICE_X1Y64          FDCE (Prop_fdce_C_Q)         0.456     5.779 r  DIV_CLK_reg[19]/Q
                         net (fo=17, routed)          1.040     6.819    divider/p_0_in2_in
    SLICE_X4Y66          LUT6 (Prop_lut6_I3_O)        0.124     6.943 r  divider/Ca_OBUF_inst_i_8/O
                         net (fo=1, routed)           0.667     7.610    divider/Ca_OBUF_inst_i_8_n_0
    SLICE_X4Y66          LUT6 (Prop_lut6_I5_O)        0.124     7.734 r  divider/Ca_OBUF_inst_i_4/O
                         net (fo=7, routed)           1.133     8.867    divider/sel0[1]
    SLICE_X0Y68          LUT4 (Prop_lut4_I2_O)        0.124     8.991 r  divider/Cc_OBUF_inst_i_1/O
                         net (fo=1, routed)           2.839    11.829    Cc_OBUF
    K16                  OBUF (Prop_obuf_I_O)         3.493    15.323 r  Cc_OBUF_inst/O
                         net (fo=0)                   0.000    15.323    Cc
    K16                                                               r  Cc (OUT)
  -------------------------------------------------------------------    -------------------

Slack:                    inf
  Source:                 DIV_CLK_reg[19]/C
                            (rising edge-triggered cell FDCE clocked by ClkPort  {rise@0.000ns fall@5.000ns period=10.000ns})
  Destination:            Cg
                            (output port)
  Path Group:             (none)
  Path Type:              Max at Slow Process Corner
  Data Path Delay:        9.749ns  (logic 4.593ns (47.116%)  route 5.156ns (52.884%))
  Logic Levels:           4  (LUT4=1 LUT6=2 OBUF=1)
  Clock Uncertainty:      0.025ns  ((TSJ^2 + TIJ^2)^1/2 + DJ) / 2 + PE
    Total System Jitter     (TSJ):    0.050ns
    Total Input Jitter      (TIJ):    0.000ns
    Discrete Jitter          (DJ):    0.000ns
    Phase Error              (PE):    0.000ns
  Timing Exception:       False Path

    Location             Delay type                Incr(ns)  Path(ns)    Netlist Resource(s)
  -------------------------------------------------------------------    -------------------
                         (clock ClkPort rise edge)    0.000     0.000 r  
    E3                                                0.000     0.000 r  ClkPort (IN)
                         net (fo=0)                   0.000     0.000    BUFGP1/I
    E3                   IBUF (Prop_ibuf_I_O)         1.482     1.482 r  BUFGP1/IBUF/O
                         net (fo=1, routed)           2.025     3.506    BUFGP1/IBUFG_2_BUFG
    BUFGCTRL_X0Y16       BUFG (Prop_bufg_I_O)         0.096     3.602 r  BUFGP1/BUFG/O
                         net (fo=78, routed)          1.720     5.323    board_clk
    SLICE_X1Y64          FDCE                                         r  DIV_CLK_reg[19]/C
  -------------------------------------------------------------------    -------------------
    SLICE_X1Y64          FDCE (Prop_fdce_C_Q)         0.456     5.779 r  DIV_CLK_reg[19]/Q
                         net (fo=17, routed)          1.040     6.819    divider/p_0_in2_in
    SLICE_X4Y66          LUT6 (Prop_lut6_I3_O)        0.124     6.943 r  divider/Ca_OBUF_inst_i_8/O
                         net (fo=1, routed)           0.667     7.610    divider/Ca_OBUF_inst_i_8_n_0
    SLICE_X4Y66          LUT6 (Prop_lut6_I5_O)        0.124     7.734 r  divider/Ca_OBUF_inst_i_4/O
                         net (fo=7, routed)           0.957     8.690    divider/sel0[1]
    SLICE_X1Y68          LUT4 (Prop_lut4_I0_O)        0.150     8.840 r  divider/Cg_OBUF_inst_i_1/O
                         net (fo=1, routed)           2.492    11.332    Cg_OBUF
    L18                  OBUF (Prop_obuf_I_O)         3.739    15.072 r  Cg_OBUF_inst/O
                         net (fo=0)                   0.000    15.072    Cg
    L18                                                               r  Cg (OUT)
  -------------------------------------------------------------------    -------------------

Slack:                    inf
  Source:                 DIV_CLK_reg[19]/C
                            (rising edge-triggered cell FDCE clocked by ClkPort  {rise@0.000ns fall@5.000ns period=10.000ns})
  Destination:            Cb
                            (output port)
  Path Group:             (none)
  Path Type:              Max at Slow Process Corner
  Data Path Delay:        9.727ns  (logic 4.616ns (47.461%)  route 5.110ns (52.539%))
  Logic Levels:           4  (LUT4=1 LUT6=2 OBUF=1)
  Clock Uncertainty:      0.025ns  ((TSJ^2 + TIJ^2)^1/2 + DJ) / 2 + PE
    Total System Jitter     (TSJ):    0.050ns
    Total Input Jitter      (TIJ):    0.000ns
    Discrete Jitter          (DJ):    0.000ns
    Phase Error              (PE):    0.000ns
  Timing Exception:       False Path

    Location             Delay type                Incr(ns)  Path(ns)    Netlist Resource(s)
  -------------------------------------------------------------------    -------------------
                         (clock ClkPort rise edge)    0.000     0.000 r  
    E3                                                0.000     0.000 r  ClkPort (IN)
                         net (fo=0)                   0.000     0.000    BUFGP1/I
    E3                   IBUF (Prop_ibuf_I_O)         1.482     1.482 r  BUFGP1/IBUF/O
                         net (fo=1, routed)           2.025     3.506    BUFGP1/IBUFG_2_BUFG
    BUFGCTRL_X0Y16       BUFG (Prop_bufg_I_O)         0.096     3.602 r  BUFGP1/BUFG/O
                         net (fo=78, routed)          1.720     5.323    board_clk
    SLICE_X1Y64          FDCE                                         r  DIV_CLK_reg[19]/C
  -------------------------------------------------------------------    -------------------
    SLICE_X1Y64          FDCE (Prop_fdce_C_Q)         0.456     5.779 r  DIV_CLK_reg[19]/Q
                         net (fo=17, routed)          1.040     6.819    divider/p_0_in2_in
    SLICE_X4Y66          LUT6 (Prop_lut6_I3_O)        0.124     6.943 r  divider/Ca_OBUF_inst_i_8/O
                         net (fo=1, routed)           0.667     7.610    divider/Ca_OBUF_inst_i_8_n_0
    SLICE_X4Y66          LUT6 (Prop_lut6_I5_O)        0.124     7.734 r  divider/Ca_OBUF_inst_i_4/O
                         net (fo=7, routed)           1.133     8.867    divider/sel0[1]
    SLICE_X0Y68          LUT4 (Prop_lut4_I1_O)        0.154     9.021 r  divider/Cb_OBUF_inst_i_1/O
                         net (fo=1, routed)           2.270    11.291    Cb_OBUF
    R10                  OBUF (Prop_obuf_I_O)         3.758    15.049 r  Cb_OBUF_inst/O
                         net (fo=0)                   0.000    15.049    Cb
    R10                                                               r  Cb (OUT)
  -------------------------------------------------------------------    -------------------

Slack:                    inf
  Source:                 DIV_CLK_reg[19]/C
                            (rising edge-triggered cell FDCE clocked by ClkPort  {rise@0.000ns fall@5.000ns period=10.000ns})
  Destination:            Ce
                            (output port)
  Path Group:             (none)
  Path Type:              Max at Slow Process Corner
  Data Path Delay:        9.156ns  (logic 4.595ns (50.183%)  route 4.561ns (49.817%))
  Logic Levels:           4  (LUT4=1 LUT6=2 OBUF=1)
  Clock Uncertainty:      0.025ns  ((TSJ^2 + TIJ^2)^1/2 + DJ) / 2 + PE
    Total System Jitter     (TSJ):    0.050ns
    Total Input Jitter      (TIJ):    0.000ns
    Discrete Jitter          (DJ):    0.000ns
    Phase Error              (PE):    0.000ns
  Timing Exception:       False Path

    Location             Delay type                Incr(ns)  Path(ns)    Netlist Resource(s)
  -------------------------------------------------------------------    -------------------
                         (clock ClkPort rise edge)    0.000     0.000 r  
    E3                                                0.000     0.000 r  ClkPort (IN)
                         net (fo=0)                   0.000     0.000    BUFGP1/I
    E3                   IBUF (Prop_ibuf_I_O)         1.482     1.482 r  BUFGP1/IBUF/O
                         net (fo=1, routed)           2.025     3.506    BUFGP1/IBUFG_2_BUFG
    BUFGCTRL_X0Y16       BUFG (Prop_bufg_I_O)         0.096     3.602 r  BUFGP1/BUFG/O
                         net (fo=78, routed)          1.720     5.323    board_clk
    SLICE_X1Y64          FDCE                                         r  DIV_CLK_reg[19]/C
  -------------------------------------------------------------------    -------------------
    SLICE_X1Y64          FDCE (Prop_fdce_C_Q)         0.456     5.779 r  DIV_CLK_reg[19]/Q
                         net (fo=17, routed)          1.040     6.819    divider/p_0_in2_in
    SLICE_X4Y66          LUT6 (Prop_lut6_I3_O)        0.124     6.943 f  divider/Ca_OBUF_inst_i_8/O
                         net (fo=1, routed)           0.667     7.610    divider/Ca_OBUF_inst_i_8_n_0
    SLICE_X4Y66          LUT6 (Prop_lut6_I5_O)        0.124     7.734 f  divider/Ca_OBUF_inst_i_4/O
                         net (fo=7, routed)           1.135     8.868    divider/sel0[1]
    SLICE_X0Y68          LUT4 (Prop_lut4_I1_O)        0.149     9.017 r  divider/Ce_OBUF_inst_i_1/O
                         net (fo=1, routed)           1.719    10.737    Ce_OBUF
    P15                  OBUF (Prop_obuf_I_O)         3.742    14.478 r  Ce_OBUF_inst/O
                         net (fo=0)                   0.000    14.478    Ce
    P15                                                               r  Ce (OUT)
  -------------------------------------------------------------------    -------------------

Slack:                    inf
  Source:                 DIV_CLK_reg[19]/C
                            (rising edge-triggered cell FDCE clocked by ClkPort  {rise@0.000ns fall@5.000ns period=10.000ns})
  Destination:            Ca
                            (output port)
  Path Group:             (none)
  Path Type:              Max at Slow Process Corner
  Data Path Delay:        9.040ns  (logic 4.405ns (48.728%)  route 4.635ns (51.272%))
  Logic Levels:           4  (LUT4=1 LUT6=2 OBUF=1)
  Clock Uncertainty:      0.025ns  ((TSJ^2 + TIJ^2)^1/2 + DJ) / 2 + PE
    Total System Jitter     (TSJ):    0.050ns
    Total Input Jitter      (TIJ):    0.000ns
    Discrete Jitter          (DJ):    0.000ns
    Phase Error              (PE):    0.000ns
  Timing Exception:       False Path

    Location             Delay type                Incr(ns)  Path(ns)    Netlist Resource(s)
  -------------------------------------------------------------------    -------------------
                         (clock ClkPort rise edge)    0.000     0.000 r  
    E3                                                0.000     0.000 r  ClkPort (IN)
                         net (fo=0)                   0.000     0.000    BUFGP1/I
    E3                   IBUF (Prop_ibuf_I_O)         1.482     1.482 r  BUFGP1/IBUF/O
                         net (fo=1, routed)           2.025     3.506    BUFGP1/IBUFG_2_BUFG
    BUFGCTRL_X0Y16       BUFG (Prop_bufg_I_O)         0.096     3.602 r  BUFGP1/BUFG/O
                         net (fo=78, routed)          1.720     5.323    board_clk
    SLICE_X1Y64          FDCE                                         r  DIV_CLK_reg[19]/C
  -------------------------------------------------------------------    -------------------
    SLICE_X1Y64          FDCE (Prop_fdce_C_Q)         0.456     5.779 r  DIV_CLK_reg[19]/Q
                         net (fo=17, routed)          0.844     6.623    divider/p_0_in2_in
    SLICE_X0Y67          LUT6 (Prop_lut6_I3_O)        0.124     6.747 r  divider/Ca_OBUF_inst_i_9/O
                         net (fo=1, routed)           0.873     7.620    divider/Ca_OBUF_inst_i_9_n_0
    SLICE_X1Y67          LUT6 (Prop_lut6_I5_O)        0.124     7.744 r  divider/Ca_OBUF_inst_i_5/O
                         net (fo=7, routed)           0.788     8.532    divider/sel0[3]
    SLICE_X2Y66          LUT4 (Prop_lut4_I3_O)        0.124     8.656 r  divider/Ca_OBUF_inst_i_1/O
                         net (fo=1, routed)           2.130    10.786    Ca_OBUF
    T10                  OBUF (Prop_obuf_I_O)         3.577    14.363 r  Ca_OBUF_inst/O
                         net (fo=0)                   0.000    14.363    Ca
    T10                                                               r  Ca (OUT)
  -------------------------------------------------------------------    -------------------

Slack:                    inf
  Source:                 DIV_CLK_reg[19]/C
                            (rising edge-triggered cell FDCE clocked by ClkPort  {rise@0.000ns fall@5.000ns period=10.000ns})
  Destination:            Cf
                            (output port)
  Path Group:             (none)
  Path Type:              Max at Slow Process Corner
  Data Path Delay:        8.785ns  (logic 4.389ns (49.954%)  route 4.397ns (50.046%))
  Logic Levels:           4  (LUT4=1 LUT6=2 OBUF=1)
  Clock Uncertainty:      0.025ns  ((TSJ^2 + TIJ^2)^1/2 + DJ) / 2 + PE
    Total System Jitter     (TSJ):    0.050ns
    Total Input Jitter      (TIJ):    0.000ns
    Discrete Jitter          (DJ):    0.000ns
    Phase Error              (PE):    0.000ns
  Timing Exception:       False Path

    Location             Delay type                Incr(ns)  Path(ns)    Netlist Resource(s)
  -------------------------------------------------------------------    -------------------
                         (clock ClkPort rise edge)    0.000     0.000 r  
    E3                                                0.000     0.000 r  ClkPort (IN)
                         net (fo=0)                   0.000     0.000    BUFGP1/I
    E3                   IBUF (Prop_ibuf_I_O)         1.482     1.482 r  BUFGP1/IBUF/O
                         net (fo=1, routed)           2.025     3.506    BUFGP1/IBUFG_2_BUFG
    BUFGCTRL_X0Y16       BUFG (Prop_bufg_I_O)         0.096     3.602 r  BUFGP1/BUFG/O
                         net (fo=78, routed)          1.720     5.323    board_clk
    SLICE_X1Y64          FDCE                                         r  DIV_CLK_reg[19]/C
  -------------------------------------------------------------------    -------------------
    SLICE_X1Y64          FDCE (Prop_fdce_C_Q)         0.456     5.779 r  DIV_CLK_reg[19]/Q
                         net (fo=17, routed)          1.040     6.819    divider/p_0_in2_in
    SLICE_X4Y66          LUT6 (Prop_lut6_I3_O)        0.124     6.943 r  divider/Ca_OBUF_inst_i_8/O
                         net (fo=1, routed)           0.667     7.610    divider/Ca_OBUF_inst_i_8_n_0
    SLICE_X4Y66          LUT6 (Prop_lut6_I5_O)        0.124     7.734 r  divider/Ca_OBUF_inst_i_4/O
                         net (fo=7, routed)           0.957     8.690    divider/sel0[1]
    SLICE_X1Y68          LUT4 (Prop_lut4_I2_O)        0.124     8.814 r  divider/Cf_OBUF_inst_i_1/O
                         net (fo=1, routed)           1.733    10.547    Cf_OBUF
    T11                  OBUF (Prop_obuf_I_O)         3.561    14.108 r  Cf_OBUF_inst/O
                         net (fo=0)                   0.000    14.108    Cf
    T11                                                               r  Cf (OUT)
  -------------------------------------------------------------------    -------------------

Slack:                    inf
  Source:                 DIV_CLK_reg[18]/C
                            (rising edge-triggered cell FDCE clocked by ClkPort  {rise@0.000ns fall@5.000ns period=10.000ns})
  Destination:            An0
                            (output port)
  Path Group:             (none)
  Path Type:              Max at Slow Process Corner
  Data Path Delay:        8.442ns  (logic 4.346ns (51.475%)  route 4.096ns (48.525%))
  Logic Levels:           2  (LUT3=1 OBUF=1)
  Clock Uncertainty:      0.025ns  ((TSJ^2 + TIJ^2)^1/2 + DJ) / 2 + PE
    Total System Jitter     (TSJ):    0.050ns
    Total Input Jitter      (TIJ):    0.000ns
    Discrete Jitter          (DJ):    0.000ns
    Phase Error              (PE):    0.000ns
  Timing Exception:       False Path

    Location             Delay type                Incr(ns)  Path(ns)    Netlist Resource(s)
  -------------------------------------------------------------------    -------------------
                         (clock ClkPort rise edge)    0.000     0.000 r  
    E3                                                0.000     0.000 r  ClkPort (IN)
                         net (fo=0)                   0.000     0.000    BUFGP1/I
    E3                   IBUF (Prop_ibuf_I_O)         1.482     1.482 r  BUFGP1/IBUF/O
                         net (fo=1, routed)           2.025     3.506    BUFGP1/IBUFG_2_BUFG
    BUFGCTRL_X0Y16       BUFG (Prop_bufg_I_O)         0.096     3.602 r  BUFGP1/BUFG/O
                         net (fo=78, routed)          1.720     5.323    board_clk
    SLICE_X1Y64          FDCE                                         r  DIV_CLK_reg[18]/C
  -------------------------------------------------------------------    -------------------
    SLICE_X1Y64          FDCE (Prop_fdce_C_Q)         0.456     5.779 r  DIV_CLK_reg[18]/Q
                         net (fo=17, routed)          1.196     6.974    DIV_CLK_reg_n_0_[18]
    SLICE_X0Y68          LUT3 (Prop_lut3_I2_O)        0.152     7.126 r  An0_OBUF_inst_i_1/O
                         net (fo=1, routed)           2.901    10.027    An0_OBUF
    J17                  OBUF (Prop_obuf_I_O)         3.738    13.765 r  An0_OBUF_inst/O
                         net (fo=0)                   0.000    13.765    An0
    J17                                                               r  An0 (OUT)
  -------------------------------------------------------------------    -------------------

Slack:                    inf
  Source:                 DIV_CLK_reg[18]/C
                            (rising edge-triggered cell FDCE clocked by ClkPort  {rise@0.000ns fall@5.000ns period=10.000ns})
  Destination:            An1
                            (output port)
  Path Group:             (none)
  Path Type:              Max at Slow Process Corner
  Data Path Delay:        7.937ns  (logic 4.116ns (51.854%)  route 3.821ns (48.146%))
  Logic Levels:           2  (LUT3=1 OBUF=1)
  Clock Uncertainty:      0.025ns  ((TSJ^2 + TIJ^2)^1/2 + DJ) / 2 + PE
    Total System Jitter     (TSJ):    0.050ns
    Total Input Jitter      (TIJ):    0.000ns
    Discrete Jitter          (DJ):    0.000ns
    Phase Error              (PE):    0.000ns
  Timing Exception:       False Path

    Location             Delay type                Incr(ns)  Path(ns)    Netlist Resource(s)
  -------------------------------------------------------------------    -------------------
                         (clock ClkPort rise edge)    0.000     0.000 r  
    E3                                                0.000     0.000 r  ClkPort (IN)
                         net (fo=0)                   0.000     0.000    BUFGP1/I
    E3                   IBUF (Prop_ibuf_I_O)         1.482     1.482 r  BUFGP1/IBUF/O
                         net (fo=1, routed)           2.025     3.506    BUFGP1/IBUFG_2_BUFG
    BUFGCTRL_X0Y16       BUFG (Prop_bufg_I_O)         0.096     3.602 r  BUFGP1/BUFG/O
                         net (fo=78, routed)          1.720     5.323    board_clk
    SLICE_X1Y64          FDCE                                         r  DIV_CLK_reg[18]/C
  -------------------------------------------------------------------    -------------------
    SLICE_X1Y64          FDCE (Prop_fdce_C_Q)         0.456     5.779 f  DIV_CLK_reg[18]/Q
                         net (fo=17, routed)          1.196     6.974    DIV_CLK_reg_n_0_[18]
    SLICE_X0Y68          LUT3 (Prop_lut3_I2_O)        0.124     7.098 r  An1_OBUF_inst_i_1/O
                         net (fo=1, routed)           2.626     9.724    An1_OBUF
    J18                  OBUF (Prop_obuf_I_O)         3.536    13.260 r  An1_OBUF_inst/O
                         net (fo=0)                   0.000    13.260    An1
    J18                                                               r  An1 (OUT)
  -------------------------------------------------------------------    -------------------





Min Delay Paths
--------------------------------------------------------------------------------------
Slack:                    inf
  Source:                 divider/state_reg[2]/C
                            (rising edge-triggered cell FDCE clocked by ClkPort  {rise@0.000ns fall@5.000ns period=10.000ns})
  Destination:            Ld5
                            (output port)
  Path Group:             (none)
  Path Type:              Min at Fast Process Corner
  Data Path Delay:        1.823ns  (logic 1.434ns (78.693%)  route 0.388ns (21.307%))
  Logic Levels:           1  (OBUF=1)
  Clock Uncertainty:      0.025ns  ((TSJ^2 + TIJ^2)^1/2 + DJ) / 2 + PE
    Total System Jitter     (TSJ):    0.050ns
    Total Input Jitter      (TIJ):    0.000ns
    Discrete Jitter          (DJ):    0.000ns
    Phase Error              (PE):    0.000ns
  Timing Exception:       False Path

    Location             Delay type                Incr(ns)  Path(ns)    Netlist Resource(s)
  -------------------------------------------------------------------    -------------------
                         (clock ClkPort rise edge)    0.000     0.000 r  
    E3                                                0.000     0.000 r  ClkPort (IN)
                         net (fo=0)                   0.000     0.000    BUFGP1/I
    E3                   IBUF (Prop_ibuf_I_O)         0.250     0.250 r  BUFGP1/IBUF/O
                         net (fo=1, routed)           0.644     0.894    BUFGP1/IBUFG_2_BUFG
    BUFGCTRL_X0Y16       BUFG (Prop_bufg_I_O)         0.026     0.920 r  BUFGP1/BUFG/O
                         net (fo=78, routed)          0.598     1.517    divider/board_clk
    SLICE_X0Y67          FDCE                                         r  divider/state_reg[2]/C
  -------------------------------------------------------------------    -------------------
    SLICE_X0Y67          FDCE (Prop_fdce_C_Q)         0.128     1.645 r  divider/state_reg[2]/Q
                         net (fo=7, routed)           0.388     2.034    Ld5_OBUF
    V17                  OBUF (Prop_obuf_I_O)         1.306     3.340 r  Ld5_OBUF_inst/O
                         net (fo=0)                   0.000     3.340    Ld5
    V17                                                               r  Ld5 (OUT)
  -------------------------------------------------------------------    -------------------

Slack:                    inf
  Source:                 divider/state_reg[1]/C
                            (rising edge-triggered cell FDCE clocked by ClkPort  {rise@0.000ns fall@5.000ns period=10.000ns})
  Destination:            Ld6
                            (output port)
  Path Group:             (none)
  Path Type:              Min at Fast Process Corner
  Data Path Delay:        1.831ns  (logic 1.397ns (76.278%)  route 0.434ns (23.722%))
  Logic Levels:           1  (OBUF=1)
  Clock Uncertainty:      0.025ns  ((TSJ^2 + TIJ^2)^1/2 + DJ) / 2 + PE
    Total System Jitter     (TSJ):    0.050ns
    Total Input Jitter      (TIJ):    0.000ns
    Discrete Jitter          (DJ):    0.000ns
    Phase Error              (PE):    0.000ns
  Timing Exception:       False Path

    Location             Delay type                Incr(ns)  Path(ns)    Netlist Resource(s)
  -------------------------------------------------------------------    -------------------
                         (clock ClkPort rise edge)    0.000     0.000 r  
    E3                                                0.000     0.000 r  ClkPort (IN)
                         net (fo=0)                   0.000     0.000    BUFGP1/I
    E3                   IBUF (Prop_ibuf_I_O)         0.250     0.250 r  BUFGP1/IBUF/O
                         net (fo=1, routed)           0.644     0.894    BUFGP1/IBUFG_2_BUFG
    BUFGCTRL_X0Y16       BUFG (Prop_bufg_I_O)         0.026     0.920 r  BUFGP1/BUFG/O
                         net (fo=78, routed)          0.598     1.517    divider/board_clk
    SLICE_X0Y67          FDCE                                         r  divider/state_reg[1]/C
  -------------------------------------------------------------------    -------------------
    SLICE_X0Y67          FDCE (Prop_fdce_C_Q)         0.141     1.658 r  divider/state_reg[1]/Q
                         net (fo=8, routed)           0.434     2.093    Ld6_OBUF
    U17                  OBUF (Prop_obuf_I_O)         1.256     3.348 r  Ld6_OBUF_inst/O
                         net (fo=0)                   0.000     3.348    Ld6
    U17                                                               r  Ld6 (OUT)
  -------------------------------------------------------------------    -------------------

Slack:                    inf
  Source:                 divider/state_reg[0]/C
                            (rising edge-triggered cell FDPE clocked by ClkPort  {rise@0.000ns fall@5.000ns period=10.000ns})
  Destination:            Ld7
                            (output port)
  Path Group:             (none)
  Path Type:              Min at Fast Process Corner
  Data Path Delay:        1.897ns  (logic 1.397ns (73.651%)  route 0.500ns (26.349%))
  Logic Levels:           1  (OBUF=1)
  Clock Uncertainty:      0.025ns  ((TSJ^2 + TIJ^2)^1/2 + DJ) / 2 + PE
    Total System Jitter     (TSJ):    0.050ns
    Total Input Jitter      (TIJ):    0.000ns
    Discrete Jitter          (DJ):    0.000ns
    Phase Error              (PE):    0.000ns
  Timing Exception:       False Path

    Location             Delay type                Incr(ns)  Path(ns)    Netlist Resource(s)
  -------------------------------------------------------------------    -------------------
                         (clock ClkPort rise edge)    0.000     0.000 r  
    E3                                                0.000     0.000 r  ClkPort (IN)
                         net (fo=0)                   0.000     0.000    BUFGP1/I
    E3                   IBUF (Prop_ibuf_I_O)         0.250     0.250 r  BUFGP1/IBUF/O
                         net (fo=1, routed)           0.644     0.894    BUFGP1/IBUFG_2_BUFG
    BUFGCTRL_X0Y16       BUFG (Prop_bufg_I_O)         0.026     0.920 r  BUFGP1/BUFG/O
                         net (fo=78, routed)          0.598     1.517    divider/board_clk
    SLICE_X0Y67          FDPE                                         r  divider/state_reg[0]/C
  -------------------------------------------------------------------    -------------------
    SLICE_X0Y67          FDPE (Prop_fdpe_C_Q)         0.141     1.658 r  divider/state_reg[0]/Q
                         net (fo=6, routed)           0.500     2.158    Ld7_OBUF
    U16                  OBUF (Prop_obuf_I_O)         1.256     3.414 r  Ld7_OBUF_inst/O
                         net (fo=0)                   0.000     3.414    Ld7
    U16                                                               r  Ld7 (OUT)
  -------------------------------------------------------------------    -------------------

Slack:                    inf
  Source:                 DIV_CLK_reg[20]/C
                            (rising edge-triggered cell FDCE clocked by ClkPort  {rise@0.000ns fall@5.000ns period=10.000ns})
  Destination:            An7
                            (output port)
  Path Group:             (none)
  Path Type:              Min at Fast Process Corner
  Data Path Delay:        2.136ns  (logic 1.505ns (70.446%)  route 0.631ns (29.554%))
  Logic Levels:           2  (LUT3=1 OBUF=1)
  Clock Uncertainty:      0.025ns  ((TSJ^2 + TIJ^2)^1/2 + DJ) / 2 + PE
    Total System Jitter     (TSJ):    0.050ns
    Total Input Jitter      (TIJ):    0.000ns
    Discrete Jitter          (DJ):    0.000ns
    Phase Error              (PE):    0.000ns
  Timing Exception:       False Path

    Location             Delay type                Incr(ns)  Path(ns)    Netlist Resource(s)
  -------------------------------------------------------------------    -------------------
                         (clock ClkPort rise edge)    0.000     0.000 r  
    E3                                                0.000     0.000 r  ClkPort (IN)
                         net (fo=0)                   0.000     0.000    BUFGP1/I
    E3                   IBUF (Prop_ibuf_I_O)         0.250     0.250 r  BUFGP1/IBUF/O
                         net (fo=1, routed)           0.644     0.894    BUFGP1/IBUFG_2_BUFG
    BUFGCTRL_X0Y16       BUFG (Prop_bufg_I_O)         0.026     0.920 r  BUFGP1/BUFG/O
                         net (fo=78, routed)          0.600     1.519    board_clk
    SLICE_X1Y65          FDCE                                         r  DIV_CLK_reg[20]/C
  -------------------------------------------------------------------    -------------------
    SLICE_X1Y65          FDCE (Prop_fdce_C_Q)         0.141     1.660 f  DIV_CLK_reg[20]/Q
                         net (fo=13, routed)          0.121     1.782    p_1_in
    SLICE_X0Y65          LUT3 (Prop_lut3_I2_O)        0.048     1.830 r  An7_OBUF_inst_i_1/O
                         net (fo=1, routed)           0.510     2.340    An7_OBUF
    U13                  OBUF (Prop_obuf_I_O)         1.316     3.656 r  An7_OBUF_inst/O
                         net (fo=0)                   0.000     3.656    An7
    U13                                                               r  An7 (OUT)
  -------------------------------------------------------------------    -------------------

Slack:                    inf
  Source:                 DIV_CLK_reg[20]/C
                            (rising edge-triggered cell FDCE clocked by ClkPort  {rise@0.000ns fall@5.000ns period=10.000ns})
  Destination:            An2
                            (output port)
  Path Group:             (none)
  Path Type:              Min at Fast Process Corner
  Data Path Delay:        2.168ns  (logic 1.461ns (67.382%)  route 0.707ns (32.618%))
  Logic Levels:           2  (LUT3=1 OBUF=1)
  Clock Uncertainty:      0.025ns  ((TSJ^2 + TIJ^2)^1/2 + DJ) / 2 + PE
    Total System Jitter     (TSJ):    0.050ns
    Total Input Jitter      (TIJ):    0.000ns
    Discrete Jitter          (DJ):    0.000ns
    Phase Error              (PE):    0.000ns
  Timing Exception:       False Path

    Location             Delay type                Incr(ns)  Path(ns)    Netlist Resource(s)
  -------------------------------------------------------------------    -------------------
                         (clock ClkPort rise edge)    0.000     0.000 r  
    E3                                                0.000     0.000 r  ClkPort (IN)
                         net (fo=0)                   0.000     0.000    BUFGP1/I
    E3                   IBUF (Prop_ibuf_I_O)         0.250     0.250 r  BUFGP1/IBUF/O
                         net (fo=1, routed)           0.644     0.894    BUFGP1/IBUFG_2_BUFG
    BUFGCTRL_X0Y16       BUFG (Prop_bufg_I_O)         0.026     0.920 r  BUFGP1/BUFG/O
                         net (fo=78, routed)          0.600     1.519    board_clk
    SLICE_X1Y65          FDCE                                         r  DIV_CLK_reg[20]/C
  -------------------------------------------------------------------    -------------------
    SLICE_X1Y65          FDCE (Prop_fdce_C_Q)         0.141     1.660 r  DIV_CLK_reg[20]/Q
                         net (fo=13, routed)          0.209     1.870    p_1_in
    SLICE_X2Y65          LUT3 (Prop_lut3_I2_O)        0.045     1.915 r  An2_OBUF_inst_i_1/O
                         net (fo=1, routed)           0.498     2.412    An2_OBUF
    T9                   OBUF (Prop_obuf_I_O)         1.275     3.687 r  An2_OBUF_inst/O
                         net (fo=0)                   0.000     3.687    An2
    T9                                                                r  An2 (OUT)
  -------------------------------------------------------------------    -------------------

Slack:                    inf
  Source:                 DIV_CLK_reg[20]/C
                            (rising edge-triggered cell FDCE clocked by ClkPort  {rise@0.000ns fall@5.000ns period=10.000ns})
  Destination:            Cf
                            (output port)
  Path Group:             (none)
  Path Type:              Min at Fast Process Corner
  Data Path Delay:        2.183ns  (logic 1.492ns (68.370%)  route 0.690ns (31.630%))
  Logic Levels:           3  (LUT4=1 LUT6=1 OBUF=1)
  Clock Uncertainty:      0.025ns  ((TSJ^2 + TIJ^2)^1/2 + DJ) / 2 + PE
    Total System Jitter     (TSJ):    0.050ns
    Total Input Jitter      (TIJ):    0.000ns
    Discrete Jitter          (DJ):    0.000ns
    Phase Error              (PE):    0.000ns
  Timing Exception:       False Path

    Location             Delay type                Incr(ns)  Path(ns)    Netlist Resource(s)
  -------------------------------------------------------------------    -------------------
                         (clock ClkPort rise edge)    0.000     0.000 r  
    E3                                                0.000     0.000 r  ClkPort (IN)
                         net (fo=0)                   0.000     0.000    BUFGP1/I
    E3                   IBUF (Prop_ibuf_I_O)         0.250     0.250 r  BUFGP1/IBUF/O
                         net (fo=1, routed)           0.644     0.894    BUFGP1/IBUFG_2_BUFG
    BUFGCTRL_X0Y16       BUFG (Prop_bufg_I_O)         0.026     0.920 r  BUFGP1/BUFG/O
                         net (fo=78, routed)          0.600     1.519    board_clk
    SLICE_X1Y65          FDCE                                         r  DIV_CLK_reg[20]/C
  -------------------------------------------------------------------    -------------------
    SLICE_X1Y65          FDCE (Prop_fdce_C_Q)         0.141     1.660 r  DIV_CLK_reg[20]/Q
                         net (fo=13, routed)          0.186     1.846    divider/p_1_in
    SLICE_X1Y67          LUT6 (Prop_lut6_I4_O)        0.045     1.891 r  divider/Ca_OBUF_inst_i_5/O
                         net (fo=7, routed)           0.137     2.028    divider/sel0[3]
    SLICE_X1Y68          LUT4 (Prop_lut4_I0_O)        0.045     2.073 r  divider/Cf_OBUF_inst_i_1/O
                         net (fo=1, routed)           0.367     2.441    Cf_OBUF
    T11                  OBUF (Prop_obuf_I_O)         1.261     3.702 r  Cf_OBUF_inst/O
                         net (fo=0)                   0.000     3.702    Cf
    T11                                                               r  Cf (OUT)
  -------------------------------------------------------------------    -------------------

Slack:                    inf
  Source:                 DIV_CLK_reg[18]/C
                            (rising edge-triggered cell FDCE clocked by ClkPort  {rise@0.000ns fall@5.000ns period=10.000ns})
  Destination:            An5
                            (output port)
  Path Group:             (none)
  Path Type:              Min at Fast Process Corner
  Data Path Delay:        2.188ns  (logic 1.505ns (68.786%)  route 0.683ns (31.214%))
  Logic Levels:           2  (LUT3=1 OBUF=1)
  Clock Uncertainty:      0.025ns  ((TSJ^2 + TIJ^2)^1/2 + DJ) / 2 + PE
    Total System Jitter     (TSJ):    0.050ns
    Total Input Jitter      (TIJ):    0.000ns
    Discrete Jitter          (DJ):    0.000ns
    Phase Error              (PE):    0.000ns
  Timing Exception:       False Path

    Location             Delay type                Incr(ns)  Path(ns)    Netlist Resource(s)
  -------------------------------------------------------------------    -------------------
                         (clock ClkPort rise edge)    0.000     0.000 r  
    E3                                                0.000     0.000 r  ClkPort (IN)
                         net (fo=0)                   0.000     0.000    BUFGP1/I
    E3                   IBUF (Prop_ibuf_I_O)         0.250     0.250 r  BUFGP1/IBUF/O
                         net (fo=1, routed)           0.644     0.894    BUFGP1/IBUFG_2_BUFG
    BUFGCTRL_X0Y16       BUFG (Prop_bufg_I_O)         0.026     0.920 r  BUFGP1/BUFG/O
                         net (fo=78, routed)          0.600     1.519    board_clk
    SLICE_X1Y64          FDCE                                         r  DIV_CLK_reg[18]/C
  -------------------------------------------------------------------    -------------------
    SLICE_X1Y64          FDCE (Prop_fdce_C_Q)         0.141     1.660 f  DIV_CLK_reg[18]/Q
                         net (fo=17, routed)          0.321     1.981    DIV_CLK_reg_n_0_[18]
    SLICE_X0Y68          LUT3 (Prop_lut3_I0_O)        0.045     2.026 r  An5_OBUF_inst_i_1/O
                         net (fo=1, routed)           0.362     2.388    An5_OBUF
    T14                  OBUF (Prop_obuf_I_O)         1.319     3.708 r  An5_OBUF_inst/O
                         net (fo=0)                   0.000     3.708    An5
    T14                                                               r  An5 (OUT)
  -------------------------------------------------------------------    -------------------

Slack:                    inf
  Source:                 DIV_CLK_reg[18]/C
                            (rising edge-triggered cell FDCE clocked by ClkPort  {rise@0.000ns fall@5.000ns period=10.000ns})
  Destination:            An4
                            (output port)
  Path Group:             (none)
  Path Type:              Min at Fast Process Corner
  Data Path Delay:        2.308ns  (logic 1.437ns (62.244%)  route 0.871ns (37.756%))
  Logic Levels:           2  (LUT3=1 OBUF=1)
  Clock Uncertainty:      0.025ns  ((TSJ^2 + TIJ^2)^1/2 + DJ) / 2 + PE
    Total System Jitter     (TSJ):    0.050ns
    Total Input Jitter      (TIJ):    0.000ns
    Discrete Jitter          (DJ):    0.000ns
    Phase Error              (PE):    0.000ns
  Timing Exception:       False Path

    Location             Delay type                Incr(ns)  Path(ns)    Netlist Resource(s)
  -------------------------------------------------------------------    -------------------
                         (clock ClkPort rise edge)    0.000     0.000 r  
    E3                                                0.000     0.000 r  ClkPort (IN)
                         net (fo=0)                   0.000     0.000    BUFGP1/I
    E3                   IBUF (Prop_ibuf_I_O)         0.250     0.250 r  BUFGP1/IBUF/O
                         net (fo=1, routed)           0.644     0.894    BUFGP1/IBUFG_2_BUFG
    BUFGCTRL_X0Y16       BUFG (Prop_bufg_I_O)         0.026     0.920 r  BUFGP1/BUFG/O
                         net (fo=78, routed)          0.600     1.519    board_clk
    SLICE_X1Y64          FDCE                                         r  DIV_CLK_reg[18]/C
  -------------------------------------------------------------------    -------------------
    SLICE_X1Y64          FDCE (Prop_fdce_C_Q)         0.141     1.660 r  DIV_CLK_reg[18]/Q
                         net (fo=17, routed)          0.321     1.981    DIV_CLK_reg_n_0_[18]
    SLICE_X0Y68          LUT3 (Prop_lut3_I1_O)        0.045     2.026 r  An4_OBUF_inst_i_1/O
                         net (fo=1, routed)           0.551     2.577    An4_OBUF
    P14                  OBUF (Prop_obuf_I_O)         1.251     3.827 r  An4_OBUF_inst/O
                         net (fo=0)                   0.000     3.827    An4
    P14                                                               r  An4 (OUT)
  -------------------------------------------------------------------    -------------------

Slack:                    inf
  Source:                 divider/state_reg[0]/C
                            (rising edge-triggered cell FDPE clocked by ClkPort  {rise@0.000ns fall@5.000ns period=10.000ns})
  Destination:            Ld4
                            (output port)
  Path Group:             (none)
  Path Type:              Min at Fast Process Corner
  Data Path Delay:        2.312ns  (logic 1.509ns (65.294%)  route 0.802ns (34.706%))
  Logic Levels:           2  (LUT3=1 OBUF=1)
  Clock Uncertainty:      0.025ns  ((TSJ^2 + TIJ^2)^1/2 + DJ) / 2 + PE
    Total System Jitter     (TSJ):    0.050ns
    Total Input Jitter      (TIJ):    0.000ns
    Discrete Jitter          (DJ):    0.000ns
    Phase Error              (PE):    0.000ns
  Timing Exception:       False Path

    Location             Delay type                Incr(ns)  Path(ns)    Netlist Resource(s)
  -------------------------------------------------------------------    -------------------
                         (clock ClkPort rise edge)    0.000     0.000 r  
    E3                                                0.000     0.000 r  ClkPort (IN)
                         net (fo=0)                   0.000     0.000    BUFGP1/I
    E3                   IBUF (Prop_ibuf_I_O)         0.250     0.250 r  BUFGP1/IBUF/O
                         net (fo=1, routed)           0.644     0.894    BUFGP1/IBUFG_2_BUFG
    BUFGCTRL_X0Y16       BUFG (Prop_bufg_I_O)         0.026     0.920 r  BUFGP1/BUFG/O
                         net (fo=78, routed)          0.598     1.517    divider/board_clk
    SLICE_X0Y67          FDPE                                         r  divider/state_reg[0]/C
  -------------------------------------------------------------------    -------------------
    SLICE_X0Y67          FDPE (Prop_fdpe_C_Q)         0.141     1.658 f  divider/state_reg[0]/Q
                         net (fo=6, routed)           0.181     1.840    divider/Ld7_OBUF
    SLICE_X0Y67          LUT3 (Prop_lut3_I2_O)        0.049     1.889 r  divider/Ld4_OBUF_inst_i_1/O
                         net (fo=1, routed)           0.621     2.510    Ld4_OBUF
    R18                  OBUF (Prop_obuf_I_O)         1.319     3.829 r  Ld4_OBUF_inst/O
                         net (fo=0)                   0.000     3.829    Ld4
    R18                                                               r  Ld4 (OUT)
  -------------------------------------------------------------------    -------------------

Slack:                    inf
  Source:                 DIV_CLK_reg[20]/C
                            (rising edge-triggered cell FDCE clocked by ClkPort  {rise@0.000ns fall@5.000ns period=10.000ns})
  Destination:            An3
                            (output port)
  Path Group:             (none)
  Path Type:              Min at Fast Process Corner
  Data Path Delay:        2.323ns  (logic 1.439ns (61.947%)  route 0.884ns (38.053%))
  Logic Levels:           2  (LUT3=1 OBUF=1)
  Clock Uncertainty:      0.025ns  ((TSJ^2 + TIJ^2)^1/2 + DJ) / 2 + PE
    Total System Jitter     (TSJ):    0.050ns
    Total Input Jitter      (TIJ):    0.000ns
    Discrete Jitter          (DJ):    0.000ns
    Phase Error              (PE):    0.000ns
  Timing Exception:       False Path

    Location             Delay type                Incr(ns)  Path(ns)    Netlist Resource(s)
  -------------------------------------------------------------------    -------------------
                         (clock ClkPort rise edge)    0.000     0.000 r  
    E3                                                0.000     0.000 r  ClkPort (IN)
                         net (fo=0)                   0.000     0.000    BUFGP1/I
    E3                   IBUF (Prop_ibuf_I_O)         0.250     0.250 r  BUFGP1/IBUF/O
                         net (fo=1, routed)           0.644     0.894    BUFGP1/IBUFG_2_BUFG
    BUFGCTRL_X0Y16       BUFG (Prop_bufg_I_O)         0.026     0.920 r  BUFGP1/BUFG/O
                         net (fo=78, routed)          0.600     1.519    board_clk
    SLICE_X1Y65          FDCE                                         r  DIV_CLK_reg[20]/C
  -------------------------------------------------------------------    -------------------
    SLICE_X1Y65          FDCE (Prop_fdce_C_Q)         0.141     1.660 r  DIV_CLK_reg[20]/Q
                         net (fo=13, routed)          0.121     1.782    p_1_in
    SLICE_X0Y65          LUT3 (Prop_lut3_I2_O)        0.045     1.827 r  An3_OBUF_inst_i_1/O
                         net (fo=1, routed)           0.763     2.589    An3_OBUF
    J14                  OBUF (Prop_obuf_I_O)         1.253     3.842 r  An3_OBUF_inst/O
                         net (fo=0)                   0.000     3.842    An3
    J14                                                               r  An3 (OUT)
  -------------------------------------------------------------------    -------------------





--------------------------------------------------------------------------------------
Path Group:  (none)
From Clock:  
  To Clock:  ClkPort

Max Delay            83 Endpoints
Min Delay            83 Endpoints
--------------------------------------------------------------------------------------


Max Delay Paths
--------------------------------------------------------------------------------------
Slack:                    inf
  Source:                 Sw12
                            (input port)
  Destination:            divider/x_reg[4]/D
                            (rising edge-triggered cell FDRE clocked by ClkPort  {rise@0.000ns fall@5.000ns period=10.000ns})
  Path Group:             (none)
  Path Type:              Setup (Max at Slow Process Corner)
  Data Path Delay:        6.051ns  (logic 1.467ns (24.236%)  route 4.585ns (75.764%))
  Logic Levels:           1  (IBUF=1)
  Clock Path Skew:        5.021ns (DCD - SCD + CPR)
    Destination Clock Delay (DCD):    5.021ns
    Source Clock Delay      (SCD):    0.000ns
    Clock Pessimism Removal (CPR):    0.000ns
  Clock Uncertainty:      0.025ns  ((TSJ^2 + TIJ^2)^1/2 + DJ) / 2 + PE
    Total System Jitter     (TSJ):    0.050ns
    Total Input Jitter      (TIJ):    0.000ns
    Discrete Jitter          (DJ):    0.000ns
    Phase Error              (PE):    0.000ns
  Timing Exception:       False Path

    Location             Delay type                Incr(ns)  Path(ns)    Netlist Resource(s)
  -------------------------------------------------------------------    -------------------
    H6                                                0.000     0.000 r  Sw12 (IN)
                         net (fo=0)                   0.000     0.000    Sw12
    H6                   IBUF (Prop_ibuf_I_O)         1.467     1.467 r  Sw12_IBUF_inst/O
                         net (fo=2, routed)           4.585     6.051    divider/Sw12_IBUF
    SLICE_X2Y66          FDRE                                         r  divider/x_reg[4]/D
  -------------------------------------------------------------------    -------------------

                         (clock ClkPort rise edge)    0.000     0.000 r  
    E3                                                0.000     0.000 r  ClkPort (IN)
                         net (fo=0)                   0.000     0.000    BUFGP1/I
    E3                   IBUF (Prop_ibuf_I_O)         1.411     1.411 r  BUFGP1/IBUF/O
                         net (fo=1, routed)           1.920     3.331    BUFGP1/IBUFG_2_BUFG
    BUFGCTRL_X0Y16       BUFG (Prop_bufg_I_O)         0.091     3.422 r  BUFGP1/BUFG/O
                         net (fo=78, routed)          1.598     5.021    divider/board_clk
    SLICE_X2Y66          FDRE                                         r  divider/x_reg[4]/C

Slack:                    inf
  Source:                 Sw8
                            (input port)
  Destination:            divider/x_reg[0]/D
                            (rising edge-triggered cell FDRE clocked by ClkPort  {rise@0.000ns fall@5.000ns period=10.000ns})
  Path Group:             (none)
  Path Type:              Setup (Max at Slow Process Corner)
  Data Path Delay:        6.023ns  (logic 1.497ns (24.854%)  route 4.526ns (75.146%))
  Logic Levels:           1  (IBUF=1)
  Clock Path Skew:        5.021ns (DCD - SCD + CPR)
    Destination Clock Delay (DCD):    5.021ns
    Source Clock Delay      (SCD):    0.000ns
    Clock Pessimism Removal (CPR):    0.000ns
  Clock Uncertainty:      0.025ns  ((TSJ^2 + TIJ^2)^1/2 + DJ) / 2 + PE
    Total System Jitter     (TSJ):    0.050ns
    Total Input Jitter      (TIJ):    0.000ns
    Discrete Jitter          (DJ):    0.000ns
    Phase Error              (PE):    0.000ns
  Timing Exception:       False Path

    Location             Delay type                Incr(ns)  Path(ns)    Netlist Resource(s)
  -------------------------------------------------------------------    -------------------
    T8                                                0.000     0.000 r  Sw8 (IN)
                         net (fo=0)                   0.000     0.000    Sw8
    T8                   IBUF (Prop_ibuf_I_O)         1.497     1.497 r  Sw8_IBUF_inst/O
                         net (fo=2, routed)           4.526     6.023    divider/Sw8_IBUF
    SLICE_X2Y66          FDRE                                         r  divider/x_reg[0]/D
  -------------------------------------------------------------------    -------------------

                         (clock ClkPort rise edge)    0.000     0.000 r  
    E3                                                0.000     0.000 r  ClkPort (IN)
                         net (fo=0)                   0.000     0.000    BUFGP1/I
    E3                   IBUF (Prop_ibuf_I_O)         1.411     1.411 r  BUFGP1/IBUF/O
                         net (fo=1, routed)           1.920     3.331    BUFGP1/IBUFG_2_BUFG
    BUFGCTRL_X0Y16       BUFG (Prop_bufg_I_O)         0.091     3.422 r  BUFGP1/BUFG/O
                         net (fo=78, routed)          1.598     5.021    divider/board_clk
    SLICE_X2Y66          FDRE                                         r  divider/x_reg[0]/C

Slack:                    inf
  Source:                 Sw9
                            (input port)
  Destination:            divider/x_reg[1]/D
                            (rising edge-triggered cell FDRE clocked by ClkPort  {rise@0.000ns fall@5.000ns period=10.000ns})
  Path Group:             (none)
  Path Type:              Setup (Max at Slow Process Corner)
  Data Path Delay:        5.751ns  (logic 1.482ns (25.769%)  route 4.269ns (74.231%))
  Logic Levels:           1  (IBUF=1)
  Clock Path Skew:        5.021ns (DCD - SCD + CPR)
    Destination Clock Delay (DCD):    5.021ns
    Source Clock Delay      (SCD):    0.000ns
    Clock Pessimism Removal (CPR):    0.000ns
  Clock Uncertainty:      0.025ns  ((TSJ^2 + TIJ^2)^1/2 + DJ) / 2 + PE
    Total System Jitter     (TSJ):    0.050ns
    Total Input Jitter      (TIJ):    0.000ns
    Discrete Jitter          (DJ):    0.000ns
    Phase Error              (PE):    0.000ns
  Timing Exception:       False Path

    Location             Delay type                Incr(ns)  Path(ns)    Netlist Resource(s)
  -------------------------------------------------------------------    -------------------
    U8                                                0.000     0.000 r  Sw9 (IN)
                         net (fo=0)                   0.000     0.000    Sw9
    U8                   IBUF (Prop_ibuf_I_O)         1.482     1.482 r  Sw9_IBUF_inst/O
                         net (fo=2, routed)           4.269     5.751    divider/Sw9_IBUF
    SLICE_X2Y66          FDRE                                         r  divider/x_reg[1]/D
  -------------------------------------------------------------------    -------------------

                         (clock ClkPort rise edge)    0.000     0.000 r  
    E3                                                0.000     0.000 r  ClkPort (IN)
                         net (fo=0)                   0.000     0.000    BUFGP1/I
    E3                   IBUF (Prop_ibuf_I_O)         1.411     1.411 r  BUFGP1/IBUF/O
                         net (fo=1, routed)           1.920     3.331    BUFGP1/IBUFG_2_BUFG
    BUFGCTRL_X0Y16       BUFG (Prop_bufg_I_O)         0.091     3.422 r  BUFGP1/BUFG/O
                         net (fo=78, routed)          1.598     5.021    divider/board_clk
    SLICE_X2Y66          FDRE                                         r  divider/x_reg[1]/C

Slack:                    inf
  Source:                 BtnU
                            (input port)
  Destination:            ee201_debouncer_1/FSM_onehot_state_reg[2]/CE
                            (rising edge-triggered cell FDCE clocked by ClkPort  {rise@0.000ns fall@5.000ns period=10.000ns})
  Path Group:             (none)
  Path Type:              Setup (Max at Slow Process Corner)
  Data Path Delay:        5.624ns  (logic 1.734ns (30.829%)  route 3.890ns (69.171%))
  Logic Levels:           3  (IBUF=1 LUT6=2)
  Clock Path Skew:        5.021ns (DCD - SCD + CPR)
    Destination Clock Delay (DCD):    5.021ns
    Source Clock Delay      (SCD):    0.000ns
    Clock Pessimism Removal (CPR):    0.000ns
  Clock Uncertainty:      0.025ns  ((TSJ^2 + TIJ^2)^1/2 + DJ) / 2 + PE
    Total System Jitter     (TSJ):    0.050ns
    Total Input Jitter      (TIJ):    0.000ns
    Discrete Jitter          (DJ):    0.000ns
    Phase Error              (PE):    0.000ns
  Timing Exception:       False Path

    Location             Delay type                Incr(ns)  Path(ns)    Netlist Resource(s)
  -------------------------------------------------------------------    -------------------
    M18                                               0.000     0.000 f  BtnU (IN)
                         net (fo=0)                   0.000     0.000    BtnU
    M18                  IBUF (Prop_ibuf_I_O)         1.486     1.486 f  BtnU_IBUF_inst/O
                         net (fo=12, routed)          2.447     3.933    ee201_debouncer_1/Ld2_OBUF
    SLICE_X1Y67          LUT6 (Prop_lut6_I2_O)        0.124     4.057 r  ee201_debouncer_1/FSM_onehot_state[8]_i_2/O
                         net (fo=1, routed)           0.782     4.839    ee201_debouncer_1/FSM_onehot_state[8]_i_2_n_0
    SLICE_X1Y68          LUT6 (Prop_lut6_I0_O)        0.124     4.963 r  ee201_debouncer_1/FSM_onehot_state[8]_i_1/O
                         net (fo=9, routed)           0.661     5.624    ee201_debouncer_1/FSM_onehot_state[8]_i_1_n_0
    SLICE_X1Y66          FDCE                                         r  ee201_debouncer_1/FSM_onehot_state_reg[2]/CE
  -------------------------------------------------------------------    -------------------

                         (clock ClkPort rise edge)    0.000     0.000 r  
    E3                                                0.000     0.000 r  ClkPort (IN)
                         net (fo=0)                   0.000     0.000    BUFGP1/I
    E3                   IBUF (Prop_ibuf_I_O)         1.411     1.411 r  BUFGP1/IBUF/O
                         net (fo=1, routed)           1.920     3.331    BUFGP1/IBUFG_2_BUFG
    BUFGCTRL_X0Y16       BUFG (Prop_bufg_I_O)         0.091     3.422 r  BUFGP1/BUFG/O
                         net (fo=78, routed)          1.598     5.021    ee201_debouncer_1/board_clk
    SLICE_X1Y66          FDCE                                         r  ee201_debouncer_1/FSM_onehot_state_reg[2]/C

Slack:                    inf
  Source:                 BtnU
                            (input port)
  Destination:            ee201_debouncer_1/FSM_onehot_state_reg[3]/CE
                            (rising edge-triggered cell FDCE clocked by ClkPort  {rise@0.000ns fall@5.000ns period=10.000ns})
  Path Group:             (none)
  Path Type:              Setup (Max at Slow Process Corner)
  Data Path Delay:        5.624ns  (logic 1.734ns (30.829%)  route 3.890ns (69.171%))
  Logic Levels:           3  (IBUF=1 LUT6=2)
  Clock Path Skew:        5.021ns (DCD - SCD + CPR)
    Destination Clock Delay (DCD):    5.021ns
    Source Clock Delay      (SCD):    0.000ns
    Clock Pessimism Removal (CPR):    0.000ns
  Clock Uncertainty:      0.025ns  ((TSJ^2 + TIJ^2)^1/2 + DJ) / 2 + PE
    Total System Jitter     (TSJ):    0.050ns
    Total Input Jitter      (TIJ):    0.000ns
    Discrete Jitter          (DJ):    0.000ns
    Phase Error              (PE):    0.000ns
  Timing Exception:       False Path

    Location             Delay type                Incr(ns)  Path(ns)    Netlist Resource(s)
  -------------------------------------------------------------------    -------------------
    M18                                               0.000     0.000 f  BtnU (IN)
                         net (fo=0)                   0.000     0.000    BtnU
    M18                  IBUF (Prop_ibuf_I_O)         1.486     1.486 f  BtnU_IBUF_inst/O
                         net (fo=12, routed)          2.447     3.933    ee201_debouncer_1/Ld2_OBUF
    SLICE_X1Y67          LUT6 (Prop_lut6_I2_O)        0.124     4.057 r  ee201_debouncer_1/FSM_onehot_state[8]_i_2/O
                         net (fo=1, routed)           0.782     4.839    ee201_debouncer_1/FSM_onehot_state[8]_i_2_n_0
    SLICE_X1Y68          LUT6 (Prop_lut6_I0_O)        0.124     4.963 r  ee201_debouncer_1/FSM_onehot_state[8]_i_1/O
                         net (fo=9, routed)           0.661     5.624    ee201_debouncer_1/FSM_onehot_state[8]_i_1_n_0
    SLICE_X1Y66          FDCE                                         r  ee201_debouncer_1/FSM_onehot_state_reg[3]/CE
  -------------------------------------------------------------------    -------------------

                         (clock ClkPort rise edge)    0.000     0.000 r  
    E3                                                0.000     0.000 r  ClkPort (IN)
                         net (fo=0)                   0.000     0.000    BUFGP1/I
    E3                   IBUF (Prop_ibuf_I_O)         1.411     1.411 r  BUFGP1/IBUF/O
                         net (fo=1, routed)           1.920     3.331    BUFGP1/IBUFG_2_BUFG
    BUFGCTRL_X0Y16       BUFG (Prop_bufg_I_O)         0.091     3.422 r  BUFGP1/BUFG/O
                         net (fo=78, routed)          1.598     5.021    ee201_debouncer_1/board_clk
    SLICE_X1Y66          FDCE                                         r  ee201_debouncer_1/FSM_onehot_state_reg[3]/C

Slack:                    inf
  Source:                 BtnU
                            (input port)
  Destination:            ee201_debouncer_1/FSM_onehot_state_reg[5]/CE
                            (rising edge-triggered cell FDCE clocked by ClkPort  {rise@0.000ns fall@5.000ns period=10.000ns})
  Path Group:             (none)
  Path Type:              Setup (Max at Slow Process Corner)
  Data Path Delay:        5.624ns  (logic 1.734ns (30.829%)  route 3.890ns (69.171%))
  Logic Levels:           3  (IBUF=1 LUT6=2)
  Clock Path Skew:        5.021ns (DCD - SCD + CPR)
    Destination Clock Delay (DCD):    5.021ns
    Source Clock Delay      (SCD):    0.000ns
    Clock Pessimism Removal (CPR):    0.000ns
  Clock Uncertainty:      0.025ns  ((TSJ^2 + TIJ^2)^1/2 + DJ) / 2 + PE
    Total System Jitter     (TSJ):    0.050ns
    Total Input Jitter      (TIJ):    0.000ns
    Discrete Jitter          (DJ):    0.000ns
    Phase Error              (PE):    0.000ns
  Timing Exception:       False Path

    Location             Delay type                Incr(ns)  Path(ns)    Netlist Resource(s)
  -------------------------------------------------------------------    -------------------
    M18                                               0.000     0.000 f  BtnU (IN)
                         net (fo=0)                   0.000     0.000    BtnU
    M18                  IBUF (Prop_ibuf_I_O)         1.486     1.486 f  BtnU_IBUF_inst/O
                         net (fo=12, routed)          2.447     3.933    ee201_debouncer_1/Ld2_OBUF
    SLICE_X1Y67          LUT6 (Prop_lut6_I2_O)        0.124     4.057 r  ee201_debouncer_1/FSM_onehot_state[8]_i_2/O
                         net (fo=1, routed)           0.782     4.839    ee201_debouncer_1/FSM_onehot_state[8]_i_2_n_0
    SLICE_X1Y68          LUT6 (Prop_lut6_I0_O)        0.124     4.963 r  ee201_debouncer_1/FSM_onehot_state[8]_i_1/O
                         net (fo=9, routed)           0.661     5.624    ee201_debouncer_1/FSM_onehot_state[8]_i_1_n_0
    SLICE_X1Y66          FDCE                                         r  ee201_debouncer_1/FSM_onehot_state_reg[5]/CE
  -------------------------------------------------------------------    -------------------

                         (clock ClkPort rise edge)    0.000     0.000 r  
    E3                                                0.000     0.000 r  ClkPort (IN)
                         net (fo=0)                   0.000     0.000    BUFGP1/I
    E3                   IBUF (Prop_ibuf_I_O)         1.411     1.411 r  BUFGP1/IBUF/O
                         net (fo=1, routed)           1.920     3.331    BUFGP1/IBUFG_2_BUFG
    BUFGCTRL_X0Y16       BUFG (Prop_bufg_I_O)         0.091     3.422 r  BUFGP1/BUFG/O
                         net (fo=78, routed)          1.598     5.021    ee201_debouncer_1/board_clk
    SLICE_X1Y66          FDCE                                         r  ee201_debouncer_1/FSM_onehot_state_reg[5]/C

Slack:                    inf
  Source:                 BtnU
                            (input port)
  Destination:            ee201_debouncer_1/FSM_onehot_state_reg[8]/CE
                            (rising edge-triggered cell FDCE clocked by ClkPort  {rise@0.000ns fall@5.000ns period=10.000ns})
  Path Group:             (none)
  Path Type:              Setup (Max at Slow Process Corner)
  Data Path Delay:        5.624ns  (logic 1.734ns (30.829%)  route 3.890ns (69.171%))
  Logic Levels:           3  (IBUF=1 LUT6=2)
  Clock Path Skew:        5.021ns (DCD - SCD + CPR)
    Destination Clock Delay (DCD):    5.021ns
    Source Clock Delay      (SCD):    0.000ns
    Clock Pessimism Removal (CPR):    0.000ns
  Clock Uncertainty:      0.025ns  ((TSJ^2 + TIJ^2)^1/2 + DJ) / 2 + PE
    Total System Jitter     (TSJ):    0.050ns
    Total Input Jitter      (TIJ):    0.000ns
    Discrete Jitter          (DJ):    0.000ns
    Phase Error              (PE):    0.000ns
  Timing Exception:       False Path

    Location             Delay type                Incr(ns)  Path(ns)    Netlist Resource(s)
  -------------------------------------------------------------------    -------------------
    M18                                               0.000     0.000 f  BtnU (IN)
                         net (fo=0)                   0.000     0.000    BtnU
    M18                  IBUF (Prop_ibuf_I_O)         1.486     1.486 f  BtnU_IBUF_inst/O
                         net (fo=12, routed)          2.447     3.933    ee201_debouncer_1/Ld2_OBUF
    SLICE_X1Y67          LUT6 (Prop_lut6_I2_O)        0.124     4.057 r  ee201_debouncer_1/FSM_onehot_state[8]_i_2/O
                         net (fo=1, routed)           0.782     4.839    ee201_debouncer_1/FSM_onehot_state[8]_i_2_n_0
    SLICE_X1Y68          LUT6 (Prop_lut6_I0_O)        0.124     4.963 r  ee201_debouncer_1/FSM_onehot_state[8]_i_1/O
                         net (fo=9, routed)           0.661     5.624    ee201_debouncer_1/FSM_onehot_state[8]_i_1_n_0
    SLICE_X1Y66          FDCE                                         r  ee201_debouncer_1/FSM_onehot_state_reg[8]/CE
  -------------------------------------------------------------------    -------------------

                         (clock ClkPort rise edge)    0.000     0.000 r  
    E3                                                0.000     0.000 r  ClkPort (IN)
                         net (fo=0)                   0.000     0.000    BUFGP1/I
    E3                   IBUF (Prop_ibuf_I_O)         1.411     1.411 r  BUFGP1/IBUF/O
                         net (fo=1, routed)           1.920     3.331    BUFGP1/IBUFG_2_BUFG
    BUFGCTRL_X0Y16       BUFG (Prop_bufg_I_O)         0.091     3.422 r  BUFGP1/BUFG/O
                         net (fo=78, routed)          1.598     5.021    ee201_debouncer_1/board_clk
    SLICE_X1Y66          FDCE                                         r  ee201_debouncer_1/FSM_onehot_state_reg[8]/C

Slack:                    inf
  Source:                 BtnU
                            (input port)
  Destination:            ee201_debouncer_1/FSM_onehot_state_reg[0]/CE
                            (rising edge-triggered cell FDPE clocked by ClkPort  {rise@0.000ns fall@5.000ns period=10.000ns})
  Path Group:             (none)
  Path Type:              Setup (Max at Slow Process Corner)
  Data Path Delay:        5.562ns  (logic 1.734ns (31.171%)  route 3.828ns (68.829%))
  Logic Levels:           3  (IBUF=1 LUT6=2)
  Clock Path Skew:        5.018ns (DCD - SCD + CPR)
    Destination Clock Delay (DCD):    5.018ns
    Source Clock Delay      (SCD):    0.000ns
    Clock Pessimism Removal (CPR):    0.000ns
  Clock Uncertainty:      0.025ns  ((TSJ^2 + TIJ^2)^1/2 + DJ) / 2 + PE
    Total System Jitter     (TSJ):    0.050ns
    Total Input Jitter      (TIJ):    0.000ns
    Discrete Jitter          (DJ):    0.000ns
    Phase Error              (PE):    0.000ns
  Timing Exception:       False Path

    Location             Delay type                Incr(ns)  Path(ns)    Netlist Resource(s)
  -------------------------------------------------------------------    -------------------
    M18                                               0.000     0.000 f  BtnU (IN)
                         net (fo=0)                   0.000     0.000    BtnU
    M18                  IBUF (Prop_ibuf_I_O)         1.486     1.486 f  BtnU_IBUF_inst/O
                         net (fo=12, routed)          2.447     3.933    ee201_debouncer_1/Ld2_OBUF
    SLICE_X1Y67          LUT6 (Prop_lut6_I2_O)        0.124     4.057 r  ee201_debouncer_1/FSM_onehot_state[8]_i_2/O
                         net (fo=1, routed)           0.782     4.839    ee201_debouncer_1/FSM_onehot_state[8]_i_2_n_0
    SLICE_X1Y68          LUT6 (Prop_lut6_I0_O)        0.124     4.963 r  ee201_debouncer_1/FSM_onehot_state[8]_i_1/O
                         net (fo=9, routed)           0.600     5.562    ee201_debouncer_1/FSM_onehot_state[8]_i_1_n_0
    SLICE_X1Y68          FDPE                                         r  ee201_debouncer_1/FSM_onehot_state_reg[0]/CE
  -------------------------------------------------------------------    -------------------

                         (clock ClkPort rise edge)    0.000     0.000 r  
    E3                                                0.000     0.000 r  ClkPort (IN)
                         net (fo=0)                   0.000     0.000    BUFGP1/I
    E3                   IBUF (Prop_ibuf_I_O)         1.411     1.411 r  BUFGP1/IBUF/O
                         net (fo=1, routed)           1.920     3.331    BUFGP1/IBUFG_2_BUFG
    BUFGCTRL_X0Y16       BUFG (Prop_bufg_I_O)         0.091     3.422 r  BUFGP1/BUFG/O
                         net (fo=78, routed)          1.595     5.018    ee201_debouncer_1/board_clk
    SLICE_X1Y68          FDPE                                         r  ee201_debouncer_1/FSM_onehot_state_reg[0]/C

Slack:                    inf
  Source:                 BtnU
                            (input port)
  Destination:            ee201_debouncer_1/FSM_onehot_state_reg[1]/CE
                            (rising edge-triggered cell FDCE clocked by ClkPort  {rise@0.000ns fall@5.000ns period=10.000ns})
  Path Group:             (none)
  Path Type:              Setup (Max at Slow Process Corner)
  Data Path Delay:        5.562ns  (logic 1.734ns (31.171%)  route 3.828ns (68.829%))
  Logic Levels:           3  (IBUF=1 LUT6=2)
  Clock Path Skew:        5.018ns (DCD - SCD + CPR)
    Destination Clock Delay (DCD):    5.018ns
    Source Clock Delay      (SCD):    0.000ns
    Clock Pessimism Removal (CPR):    0.000ns
  Clock Uncertainty:      0.025ns  ((TSJ^2 + TIJ^2)^1/2 + DJ) / 2 + PE
    Total System Jitter     (TSJ):    0.050ns
    Total Input Jitter      (TIJ):    0.000ns
    Discrete Jitter          (DJ):    0.000ns
    Phase Error              (PE):    0.000ns
  Timing Exception:       False Path

    Location             Delay type                Incr(ns)  Path(ns)    Netlist Resource(s)
  -------------------------------------------------------------------    -------------------
    M18                                               0.000     0.000 f  BtnU (IN)
                         net (fo=0)                   0.000     0.000    BtnU
    M18                  IBUF (Prop_ibuf_I_O)         1.486     1.486 f  BtnU_IBUF_inst/O
                         net (fo=12, routed)          2.447     3.933    ee201_debouncer_1/Ld2_OBUF
    SLICE_X1Y67          LUT6 (Prop_lut6_I2_O)        0.124     4.057 r  ee201_debouncer_1/FSM_onehot_state[8]_i_2/O
                         net (fo=1, routed)           0.782     4.839    ee201_debouncer_1/FSM_onehot_state[8]_i_2_n_0
    SLICE_X1Y68          LUT6 (Prop_lut6_I0_O)        0.124     4.963 r  ee201_debouncer_1/FSM_onehot_state[8]_i_1/O
                         net (fo=9, routed)           0.600     5.562    ee201_debouncer_1/FSM_onehot_state[8]_i_1_n_0
    SLICE_X1Y68          FDCE                                         r  ee201_debouncer_1/FSM_onehot_state_reg[1]/CE
  -------------------------------------------------------------------    -------------------

                         (clock ClkPort rise edge)    0.000     0.000 r  
    E3                                                0.000     0.000 r  ClkPort (IN)
                         net (fo=0)                   0.000     0.000    BUFGP1/I
    E3                   IBUF (Prop_ibuf_I_O)         1.411     1.411 r  BUFGP1/IBUF/O
                         net (fo=1, routed)           1.920     3.331    BUFGP1/IBUFG_2_BUFG
    BUFGCTRL_X0Y16       BUFG (Prop_bufg_I_O)         0.091     3.422 r  BUFGP1/BUFG/O
                         net (fo=78, routed)          1.595     5.018    ee201_debouncer_1/board_clk
    SLICE_X1Y68          FDCE                                         r  ee201_debouncer_1/FSM_onehot_state_reg[1]/C

Slack:                    inf
  Source:                 BtnU
                            (input port)
  Destination:            ee201_debouncer_1/FSM_onehot_state_reg[4]/CE
                            (rising edge-triggered cell FDCE clocked by ClkPort  {rise@0.000ns fall@5.000ns period=10.000ns})
  Path Group:             (none)
  Path Type:              Setup (Max at Slow Process Corner)
  Data Path Delay:        5.435ns  (logic 1.734ns (31.902%)  route 3.701ns (68.098%))
  Logic Levels:           3  (IBUF=1 LUT6=2)
  Clock Path Skew:        5.021ns (DCD - SCD + CPR)
    Destination Clock Delay (DCD):    5.021ns
    Source Clock Delay      (SCD):    0.000ns
    Clock Pessimism Removal (CPR):    0.000ns
  Clock Uncertainty:      0.025ns  ((TSJ^2 + TIJ^2)^1/2 + DJ) / 2 + PE
    Total System Jitter     (TSJ):    0.050ns
    Total Input Jitter      (TIJ):    0.000ns
    Discrete Jitter          (DJ):    0.000ns
    Phase Error              (PE):    0.000ns
  Timing Exception:       False Path

    Location             Delay type                Incr(ns)  Path(ns)    Netlist Resource(s)
  -------------------------------------------------------------------    -------------------
    M18                                               0.000     0.000 f  BtnU (IN)
                         net (fo=0)                   0.000     0.000    BtnU
    M18                  IBUF (Prop_ibuf_I_O)         1.486     1.486 f  BtnU_IBUF_inst/O
                         net (fo=12, routed)          2.447     3.933    ee201_debouncer_1/Ld2_OBUF
    SLICE_X1Y67          LUT6 (Prop_lut6_I2_O)        0.124     4.057 r  ee201_debouncer_1/FSM_onehot_state[8]_i_2/O
                         net (fo=1, routed)           0.782     4.839    ee201_debouncer_1/FSM_onehot_state[8]_i_2_n_0
    SLICE_X1Y68          LUT6 (Prop_lut6_I0_O)        0.124     4.963 r  ee201_debouncer_1/FSM_onehot_state[8]_i_1/O
                         net (fo=9, routed)           0.472     5.435    ee201_debouncer_1/FSM_onehot_state[8]_i_1_n_0
    SLICE_X0Y66          FDCE                                         r  ee201_debouncer_1/FSM_onehot_state_reg[4]/CE
  -------------------------------------------------------------------    -------------------

                         (clock ClkPort rise edge)    0.000     0.000 r  
    E3                                                0.000     0.000 r  ClkPort (IN)
                         net (fo=0)                   0.000     0.000    BUFGP1/I
    E3                   IBUF (Prop_ibuf_I_O)         1.411     1.411 r  BUFGP1/IBUF/O
                         net (fo=1, routed)           1.920     3.331    BUFGP1/IBUFG_2_BUFG
    BUFGCTRL_X0Y16       BUFG (Prop_bufg_I_O)         0.091     3.422 r  BUFGP1/BUFG/O
                         net (fo=78, routed)          1.598     5.021    ee201_debouncer_1/board_clk
    SLICE_X0Y66          FDCE                                         r  ee201_debouncer_1/FSM_onehot_state_reg[4]/C





Min Delay Paths
--------------------------------------------------------------------------------------
Slack:                    inf
  Source:                 Sw6
                            (input port)
  Destination:            divider/y_reg[6]/D
                            (rising edge-triggered cell FDRE clocked by ClkPort  {rise@0.000ns fall@5.000ns period=10.000ns})
  Path Group:             (none)
  Path Type:              Hold (Min at Fast Process Corner)
  Data Path Delay:        0.687ns  (logic 0.262ns (38.125%)  route 0.425ns (61.875%))
  Logic Levels:           1  (IBUF=1)
  Clock Path Skew:        2.034ns (DCD - SCD - CPR)
    Destination Clock Delay (DCD):    2.034ns
    Source Clock Delay      (SCD):    0.000ns
    Clock Pessimism Removal (CPR):    -0.000ns
  Timing Exception:       False Path

    Location             Delay type                Incr(ns)  Path(ns)    Netlist Resource(s)
  -------------------------------------------------------------------    -------------------
    U18                                               0.000     0.000 r  Sw6 (IN)
                         net (fo=0)                   0.000     0.000    Sw6
    U18                  IBUF (Prop_ibuf_I_O)         0.262     0.262 r  Sw6_IBUF_inst/O
                         net (fo=2, routed)           0.425     0.687    divider/D[6]
    SLICE_X2Y67          FDRE                                         r  divider/y_reg[6]/D
  -------------------------------------------------------------------    -------------------

                         (clock ClkPort rise edge)    0.000     0.000 r  
    E3                                                0.000     0.000 r  ClkPort (IN)
                         net (fo=0)                   0.000     0.000    BUFGP1/I
    E3                   IBUF (Prop_ibuf_I_O)         0.438     0.438 r  BUFGP1/IBUF/O
                         net (fo=1, routed)           0.699     1.136    BUFGP1/IBUFG_2_BUFG
    BUFGCTRL_X0Y16       BUFG (Prop_bufg_I_O)         0.029     1.165 r  BUFGP1/BUFG/O
                         net (fo=78, routed)          0.869     2.034    divider/board_clk
    SLICE_X2Y67          FDRE                                         r  divider/y_reg[6]/C

Slack:                    inf
  Source:                 Sw3
                            (input port)
  Destination:            divider/y_reg[3]/D
                            (rising edge-triggered cell FDRE clocked by ClkPort  {rise@0.000ns fall@5.000ns period=10.000ns})
  Path Group:             (none)
  Path Type:              Hold (Min at Fast Process Corner)
  Data Path Delay:        0.717ns  (logic 0.245ns (34.161%)  route 0.472ns (65.839%))
  Logic Levels:           1  (IBUF=1)
  Clock Path Skew:        2.034ns (DCD - SCD - CPR)
    Destination Clock Delay (DCD):    2.034ns
    Source Clock Delay      (SCD):    0.000ns
    Clock Pessimism Removal (CPR):    -0.000ns
  Timing Exception:       False Path

    Location             Delay type                Incr(ns)  Path(ns)    Netlist Resource(s)
  -------------------------------------------------------------------    -------------------
    R15                                               0.000     0.000 r  Sw3 (IN)
                         net (fo=0)                   0.000     0.000    Sw3
    R15                  IBUF (Prop_ibuf_I_O)         0.245     0.245 r  Sw3_IBUF_inst/O
                         net (fo=2, routed)           0.472     0.717    divider/D[3]
    SLICE_X1Y67          FDRE                                         r  divider/y_reg[3]/D
  -------------------------------------------------------------------    -------------------

                         (clock ClkPort rise edge)    0.000     0.000 r  
    E3                                                0.000     0.000 r  ClkPort (IN)
                         net (fo=0)                   0.000     0.000    BUFGP1/I
    E3                   IBUF (Prop_ibuf_I_O)         0.438     0.438 r  BUFGP1/IBUF/O
                         net (fo=1, routed)           0.699     1.136    BUFGP1/IBUFG_2_BUFG
    BUFGCTRL_X0Y16       BUFG (Prop_bufg_I_O)         0.029     1.165 r  BUFGP1/BUFG/O
                         net (fo=78, routed)          0.869     2.034    divider/board_clk
    SLICE_X1Y67          FDRE                                         r  divider/y_reg[3]/C

Slack:                    inf
  Source:                 Sw13
                            (input port)
  Destination:            divider/x_reg[5]/D
                            (rising edge-triggered cell FDRE clocked by ClkPort  {rise@0.000ns fall@5.000ns period=10.000ns})
  Path Group:             (none)
  Path Type:              Hold (Min at Fast Process Corner)
  Data Path Delay:        0.743ns  (logic 0.291ns (39.128%)  route 0.452ns (60.872%))
  Logic Levels:           1  (IBUF=1)
  Clock Path Skew:        2.035ns (DCD - SCD - CPR)
    Destination Clock Delay (DCD):    2.035ns
    Source Clock Delay      (SCD):    0.000ns
    Clock Pessimism Removal (CPR):    -0.000ns
  Timing Exception:       False Path

    Location             Delay type                Incr(ns)  Path(ns)    Netlist Resource(s)
  -------------------------------------------------------------------    -------------------
    U12                                               0.000     0.000 r  Sw13 (IN)
                         net (fo=0)                   0.000     0.000    Sw13
    U12                  IBUF (Prop_ibuf_I_O)         0.291     0.291 r  Sw13_IBUF_inst/O
                         net (fo=2, routed)           0.452     0.743    divider/Sw13_IBUF
    SLICE_X2Y66          FDRE                                         r  divider/x_reg[5]/D
  -------------------------------------------------------------------    -------------------

                         (clock ClkPort rise edge)    0.000     0.000 r  
    E3                                                0.000     0.000 r  ClkPort (IN)
                         net (fo=0)                   0.000     0.000    BUFGP1/I
    E3                   IBUF (Prop_ibuf_I_O)         0.438     0.438 r  BUFGP1/IBUF/O
                         net (fo=1, routed)           0.699     1.136    BUFGP1/IBUFG_2_BUFG
    BUFGCTRL_X0Y16       BUFG (Prop_bufg_I_O)         0.029     1.165 r  BUFGP1/BUFG/O
                         net (fo=78, routed)          0.870     2.035    divider/board_clk
    SLICE_X2Y66          FDRE                                         r  divider/x_reg[5]/C

Slack:                    inf
  Source:                 Sw4
                            (input port)
  Destination:            divider/y_reg[4]/D
                            (rising edge-triggered cell FDRE clocked by ClkPort  {rise@0.000ns fall@5.000ns period=10.000ns})
  Path Group:             (none)
  Path Type:              Hold (Min at Fast Process Corner)
  Data Path Delay:        0.801ns  (logic 0.260ns (32.486%)  route 0.541ns (67.514%))
  Logic Levels:           1  (IBUF=1)
  Clock Path Skew:        2.034ns (DCD - SCD - CPR)
    Destination Clock Delay (DCD):    2.034ns
    Source Clock Delay      (SCD):    0.000ns
    Clock Pessimism Removal (CPR):    -0.000ns
  Timing Exception:       False Path

    Location             Delay type                Incr(ns)  Path(ns)    Netlist Resource(s)
  -------------------------------------------------------------------    -------------------
    R17                                               0.000     0.000 r  Sw4 (IN)
                         net (fo=0)                   0.000     0.000    Sw4
    R17                  IBUF (Prop_ibuf_I_O)         0.260     0.260 r  Sw4_IBUF_inst/O
                         net (fo=2, routed)           0.541     0.801    divider/D[4]
    SLICE_X2Y67          FDRE                                         r  divider/y_reg[4]/D
  -------------------------------------------------------------------    -------------------

                         (clock ClkPort rise edge)    0.000     0.000 r  
    E3                                                0.000     0.000 r  ClkPort (IN)
                         net (fo=0)                   0.000     0.000    BUFGP1/I
    E3                   IBUF (Prop_ibuf_I_O)         0.438     0.438 r  BUFGP1/IBUF/O
                         net (fo=1, routed)           0.699     1.136    BUFGP1/IBUFG_2_BUFG
    BUFGCTRL_X0Y16       BUFG (Prop_bufg_I_O)         0.029     1.165 r  BUFGP1/BUFG/O
                         net (fo=78, routed)          0.869     2.034    divider/board_clk
    SLICE_X2Y67          FDRE                                         r  divider/y_reg[4]/C

Slack:                    inf
  Source:                 Sw11
                            (input port)
  Destination:            divider/x_reg[3]/D
                            (rising edge-triggered cell FDRE clocked by ClkPort  {rise@0.000ns fall@5.000ns period=10.000ns})
  Path Group:             (none)
  Path Type:              Hold (Min at Fast Process Corner)
  Data Path Delay:        0.802ns  (logic 0.270ns (33.643%)  route 0.532ns (66.357%))
  Logic Levels:           1  (IBUF=1)
  Clock Path Skew:        2.036ns (DCD - SCD - CPR)
    Destination Clock Delay (DCD):    2.036ns
    Source Clock Delay      (SCD):    0.000ns
    Clock Pessimism Removal (CPR):    -0.000ns
  Timing Exception:       False Path

    Location             Delay type                Incr(ns)  Path(ns)    Netlist Resource(s)
  -------------------------------------------------------------------    -------------------
    T13                                               0.000     0.000 r  Sw11 (IN)
                         net (fo=0)                   0.000     0.000    Sw11
    T13                  IBUF (Prop_ibuf_I_O)         0.270     0.270 r  Sw11_IBUF_inst/O
                         net (fo=2, routed)           0.532     0.802    divider/Sw11_IBUF
    SLICE_X2Y65          FDRE                                         r  divider/x_reg[3]/D
  -------------------------------------------------------------------    -------------------

                         (clock ClkPort rise edge)    0.000     0.000 r  
    E3                                                0.000     0.000 r  ClkPort (IN)
                         net (fo=0)                   0.000     0.000    BUFGP1/I
    E3                   IBUF (Prop_ibuf_I_O)         0.438     0.438 r  BUFGP1/IBUF/O
                         net (fo=1, routed)           0.699     1.136    BUFGP1/IBUFG_2_BUFG
    BUFGCTRL_X0Y16       BUFG (Prop_bufg_I_O)         0.029     1.165 r  BUFGP1/BUFG/O
                         net (fo=78, routed)          0.871     2.036    divider/board_clk
    SLICE_X2Y65          FDRE                                         r  divider/x_reg[3]/C

Slack:                    inf
  Source:                 BtnC
                            (input port)
  Destination:            ee201_debouncer_1/FSM_onehot_state_reg[0]/PRE
                            (removal check against rising-edge clock ClkPort  {rise@0.000ns fall@5.000ns period=10.000ns})
  Path Group:             (none)
  Path Type:              Removal (Min at Fast Process Corner)
  Data Path Delay:        0.860ns  (logic 0.244ns (28.419%)  route 0.616ns (71.581%))
  Logic Levels:           1  (IBUF=1)
  Clock Path Skew:        2.033ns (DCD - SCD - CPR)
    Destination Clock Delay (DCD):    2.033ns
    Source Clock Delay      (SCD):    0.000ns
    Clock Pessimism Removal (CPR):    -0.000ns
  Timing Exception:       False Path

    Location             Delay type                Incr(ns)  Path(ns)    Netlist Resource(s)
  -------------------------------------------------------------------    -------------------
    N17                                               0.000     0.000 f  BtnC (IN)
                         net (fo=0)                   0.000     0.000    BtnC
    N17                  IBUF (Prop_ibuf_I_O)         0.244     0.244 f  BtnC_IBUF_inst/O
                         net (fo=35, routed)          0.616     0.860    ee201_debouncer_1/AR[0]
    SLICE_X1Y68          FDPE                                         f  ee201_debouncer_1/FSM_onehot_state_reg[0]/PRE
  -------------------------------------------------------------------    -------------------

                         (clock ClkPort rise edge)    0.000     0.000 r  
    E3                                                0.000     0.000 r  ClkPort (IN)
                         net (fo=0)                   0.000     0.000    BUFGP1/I
    E3                   IBUF (Prop_ibuf_I_O)         0.438     0.438 r  BUFGP1/IBUF/O
                         net (fo=1, routed)           0.699     1.136    BUFGP1/IBUFG_2_BUFG
    BUFGCTRL_X0Y16       BUFG (Prop_bufg_I_O)         0.029     1.165 r  BUFGP1/BUFG/O
                         net (fo=78, routed)          0.868     2.033    ee201_debouncer_1/board_clk
    SLICE_X1Y68          FDPE                                         r  ee201_debouncer_1/FSM_onehot_state_reg[0]/C

Slack:                    inf
  Source:                 BtnC
                            (input port)
  Destination:            ee201_debouncer_1/FSM_onehot_state_reg[1]/CLR
                            (removal check against rising-edge clock ClkPort  {rise@0.000ns fall@5.000ns period=10.000ns})
  Path Group:             (none)
  Path Type:              Removal (Min at Fast Process Corner)
  Data Path Delay:        0.860ns  (logic 0.244ns (28.419%)  route 0.616ns (71.581%))
  Logic Levels:           1  (IBUF=1)
  Clock Path Skew:        2.033ns (DCD - SCD - CPR)
    Destination Clock Delay (DCD):    2.033ns
    Source Clock Delay      (SCD):    0.000ns
    Clock Pessimism Removal (CPR):    -0.000ns
  Timing Exception:       False Path

    Location             Delay type                Incr(ns)  Path(ns)    Netlist Resource(s)
  -------------------------------------------------------------------    -------------------
    N17                                               0.000     0.000 f  BtnC (IN)
                         net (fo=0)                   0.000     0.000    BtnC
    N17                  IBUF (Prop_ibuf_I_O)         0.244     0.244 f  BtnC_IBUF_inst/O
                         net (fo=35, routed)          0.616     0.860    ee201_debouncer_1/AR[0]
    SLICE_X1Y68          FDCE                                         f  ee201_debouncer_1/FSM_onehot_state_reg[1]/CLR
  -------------------------------------------------------------------    -------------------

                         (clock ClkPort rise edge)    0.000     0.000 r  
    E3                                                0.000     0.000 r  ClkPort (IN)
                         net (fo=0)                   0.000     0.000    BUFGP1/I
    E3                   IBUF (Prop_ibuf_I_O)         0.438     0.438 r  BUFGP1/IBUF/O
                         net (fo=1, routed)           0.699     1.136    BUFGP1/IBUFG_2_BUFG
    BUFGCTRL_X0Y16       BUFG (Prop_bufg_I_O)         0.029     1.165 r  BUFGP1/BUFG/O
                         net (fo=78, routed)          0.868     2.033    ee201_debouncer_1/board_clk
    SLICE_X1Y68          FDCE                                         r  ee201_debouncer_1/FSM_onehot_state_reg[1]/C

Slack:                    inf
  Source:                 Sw10
                            (input port)
  Destination:            divider/x_reg[2]/D
                            (rising edge-triggered cell FDRE clocked by ClkPort  {rise@0.000ns fall@5.000ns period=10.000ns})
  Path Group:             (none)
  Path Type:              Hold (Min at Fast Process Corner)
  Data Path Delay:        0.861ns  (logic 0.250ns (29.022%)  route 0.611ns (70.978%))
  Logic Levels:           1  (IBUF=1)
  Clock Path Skew:        2.035ns (DCD - SCD - CPR)
    Destination Clock Delay (DCD):    2.035ns
    Source Clock Delay      (SCD):    0.000ns
    Clock Pessimism Removal (CPR):    -0.000ns
  Timing Exception:       False Path

    Location             Delay type                Incr(ns)  Path(ns)    Netlist Resource(s)
  -------------------------------------------------------------------    -------------------
    R16                                               0.000     0.000 r  Sw10 (IN)
                         net (fo=0)                   0.000     0.000    Sw10
    R16                  IBUF (Prop_ibuf_I_O)         0.250     0.250 r  Sw10_IBUF_inst/O
                         net (fo=2, routed)           0.611     0.861    divider/Sw10_IBUF
    SLICE_X2Y66          FDRE                                         r  divider/x_reg[2]/D
  -------------------------------------------------------------------    -------------------

                         (clock ClkPort rise edge)    0.000     0.000 r  
    E3                                                0.000     0.000 r  ClkPort (IN)
                         net (fo=0)                   0.000     0.000    BUFGP1/I
    E3                   IBUF (Prop_ibuf_I_O)         0.438     0.438 r  BUFGP1/IBUF/O
                         net (fo=1, routed)           0.699     1.136    BUFGP1/IBUFG_2_BUFG
    BUFGCTRL_X0Y16       BUFG (Prop_bufg_I_O)         0.029     1.165 r  BUFGP1/BUFG/O
                         net (fo=78, routed)          0.870     2.035    divider/board_clk
    SLICE_X2Y66          FDRE                                         r  divider/x_reg[2]/C

Slack:                    inf
  Source:                 Sw15
                            (input port)
  Destination:            divider/x_reg[7]/D
                            (rising edge-triggered cell FDRE clocked by ClkPort  {rise@0.000ns fall@5.000ns period=10.000ns})
  Path Group:             (none)
  Path Type:              Hold (Min at Fast Process Corner)
  Data Path Delay:        0.871ns  (logic 0.292ns (33.472%)  route 0.579ns (66.528%))
  Logic Levels:           1  (IBUF=1)
  Clock Path Skew:        2.035ns (DCD - SCD - CPR)
    Destination Clock Delay (DCD):    2.035ns
    Source Clock Delay      (SCD):    0.000ns
    Clock Pessimism Removal (CPR):    -0.000ns
  Timing Exception:       False Path

    Location             Delay type                Incr(ns)  Path(ns)    Netlist Resource(s)
  -------------------------------------------------------------------    -------------------
    V10                                               0.000     0.000 r  Sw15 (IN)
                         net (fo=0)                   0.000     0.000    Sw15
    V10                  IBUF (Prop_ibuf_I_O)         0.292     0.292 r  Sw15_IBUF_inst/O
                         net (fo=2, routed)           0.579     0.871    divider/Sw15_IBUF
    SLICE_X2Y66          FDRE                                         r  divider/x_reg[7]/D
  -------------------------------------------------------------------    -------------------

                         (clock ClkPort rise edge)    0.000     0.000 r  
    E3                                                0.000     0.000 r  ClkPort (IN)
                         net (fo=0)                   0.000     0.000    BUFGP1/I
    E3                   IBUF (Prop_ibuf_I_O)         0.438     0.438 r  BUFGP1/IBUF/O
                         net (fo=1, routed)           0.699     1.136    BUFGP1/IBUFG_2_BUFG
    BUFGCTRL_X0Y16       BUFG (Prop_bufg_I_O)         0.029     1.165 r  BUFGP1/BUFG/O
                         net (fo=78, routed)          0.870     2.035    divider/board_clk
    SLICE_X2Y66          FDRE                                         r  divider/x_reg[7]/C

Slack:                    inf
  Source:                 Sw14
                            (input port)
  Destination:            divider/x_reg[6]/D
                            (rising edge-triggered cell FDRE clocked by ClkPort  {rise@0.000ns fall@5.000ns period=10.000ns})
  Path Group:             (none)
  Path Type:              Hold (Min at Fast Process Corner)
  Data Path Delay:        0.876ns  (logic 0.277ns (31.674%)  route 0.598ns (68.326%))
  Logic Levels:           1  (IBUF=1)
  Clock Path Skew:        2.035ns (DCD - SCD - CPR)
    Destination Clock Delay (DCD):    2.035ns
    Source Clock Delay      (SCD):    0.000ns
    Clock Pessimism Removal (CPR):    -0.000ns
  Timing Exception:       False Path

    Location             Delay type                Incr(ns)  Path(ns)    Netlist Resource(s)
  -------------------------------------------------------------------    -------------------
    U11                                               0.000     0.000 r  Sw14 (IN)
                         net (fo=0)                   0.000     0.000    Sw14
    U11                  IBUF (Prop_ibuf_I_O)         0.277     0.277 r  Sw14_IBUF_inst/O
                         net (fo=2, routed)           0.598     0.876    divider/Sw14_IBUF
    SLICE_X2Y66          FDRE                                         r  divider/x_reg[6]/D
  -------------------------------------------------------------------    -------------------

                         (clock ClkPort rise edge)    0.000     0.000 r  
    E3                                                0.000     0.000 r  ClkPort (IN)
                         net (fo=0)                   0.000     0.000    BUFGP1/I
    E3                   IBUF (Prop_ibuf_I_O)         0.438     0.438 r  BUFGP1/IBUF/O
                         net (fo=1, routed)           0.699     1.136    BUFGP1/IBUFG_2_BUFG
    BUFGCTRL_X0Y16       BUFG (Prop_bufg_I_O)         0.029     1.165 r  BUFGP1/BUFG/O
                         net (fo=78, routed)          0.870     2.035    divider/board_clk
    SLICE_X2Y66          FDRE                                         r  divider/x_reg[6]/C





