Copyright 1986-2022 Xilinx, Inc. All Rights Reserved. Copyright 2022-2025 Advanced Micro Devices, Inc. All Rights Reserved.
---------------------------------------------------------------------------------------------------------------------------------------------------------------------------------------------------------------------------------------------------
| Tool Version : Vivado v.2025.1 (win64) Build 6140274 Thu May 22 00:12:29 MDT 2025
| Date         : Thu Oct  2 18:46:09 2025
| Host         : TmacComputer running 64-bit major release  (build 9200)
| Command      : report_timing_summary -max_paths 10 -routable_nets -report_unconstrained -file ee354_GCD_top_timing_summary_routed.rpt -pb ee354_GCD_top_timing_summary_routed.pb -rpx ee354_GCD_top_timing_summary_routed.rpx -warn_on_violation
| Design       : ee354_GCD_top
| Device       : 7a100t-csg324
| Speed File   : -1  PRODUCTION 1.23 2018-06-13
| Design State : Routed
---------------------------------------------------------------------------------------------------------------------------------------------------------------------------------------------------------------------------------------------------

Timing Summary Report

------------------------------------------------------------------------------------------------
| Timer Settings
| --------------
------------------------------------------------------------------------------------------------

  Enable Multi Corner Analysis               :  Yes
  Enable Pessimism Removal                   :  Yes
  Pessimism Removal Resolution               :  Nearest Common Node
  Enable Input Delay Default Clock           :  No
  Enable Preset / Clear Arcs                 :  No
  Disable Flight Delays                      :  No
  Ignore I/O Paths                           :  No
  Timing Early Launch at Borrowing Latches   :  No
  Borrow Time for Max Delay Exceptions       :  Yes
  Merge Timing Exceptions                    :  Yes
  Inter-SLR Compensation                     :  Conservative

  Corner  Analyze    Analyze    
  Name    Max Paths  Min Paths  
  ------  ---------  ---------  
  Slow    Yes        Yes        
  Fast    Yes        Yes        


------------------------------------------------------------------------------------------------
| Report Methodology
| ------------------
------------------------------------------------------------------------------------------------

Rule       Severity  Description                     Violations  
---------  --------  ------------------------------  ----------  
LUTAR-1    Warning   LUT drives async reset alert    32          
TIMING-18  Warning   Missing input or output delay   27          
TIMING-20  Warning   Non-clocked latch               16          
LATCH-1    Advisory  Existing latches in the design  1           

Note: This report is based on the most recent report_methodology run and may not be up-to-date. Run report_methodology on the current design for the latest report.



check_timing report

Table of Contents
-----------------
1. checking no_clock (32)
2. checking constant_clock (0)
3. checking pulse_width_clock (0)
4. checking unconstrained_internal_endpoints (16)
5. checking no_input_delay (12)
6. checking no_output_delay (15)
7. checking multiple_clock (0)
8. checking generated_clocks (0)
9. checking loops (0)
10. checking partial_input_delay (0)
11. checking partial_output_delay (0)
12. checking latch_loops (0)

1. checking no_clock (32)
-------------------------
 There are 16 register/latch pins with no clock driven by root clock pin: BtnC (HIGH)

 There is 1 register/latch pin with no clock driven by root clock pin: Ain_reg[0]/Q (HIGH)

 There is 1 register/latch pin with no clock driven by root clock pin: Ain_reg[1]/Q (HIGH)

 There is 1 register/latch pin with no clock driven by root clock pin: Ain_reg[2]/Q (HIGH)

 There is 1 register/latch pin with no clock driven by root clock pin: Ain_reg[3]/Q (HIGH)

 There is 1 register/latch pin with no clock driven by root clock pin: Ain_reg[4]/Q (HIGH)

 There is 1 register/latch pin with no clock driven by root clock pin: Ain_reg[5]/Q (HIGH)

 There is 1 register/latch pin with no clock driven by root clock pin: Ain_reg[6]/Q (HIGH)

 There is 1 register/latch pin with no clock driven by root clock pin: Ain_reg[7]/Q (HIGH)

 There is 1 register/latch pin with no clock driven by root clock pin: Bin_reg[0]/Q (HIGH)

 There is 1 register/latch pin with no clock driven by root clock pin: Bin_reg[1]/Q (HIGH)

 There is 1 register/latch pin with no clock driven by root clock pin: Bin_reg[2]/Q (HIGH)

 There is 1 register/latch pin with no clock driven by root clock pin: Bin_reg[3]/Q (HIGH)

 There is 1 register/latch pin with no clock driven by root clock pin: Bin_reg[4]/Q (HIGH)

 There is 1 register/latch pin with no clock driven by root clock pin: Bin_reg[5]/Q (HIGH)

 There is 1 register/latch pin with no clock driven by root clock pin: Bin_reg[6]/Q (HIGH)

 There is 1 register/latch pin with no clock driven by root clock pin: Bin_reg[7]/Q (HIGH)


2. checking constant_clock (0)
------------------------------
 There are 0 register/latch pins with constant_clock.


3. checking pulse_width_clock (0)
---------------------------------
 There are 0 register/latch pins which need pulse_width check


4. checking unconstrained_internal_endpoints (16)
-------------------------------------------------
 There are 16 pins that are not constrained for maximum delay. (HIGH)

 There are 0 pins that are not constrained for maximum delay due to constant clock.


5. checking no_input_delay (12)
-------------------------------
 There are 12 input ports with no input delay specified. (HIGH)

 There are 0 input ports with no input delay but user has a false path constraint.


6. checking no_output_delay (15)
--------------------------------
 There are 15 ports with no output delay specified. (HIGH)

 There are 0 ports with no output delay but user has a false path constraint

 There are 0 ports with no output delay but with a timing clock defined on it or propagating through it


7. checking multiple_clock (0)
------------------------------
 There are 0 register/latch pins with multiple clocks.


8. checking generated_clocks (0)
--------------------------------
 There are 0 generated clocks that are not connected to a clock source.


9. checking loops (0)
---------------------
 There are 0 combinational loops in the design.


10. checking partial_input_delay (0)
------------------------------------
 There are 0 input ports with partial input delay specified.


11. checking partial_output_delay (0)
-------------------------------------
 There are 0 ports with partial output delay specified.


12. checking latch_loops (0)
----------------------------
 There are 0 combinational latch loops in the design through latch input



------------------------------------------------------------------------------------------------
| Design Timing Summary
| ---------------------
------------------------------------------------------------------------------------------------

    WNS(ns)      TNS(ns)  TNS Failing Endpoints  TNS Total Endpoints      WHS(ns)      THS(ns)  THS Failing Endpoints  THS Total Endpoints     WPWS(ns)     TPWS(ns)  TPWS Failing Endpoints  TPWS Total Endpoints  
    -------      -------  ---------------------  -------------------      -------      -------  ---------------------  -------------------     --------     --------  ----------------------  --------------------  
      3.466        0.000                      0                  477        0.152        0.000                      0                  477        4.500        0.000                       0                   198  


All user specified timing constraints are met.


------------------------------------------------------------------------------------------------
| Clock Summary
| -------------
------------------------------------------------------------------------------------------------

Clock    Waveform(ns)       Period(ns)      Frequency(MHz)
-----    ------------       ----------      --------------
ClkPort  {0.000 5.000}      10.000          100.000         


------------------------------------------------------------------------------------------------
| Intra Clock Table
| -----------------
------------------------------------------------------------------------------------------------

Clock             WNS(ns)      TNS(ns)  TNS Failing Endpoints  TNS Total Endpoints      WHS(ns)      THS(ns)  THS Failing Endpoints  THS Total Endpoints     WPWS(ns)     TPWS(ns)  TPWS Failing Endpoints  TPWS Total Endpoints  
-----             -------      -------  ---------------------  -------------------      -------      -------  ---------------------  -------------------     --------     --------  ----------------------  --------------------  
ClkPort             3.466        0.000                      0                  445        0.152        0.000                      0                  445        4.500        0.000                       0                   198  


------------------------------------------------------------------------------------------------
| Inter Clock Table
| -----------------
------------------------------------------------------------------------------------------------

From Clock    To Clock          WNS(ns)      TNS(ns)  TNS Failing Endpoints  TNS Total Endpoints      WHS(ns)      THS(ns)  THS Failing Endpoints  THS Total Endpoints  
----------    --------          -------      -------  ---------------------  -------------------      -------      -------  ---------------------  -------------------  


------------------------------------------------------------------------------------------------
| Other Path Groups Table
| -----------------------
------------------------------------------------------------------------------------------------

Path Group         From Clock         To Clock               WNS(ns)      TNS(ns)  TNS Failing Endpoints  TNS Total Endpoints      WHS(ns)      THS(ns)  THS Failing Endpoints  THS Total Endpoints  
----------         ----------         --------               -------      -------  ---------------------  -------------------      -------      -------  ---------------------  -------------------  
**async_default**  ClkPort            ClkPort                  6.551        0.000                      0                   32        0.575        0.000                      0                   32  


------------------------------------------------------------------------------------------------
| User Ignored Path Table
| -----------------------
------------------------------------------------------------------------------------------------

Path Group    From Clock    To Clock    
----------    ----------    --------    


------------------------------------------------------------------------------------------------
| Unconstrained Path Table
| ------------------------
------------------------------------------------------------------------------------------------

Path Group    From Clock    To Clock    
----------    ----------    --------    
(none)                                    
(none)        ClkPort                     
(none)                      ClkPort       


------------------------------------------------------------------------------------------------
| Timing Details
| --------------
------------------------------------------------------------------------------------------------


---------------------------------------------------------------------------------------------------
From Clock:  ClkPort
  To Clock:  ClkPort

Setup :            0  Failing Endpoints,  Worst Slack        3.466ns,  Total Violation        0.000ns
Hold  :            0  Failing Endpoints,  Worst Slack        0.152ns,  Total Violation        0.000ns
PW    :            0  Failing Endpoints,  Worst Slack        4.500ns,  Total Violation        0.000ns
---------------------------------------------------------------------------------------------------


Max Delay Paths
--------------------------------------------------------------------------------------
Slack (MET) :             3.466ns  (required time - arrival time)
  Source:                 ee354_GCD_1/B_reg[0]_P/C
                            (rising edge-triggered cell FDPE clocked by ClkPort  {rise@0.000ns fall@5.000ns period=10.000ns})
  Destination:            ee354_GCD_1/B_reg[6]_C/D
                            (rising edge-triggered cell FDCE clocked by ClkPort  {rise@0.000ns fall@5.000ns period=10.000ns})
  Path Group:             ClkPort
  Path Type:              Setup (Max at Slow Process Corner)
  Requirement:            10.000ns  (ClkPort rise@10.000ns - ClkPort rise@0.000ns)
  Data Path Delay:        6.197ns  (logic 1.708ns (27.564%)  route 4.489ns (72.436%))
  Logic Levels:           5  (CARRY4=1 LUT3=2 LUT6=2)
  Clock Path Skew:        -0.033ns (DCD - SCD + CPR)
    Destination Clock Delay (DCD):    5.026ns = ( 15.026 - 10.000 ) 
    Source Clock Delay      (SCD):    5.318ns
    Clock Pessimism Removal (CPR):    0.259ns
  Clock Uncertainty:      0.035ns  ((TSJ^2 + TIJ^2)^1/2 + DJ) / 2 + PE
    Total System Jitter     (TSJ):    0.071ns
    Total Input Jitter      (TIJ):    0.000ns
    Discrete Jitter          (DJ):    0.000ns
    Phase Error              (PE):    0.000ns

    Location             Delay type                Incr(ns)  Path(ns)    Netlist Resource(s)
  -------------------------------------------------------------------    -------------------
                         (clock ClkPort rise edge)    0.000     0.000 r  
    E3                                                0.000     0.000 r  ClkPort (IN)
                         net (fo=0)                   0.000     0.000    BUFGP1/I
    E3                   IBUF (Prop_ibuf_I_O)         1.482     1.482 r  BUFGP1/IBUF/O
                         net (fo=1, routed)           2.025     3.506    BUFGP1/IBUFG_2_BUFG
    BUFGCTRL_X0Y16       BUFG (Prop_bufg_I_O)         0.096     3.602 r  BUFGP1/BUFG/O
                         net (fo=197, routed)         1.715     5.318    ee354_GCD_1/board_clk
    SLICE_X4Y82          FDPE                                         r  ee354_GCD_1/B_reg[0]_P/C
  -------------------------------------------------------------------    -------------------
    SLICE_X4Y82          FDPE (Prop_fdpe_C_Q)         0.456     5.774 r  ee354_GCD_1/B_reg[0]_P/Q
                         net (fo=5, routed)           0.846     6.620    ee354_GCD_1/B_reg[0]_P_n_0
    SLICE_X5Y82          LUT3 (Prop_lut3_I0_O)        0.152     6.772 r  ee354_GCD_1/A[0]_P_i_2/O
                         net (fo=7, routed)           0.760     7.532    ee354_GCD_1/A[0]_P_i_2_n_0
    SLICE_X5Y84          LUT6 (Prop_lut6_I0_O)        0.332     7.864 r  ee354_GCD_1/i_count1_carry_i_4/O
                         net (fo=1, routed)           0.404     8.267    ee354_GCD_1/i_count1_carry_i_4_n_0
    SLICE_X4Y84          CARRY4 (Prop_carry4_DI[0]_CO[3])
                                                      0.526     8.793 r  ee354_GCD_1/i_count1_carry/CO[3]
                         net (fo=27, routed)          0.862     9.655    ee354_GCD_1/i_count1_carry_n_0
    SLICE_X7Y82          LUT6 (Prop_lut6_I3_O)        0.124     9.779 r  ee354_GCD_1/B[7]_P_i_1/O
                         net (fo=16, routed)          0.977    10.757    ee354_GCD_1/B[7]_P_i_1_n_0
    SLICE_X4Y86          LUT3 (Prop_lut3_I1_O)        0.118    10.875 r  ee354_GCD_1/B[6]_C_i_1/O
                         net (fo=1, routed)           0.640    11.514    ee354_GCD_1/B[6]_C_i_1_n_0
    SLICE_X3Y89          FDCE                                         r  ee354_GCD_1/B_reg[6]_C/D
  -------------------------------------------------------------------    -------------------

                         (clock ClkPort rise edge)   10.000    10.000 r  
    E3                                                0.000    10.000 r  ClkPort (IN)
                         net (fo=0)                   0.000    10.000    BUFGP1/I
    E3                   IBUF (Prop_ibuf_I_O)         1.411    11.411 r  BUFGP1/IBUF/O
                         net (fo=1, routed)           1.920    13.331    BUFGP1/IBUFG_2_BUFG
    BUFGCTRL_X0Y16       BUFG (Prop_bufg_I_O)         0.091    13.422 r  BUFGP1/BUFG/O
                         net (fo=197, routed)         1.603    15.026    ee354_GCD_1/board_clk
    SLICE_X3Y89          FDCE                                         r  ee354_GCD_1/B_reg[6]_C/C
                         clock pessimism              0.259    15.285    
                         clock uncertainty           -0.035    15.249    
    SLICE_X3Y89          FDCE (Setup_fdce_C_D)       -0.269    14.980    ee354_GCD_1/B_reg[6]_C
  -------------------------------------------------------------------
                         required time                         14.980    
                         arrival time                         -11.514    
  -------------------------------------------------------------------
                         slack                                  3.466    

Slack (MET) :             3.516ns  (required time - arrival time)
  Source:                 ee354_GCD_1/B_reg[0]_P/C
                            (rising edge-triggered cell FDPE clocked by ClkPort  {rise@0.000ns fall@5.000ns period=10.000ns})
  Destination:            ee354_GCD_1/B_reg[1]_C/D
                            (rising edge-triggered cell FDCE clocked by ClkPort  {rise@0.000ns fall@5.000ns period=10.000ns})
  Path Group:             ClkPort
  Path Type:              Setup (Max at Slow Process Corner)
  Requirement:            10.000ns  (ClkPort rise@10.000ns - ClkPort rise@0.000ns)
  Data Path Delay:        6.061ns  (logic 1.742ns (28.741%)  route 4.319ns (71.259%))
  Logic Levels:           5  (CARRY4=1 LUT3=2 LUT6=2)
  Clock Path Skew:        -0.119ns (DCD - SCD + CPR)
    Destination Clock Delay (DCD):    4.940ns = ( 14.940 - 10.000 ) 
    Source Clock Delay      (SCD):    5.318ns
    Clock Pessimism Removal (CPR):    0.259ns
  Clock Uncertainty:      0.035ns  ((TSJ^2 + TIJ^2)^1/2 + DJ) / 2 + PE
    Total System Jitter     (TSJ):    0.071ns
    Total Input Jitter      (TIJ):    0.000ns
    Discrete Jitter          (DJ):    0.000ns
    Phase Error              (PE):    0.000ns

    Location             Delay type                Incr(ns)  Path(ns)    Netlist Resource(s)
  -------------------------------------------------------------------    -------------------
                         (clock ClkPort rise edge)    0.000     0.000 r  
    E3                                                0.000     0.000 r  ClkPort (IN)
                         net (fo=0)                   0.000     0.000    BUFGP1/I
    E3                   IBUF (Prop_ibuf_I_O)         1.482     1.482 r  BUFGP1/IBUF/O
                         net (fo=1, routed)           2.025     3.506    BUFGP1/IBUFG_2_BUFG
    BUFGCTRL_X0Y16       BUFG (Prop_bufg_I_O)         0.096     3.602 r  BUFGP1/BUFG/O
                         net (fo=197, routed)         1.715     5.318    ee354_GCD_1/board_clk
    SLICE_X4Y82          FDPE                                         r  ee354_GCD_1/B_reg[0]_P/C
  -------------------------------------------------------------------    -------------------
    SLICE_X4Y82          FDPE (Prop_fdpe_C_Q)         0.456     5.774 r  ee354_GCD_1/B_reg[0]_P/Q
                         net (fo=5, routed)           0.846     6.620    ee354_GCD_1/B_reg[0]_P_n_0
    SLICE_X5Y82          LUT3 (Prop_lut3_I0_O)        0.152     6.772 r  ee354_GCD_1/A[0]_P_i_2/O
                         net (fo=7, routed)           0.760     7.532    ee354_GCD_1/A[0]_P_i_2_n_0
    SLICE_X5Y84          LUT6 (Prop_lut6_I0_O)        0.332     7.864 r  ee354_GCD_1/i_count1_carry_i_4/O
                         net (fo=1, routed)           0.404     8.267    ee354_GCD_1/i_count1_carry_i_4_n_0
    SLICE_X4Y84          CARRY4 (Prop_carry4_DI[0]_CO[3])
                                                      0.526     8.793 r  ee354_GCD_1/i_count1_carry/CO[3]
                         net (fo=27, routed)          0.862     9.655    ee354_GCD_1/i_count1_carry_n_0
    SLICE_X7Y82          LUT6 (Prop_lut6_I3_O)        0.124     9.779 r  ee354_GCD_1/B[7]_P_i_1/O
                         net (fo=16, routed)          0.891    10.670    ee354_GCD_1/B[7]_P_i_1_n_0
    SLICE_X7Y83          LUT3 (Prop_lut3_I1_O)        0.152    10.822 r  ee354_GCD_1/B[1]_C_i_1/O
                         net (fo=1, routed)           0.557    11.379    ee354_GCD_1/B[1]_C_i_1_n_0
    SLICE_X9Y83          FDCE                                         r  ee354_GCD_1/B_reg[1]_C/D
  -------------------------------------------------------------------    -------------------

                         (clock ClkPort rise edge)   10.000    10.000 r  
    E3                                                0.000    10.000 r  ClkPort (IN)
                         net (fo=0)                   0.000    10.000    BUFGP1/I
    E3                   IBUF (Prop_ibuf_I_O)         1.411    11.411 r  BUFGP1/IBUF/O
                         net (fo=1, routed)           1.920    13.331    BUFGP1/IBUFG_2_BUFG
    BUFGCTRL_X0Y16       BUFG (Prop_bufg_I_O)         0.091    13.422 r  BUFGP1/BUFG/O
                         net (fo=197, routed)         1.517    14.940    ee354_GCD_1/board_clk
    SLICE_X9Y83          FDCE                                         r  ee354_GCD_1/B_reg[1]_C/C
                         clock pessimism              0.259    15.199    
                         clock uncertainty           -0.035    15.163    
    SLICE_X9Y83          FDCE (Setup_fdce_C_D)       -0.269    14.894    ee354_GCD_1/B_reg[1]_C
  -------------------------------------------------------------------
                         required time                         14.894    
                         arrival time                         -11.379    
  -------------------------------------------------------------------
                         slack                                  3.516    

Slack (MET) :             3.615ns  (required time - arrival time)
  Source:                 ee354_GCD_1/B_reg[0]_P/C
                            (rising edge-triggered cell FDPE clocked by ClkPort  {rise@0.000ns fall@5.000ns period=10.000ns})
  Destination:            ee354_GCD_1/B_reg[3]_C/D
                            (rising edge-triggered cell FDCE clocked by ClkPort  {rise@0.000ns fall@5.000ns period=10.000ns})
  Path Group:             ClkPort
  Path Type:              Setup (Max at Slow Process Corner)
  Requirement:            10.000ns  (ClkPort rise@10.000ns - ClkPort rise@0.000ns)
  Data Path Delay:        6.001ns  (logic 1.740ns (28.994%)  route 4.261ns (71.006%))
  Logic Levels:           5  (CARRY4=1 LUT3=2 LUT6=2)
  Clock Path Skew:        -0.115ns (DCD - SCD + CPR)
    Destination Clock Delay (DCD):    4.944ns = ( 14.944 - 10.000 ) 
    Source Clock Delay      (SCD):    5.318ns
    Clock Pessimism Removal (CPR):    0.259ns
  Clock Uncertainty:      0.035ns  ((TSJ^2 + TIJ^2)^1/2 + DJ) / 2 + PE
    Total System Jitter     (TSJ):    0.071ns
    Total Input Jitter      (TIJ):    0.000ns
    Discrete Jitter          (DJ):    0.000ns
    Phase Error              (PE):    0.000ns

    Location             Delay type                Incr(ns)  Path(ns)    Netlist Resource(s)
  -------------------------------------------------------------------    -------------------
                         (clock ClkPort rise edge)    0.000     0.000 r  
    E3                                                0.000     0.000 r  ClkPort (IN)
                         net (fo=0)                   0.000     0.000    BUFGP1/I
    E3                   IBUF (Prop_ibuf_I_O)         1.482     1.482 r  BUFGP1/IBUF/O
                         net (fo=1, routed)           2.025     3.506    BUFGP1/IBUFG_2_BUFG
    BUFGCTRL_X0Y16       BUFG (Prop_bufg_I_O)         0.096     3.602 r  BUFGP1/BUFG/O
                         net (fo=197, routed)         1.715     5.318    ee354_GCD_1/board_clk
    SLICE_X4Y82          FDPE                                         r  ee354_GCD_1/B_reg[0]_P/C
  -------------------------------------------------------------------    -------------------
    SLICE_X4Y82          FDPE (Prop_fdpe_C_Q)         0.456     5.774 r  ee354_GCD_1/B_reg[0]_P/Q
                         net (fo=5, routed)           0.846     6.620    ee354_GCD_1/B_reg[0]_P_n_0
    SLICE_X5Y82          LUT3 (Prop_lut3_I0_O)        0.152     6.772 r  ee354_GCD_1/A[0]_P_i_2/O
                         net (fo=7, routed)           0.760     7.532    ee354_GCD_1/A[0]_P_i_2_n_0
    SLICE_X5Y84          LUT6 (Prop_lut6_I0_O)        0.332     7.864 r  ee354_GCD_1/i_count1_carry_i_4/O
                         net (fo=1, routed)           0.404     8.267    ee354_GCD_1/i_count1_carry_i_4_n_0
    SLICE_X4Y84          CARRY4 (Prop_carry4_DI[0]_CO[3])
                                                      0.526     8.793 r  ee354_GCD_1/i_count1_carry/CO[3]
                         net (fo=27, routed)          0.862     9.655    ee354_GCD_1/i_count1_carry_n_0
    SLICE_X7Y82          LUT6 (Prop_lut6_I3_O)        0.124     9.779 r  ee354_GCD_1/B[7]_P_i_1/O
                         net (fo=16, routed)          1.050    10.829    ee354_GCD_1/B[7]_P_i_1_n_0
    SLICE_X9Y84          LUT3 (Prop_lut3_I1_O)        0.150    10.979 r  ee354_GCD_1/B[3]_C_i_1/O
                         net (fo=1, routed)           0.340    11.319    ee354_GCD_1/B[3]_C_i_1_n_0
    SLICE_X10Y84         FDCE                                         r  ee354_GCD_1/B_reg[3]_C/D
  -------------------------------------------------------------------    -------------------

                         (clock ClkPort rise edge)   10.000    10.000 r  
    E3                                                0.000    10.000 r  ClkPort (IN)
                         net (fo=0)                   0.000    10.000    BUFGP1/I
    E3                   IBUF (Prop_ibuf_I_O)         1.411    11.411 r  BUFGP1/IBUF/O
                         net (fo=1, routed)           1.920    13.331    BUFGP1/IBUFG_2_BUFG
    BUFGCTRL_X0Y16       BUFG (Prop_bufg_I_O)         0.091    13.422 r  BUFGP1/BUFG/O
                         net (fo=197, routed)         1.521    14.944    ee354_GCD_1/board_clk
    SLICE_X10Y84         FDCE                                         r  ee354_GCD_1/B_reg[3]_C/C
                         clock pessimism              0.259    15.203    
                         clock uncertainty           -0.035    15.167    
    SLICE_X10Y84         FDCE (Setup_fdce_C_D)       -0.233    14.934    ee354_GCD_1/B_reg[3]_C
  -------------------------------------------------------------------
                         required time                         14.934    
                         arrival time                         -11.319    
  -------------------------------------------------------------------
                         slack                                  3.615    

Slack (MET) :             3.623ns  (required time - arrival time)
  Source:                 ee354_GCD_1/A_reg[6]_P/C
                            (rising edge-triggered cell FDPE clocked by ClkPort  {rise@0.000ns fall@5.000ns period=10.000ns})
  Destination:            ee354_GCD_1/B_reg[4]_C/D
                            (rising edge-triggered cell FDCE clocked by ClkPort  {rise@0.000ns fall@5.000ns period=10.000ns})
  Path Group:             ClkPort
  Path Type:              Setup (Max at Slow Process Corner)
  Requirement:            10.000ns  (ClkPort rise@10.000ns - ClkPort rise@0.000ns)
  Data Path Delay:        6.022ns  (logic 1.601ns (26.584%)  route 4.421ns (73.416%))
  Logic Levels:           5  (CARRY4=1 LUT3=2 LUT5=1 LUT6=1)
  Clock Path Skew:        -0.050ns (DCD - SCD + CPR)
    Destination Clock Delay (DCD):    5.015ns = ( 15.015 - 10.000 ) 
    Source Clock Delay      (SCD):    5.324ns
    Clock Pessimism Removal (CPR):    0.259ns
  Clock Uncertainty:      0.035ns  ((TSJ^2 + TIJ^2)^1/2 + DJ) / 2 + PE
    Total System Jitter     (TSJ):    0.071ns
    Total Input Jitter      (TIJ):    0.000ns
    Discrete Jitter          (DJ):    0.000ns
    Phase Error              (PE):    0.000ns

    Location             Delay type                Incr(ns)  Path(ns)    Netlist Resource(s)
  -------------------------------------------------------------------    -------------------
                         (clock ClkPort rise edge)    0.000     0.000 r  
    E3                                                0.000     0.000 r  ClkPort (IN)
                         net (fo=0)                   0.000     0.000    BUFGP1/I
    E3                   IBUF (Prop_ibuf_I_O)         1.482     1.482 r  BUFGP1/IBUF/O
                         net (fo=1, routed)           2.025     3.506    BUFGP1/IBUFG_2_BUFG
    BUFGCTRL_X0Y16       BUFG (Prop_bufg_I_O)         0.096     3.602 r  BUFGP1/BUFG/O
                         net (fo=197, routed)         1.721     5.324    ee354_GCD_1/board_clk
    SLICE_X3Y87          FDPE                                         r  ee354_GCD_1/A_reg[6]_P/C
  -------------------------------------------------------------------    -------------------
    SLICE_X3Y87          FDPE (Prop_fdpe_C_Q)         0.456     5.780 f  ee354_GCD_1/A_reg[6]_P/Q
                         net (fo=4, routed)           0.817     6.597    ee354_GCD_1/A_reg[6]_P_n_0
    SLICE_X3Y86          LUT3 (Prop_lut3_I0_O)        0.152     6.749 f  ee354_GCD_1/i__carry__0_i_1/O
                         net (fo=7, routed)           0.984     7.733    ee354_GCD_1/i__carry__0_i_1_n_0
    SLICE_X4Y85          LUT6 (Prop_lut6_I3_O)        0.332     8.065 r  ee354_GCD_1/i_count1_carry_i_1/O
                         net (fo=1, routed)           0.343     8.408    ee354_GCD_1/i_count1_carry_i_1_n_0
    SLICE_X4Y84          CARRY4 (Prop_carry4_DI[3]_CO[3])
                                                      0.385     8.793 r  ee354_GCD_1/i_count1_carry/CO[3]
                         net (fo=27, routed)          0.827     9.620    ee354_GCD_1/i_count1_carry_n_0
    SLICE_X5Y83          LUT5 (Prop_lut5_I3_O)        0.124     9.744 r  ee354_GCD_1/B[4]_P_i_1/O
                         net (fo=2, routed)           0.959    10.703    ee354_GCD_1/B[4]
    SLICE_X5Y81          LUT3 (Prop_lut3_I0_O)        0.152    10.855 r  ee354_GCD_1/B[4]_C_i_1/O
                         net (fo=1, routed)           0.491    11.346    ee354_GCD_1/B[4]_C_i_1_n_0
    SLICE_X4Y80          FDCE                                         r  ee354_GCD_1/B_reg[4]_C/D
  -------------------------------------------------------------------    -------------------

                         (clock ClkPort rise edge)   10.000    10.000 r  
    E3                                                0.000    10.000 r  ClkPort (IN)
                         net (fo=0)                   0.000    10.000    BUFGP1/I
    E3                   IBUF (Prop_ibuf_I_O)         1.411    11.411 r  BUFGP1/IBUF/O
                         net (fo=1, routed)           1.920    13.331    BUFGP1/IBUFG_2_BUFG
    BUFGCTRL_X0Y16       BUFG (Prop_bufg_I_O)         0.091    13.422 r  BUFGP1/BUFG/O
                         net (fo=197, routed)         1.592    15.015    ee354_GCD_1/board_clk
    SLICE_X4Y80          FDCE                                         r  ee354_GCD_1/B_reg[4]_C/C
                         clock pessimism              0.259    15.274    
                         clock uncertainty           -0.035    15.238    
    SLICE_X4Y80          FDCE (Setup_fdce_C_D)       -0.269    14.969    ee354_GCD_1/B_reg[4]_C
  -------------------------------------------------------------------
                         required time                         14.969    
                         arrival time                         -11.346    
  -------------------------------------------------------------------
                         slack                                  3.623    

Slack (MET) :             3.669ns  (required time - arrival time)
  Source:                 ee354_GCD_1/A_reg[6]_P/C
                            (rising edge-triggered cell FDPE clocked by ClkPort  {rise@0.000ns fall@5.000ns period=10.000ns})
  Destination:            ee354_GCD_1/B_reg[2]_C/D
                            (rising edge-triggered cell FDCE clocked by ClkPort  {rise@0.000ns fall@5.000ns period=10.000ns})
  Path Group:             ClkPort
  Path Type:              Setup (Max at Slow Process Corner)
  Requirement:            10.000ns  (ClkPort rise@10.000ns - ClkPort rise@0.000ns)
  Data Path Delay:        5.973ns  (logic 1.601ns (26.802%)  route 4.372ns (73.198%))
  Logic Levels:           5  (CARRY4=1 LUT3=2 LUT6=2)
  Clock Path Skew:        -0.047ns (DCD - SCD + CPR)
    Destination Clock Delay (DCD):    5.018ns = ( 15.018 - 10.000 ) 
    Source Clock Delay      (SCD):    5.324ns
    Clock Pessimism Removal (CPR):    0.259ns
  Clock Uncertainty:      0.035ns  ((TSJ^2 + TIJ^2)^1/2 + DJ) / 2 + PE
    Total System Jitter     (TSJ):    0.071ns
    Total Input Jitter      (TIJ):    0.000ns
    Discrete Jitter          (DJ):    0.000ns
    Phase Error              (PE):    0.000ns

    Location             Delay type                Incr(ns)  Path(ns)    Netlist Resource(s)
  -------------------------------------------------------------------    -------------------
                         (clock ClkPort rise edge)    0.000     0.000 r  
    E3                                                0.000     0.000 r  ClkPort (IN)
                         net (fo=0)                   0.000     0.000    BUFGP1/I
    E3                   IBUF (Prop_ibuf_I_O)         1.482     1.482 r  BUFGP1/IBUF/O
                         net (fo=1, routed)           2.025     3.506    BUFGP1/IBUFG_2_BUFG
    BUFGCTRL_X0Y16       BUFG (Prop_bufg_I_O)         0.096     3.602 r  BUFGP1/BUFG/O
                         net (fo=197, routed)         1.721     5.324    ee354_GCD_1/board_clk
    SLICE_X3Y87          FDPE                                         r  ee354_GCD_1/A_reg[6]_P/C
  -------------------------------------------------------------------    -------------------
    SLICE_X3Y87          FDPE (Prop_fdpe_C_Q)         0.456     5.780 f  ee354_GCD_1/A_reg[6]_P/Q
                         net (fo=4, routed)           0.817     6.597    ee354_GCD_1/A_reg[6]_P_n_0
    SLICE_X3Y86          LUT3 (Prop_lut3_I0_O)        0.152     6.749 f  ee354_GCD_1/i__carry__0_i_1/O
                         net (fo=7, routed)           0.984     7.733    ee354_GCD_1/i__carry__0_i_1_n_0
    SLICE_X4Y85          LUT6 (Prop_lut6_I3_O)        0.332     8.065 r  ee354_GCD_1/i_count1_carry_i_1/O
                         net (fo=1, routed)           0.343     8.408    ee354_GCD_1/i_count1_carry_i_1_n_0
    SLICE_X4Y84          CARRY4 (Prop_carry4_DI[3]_CO[3])
                                                      0.385     8.793 r  ee354_GCD_1/i_count1_carry/CO[3]
                         net (fo=27, routed)          0.862     9.655    ee354_GCD_1/i_count1_carry_n_0
    SLICE_X7Y82          LUT6 (Prop_lut6_I3_O)        0.124     9.779 r  ee354_GCD_1/B[7]_P_i_1/O
                         net (fo=16, routed)          0.890    10.668    ee354_GCD_1/B[7]_P_i_1_n_0
    SLICE_X7Y83          LUT3 (Prop_lut3_I1_O)        0.152    10.820 r  ee354_GCD_1/B[2]_C_i_1/O
                         net (fo=1, routed)           0.477    11.297    ee354_GCD_1/B[2]_C_i_1_n_0
    SLICE_X7Y82          FDCE                                         r  ee354_GCD_1/B_reg[2]_C/D
  -------------------------------------------------------------------    -------------------

                         (clock ClkPort rise edge)   10.000    10.000 r  
    E3                                                0.000    10.000 r  ClkPort (IN)
                         net (fo=0)                   0.000    10.000    BUFGP1/I
    E3                   IBUF (Prop_ibuf_I_O)         1.411    11.411 r  BUFGP1/IBUF/O
                         net (fo=1, routed)           1.920    13.331    BUFGP1/IBUFG_2_BUFG
    BUFGCTRL_X0Y16       BUFG (Prop_bufg_I_O)         0.091    13.422 r  BUFGP1/BUFG/O
                         net (fo=197, routed)         1.595    15.018    ee354_GCD_1/board_clk
    SLICE_X7Y82          FDCE                                         r  ee354_GCD_1/B_reg[2]_C/C
                         clock pessimism              0.259    15.277    
                         clock uncertainty           -0.035    15.241    
    SLICE_X7Y82          FDCE (Setup_fdce_C_D)       -0.275    14.966    ee354_GCD_1/B_reg[2]_C
  -------------------------------------------------------------------
                         required time                         14.966    
                         arrival time                         -11.297    
  -------------------------------------------------------------------
                         slack                                  3.669    

Slack (MET) :             3.804ns  (required time - arrival time)
  Source:                 ee354_GCD_1/B_reg[0]_P/C
                            (rising edge-triggered cell FDPE clocked by ClkPort  {rise@0.000ns fall@5.000ns period=10.000ns})
  Destination:            ee354_GCD_1/i_count_reg[1]/CE
                            (rising edge-triggered cell FDRE clocked by ClkPort  {rise@0.000ns fall@5.000ns period=10.000ns})
  Path Group:             ClkPort
  Path Type:              Setup (Max at Slow Process Corner)
  Requirement:            10.000ns  (ClkPort rise@10.000ns - ClkPort rise@0.000ns)
  Data Path Delay:        5.712ns  (logic 1.740ns (30.461%)  route 3.972ns (69.539%))
  Logic Levels:           5  (CARRY4=1 LUT3=1 LUT5=1 LUT6=2)
  Clock Path Skew:        -0.039ns (DCD - SCD + CPR)
    Destination Clock Delay (DCD):    5.020ns = ( 15.020 - 10.000 ) 
    Source Clock Delay      (SCD):    5.318ns
    Clock Pessimism Removal (CPR):    0.259ns
  Clock Uncertainty:      0.035ns  ((TSJ^2 + TIJ^2)^1/2 + DJ) / 2 + PE
    Total System Jitter     (TSJ):    0.071ns
    Total Input Jitter      (TIJ):    0.000ns
    Discrete Jitter          (DJ):    0.000ns
    Phase Error              (PE):    0.000ns

    Location             Delay type                Incr(ns)  Path(ns)    Netlist Resource(s)
  -------------------------------------------------------------------    -------------------
                         (clock ClkPort rise edge)    0.000     0.000 r  
    E3                                                0.000     0.000 r  ClkPort (IN)
                         net (fo=0)                   0.000     0.000    BUFGP1/I
    E3                   IBUF (Prop_ibuf_I_O)         1.482     1.482 r  BUFGP1/IBUF/O
                         net (fo=1, routed)           2.025     3.506    BUFGP1/IBUFG_2_BUFG
    BUFGCTRL_X0Y16       BUFG (Prop_bufg_I_O)         0.096     3.602 r  BUFGP1/BUFG/O
                         net (fo=197, routed)         1.715     5.318    ee354_GCD_1/board_clk
    SLICE_X4Y82          FDPE                                         r  ee354_GCD_1/B_reg[0]_P/C
  -------------------------------------------------------------------    -------------------
    SLICE_X4Y82          FDPE (Prop_fdpe_C_Q)         0.456     5.774 r  ee354_GCD_1/B_reg[0]_P/Q
                         net (fo=5, routed)           0.846     6.620    ee354_GCD_1/B_reg[0]_P_n_0
    SLICE_X5Y82          LUT3 (Prop_lut3_I0_O)        0.152     6.772 r  ee354_GCD_1/A[0]_P_i_2/O
                         net (fo=7, routed)           0.760     7.532    ee354_GCD_1/A[0]_P_i_2_n_0
    SLICE_X5Y84          LUT6 (Prop_lut6_I0_O)        0.332     7.864 r  ee354_GCD_1/i_count1_carry_i_4/O
                         net (fo=1, routed)           0.404     8.267    ee354_GCD_1/i_count1_carry_i_4_n_0
    SLICE_X4Y84          CARRY4 (Prop_carry4_DI[0]_CO[3])
                                                      0.526     8.793 f  ee354_GCD_1/i_count1_carry/CO[3]
                         net (fo=27, routed)          1.013     9.807    ee354_GCD_1/i_count1_carry_n_0
    SLICE_X2Y82          LUT6 (Prop_lut6_I2_O)        0.124     9.931 f  ee354_GCD_1/i_count[7]_i_3/O
                         net (fo=1, routed)           0.452    10.383    ee354_GCD_1/i_count[7]_i_3_n_0
    SLICE_X2Y82          LUT5 (Prop_lut5_I1_O)        0.150    10.533 r  ee354_GCD_1/i_count[7]_i_2/O
                         net (fo=8, routed)           0.497    11.030    ee354_GCD_1/i_count[7]_i_2_n_0
    SLICE_X1Y82          FDRE                                         r  ee354_GCD_1/i_count_reg[1]/CE
  -------------------------------------------------------------------    -------------------

                         (clock ClkPort rise edge)   10.000    10.000 r  
    E3                                                0.000    10.000 r  ClkPort (IN)
                         net (fo=0)                   0.000    10.000    BUFGP1/I
    E3                   IBUF (Prop_ibuf_I_O)         1.411    11.411 r  BUFGP1/IBUF/O
                         net (fo=1, routed)           1.920    13.331    BUFGP1/IBUFG_2_BUFG
    BUFGCTRL_X0Y16       BUFG (Prop_bufg_I_O)         0.091    13.422 r  BUFGP1/BUFG/O
                         net (fo=197, routed)         1.597    15.020    ee354_GCD_1/board_clk
    SLICE_X1Y82          FDRE                                         r  ee354_GCD_1/i_count_reg[1]/C
                         clock pessimism              0.259    15.279    
                         clock uncertainty           -0.035    15.243    
    SLICE_X1Y82          FDRE (Setup_fdre_C_CE)      -0.409    14.834    ee354_GCD_1/i_count_reg[1]
  -------------------------------------------------------------------
                         required time                         14.834    
                         arrival time                         -11.030    
  -------------------------------------------------------------------
                         slack                                  3.804    

Slack (MET) :             3.804ns  (required time - arrival time)
  Source:                 ee354_GCD_1/B_reg[0]_P/C
                            (rising edge-triggered cell FDPE clocked by ClkPort  {rise@0.000ns fall@5.000ns period=10.000ns})
  Destination:            ee354_GCD_1/i_count_reg[2]/CE
                            (rising edge-triggered cell FDRE clocked by ClkPort  {rise@0.000ns fall@5.000ns period=10.000ns})
  Path Group:             ClkPort
  Path Type:              Setup (Max at Slow Process Corner)
  Requirement:            10.000ns  (ClkPort rise@10.000ns - ClkPort rise@0.000ns)
  Data Path Delay:        5.712ns  (logic 1.740ns (30.461%)  route 3.972ns (69.539%))
  Logic Levels:           5  (CARRY4=1 LUT3=1 LUT5=1 LUT6=2)
  Clock Path Skew:        -0.039ns (DCD - SCD + CPR)
    Destination Clock Delay (DCD):    5.020ns = ( 15.020 - 10.000 ) 
    Source Clock Delay      (SCD):    5.318ns
    Clock Pessimism Removal (CPR):    0.259ns
  Clock Uncertainty:      0.035ns  ((TSJ^2 + TIJ^2)^1/2 + DJ) / 2 + PE
    Total System Jitter     (TSJ):    0.071ns
    Total Input Jitter      (TIJ):    0.000ns
    Discrete Jitter          (DJ):    0.000ns
    Phase Error              (PE):    0.000ns

    Location             Delay type                Incr(ns)  Path(ns)    Netlist Resource(s)
  -------------------------------------------------------------------    -------------------
                         (clock ClkPort rise edge)    0.000     0.000 r  
    E3                                                0.000     0.000 r  ClkPort (IN)
                         net (fo=0)                   0.000     0.000    BUFGP1/I
    E3                   IBUF (Prop_ibuf_I_O)         1.482     1.482 r  BUFGP1/IBUF/O
                         net (fo=1, routed)           2.025     3.506    BUFGP1/IBUFG_2_BUFG
    BUFGCTRL_X0Y16       BUFG (Prop_bufg_I_O)         0.096     3.602 r  BUFGP1/BUFG/O
                         net (fo=197, routed)         1.715     5.318    ee354_GCD_1/board_clk
    SLICE_X4Y82          FDPE                                         r  ee354_GCD_1/B_reg[0]_P/C
  -------------------------------------------------------------------    -------------------
    SLICE_X4Y82          FDPE (Prop_fdpe_C_Q)         0.456     5.774 r  ee354_GCD_1/B_reg[0]_P/Q
                         net (fo=5, routed)           0.846     6.620    ee354_GCD_1/B_reg[0]_P_n_0
    SLICE_X5Y82          LUT3 (Prop_lut3_I0_O)        0.152     6.772 r  ee354_GCD_1/A[0]_P_i_2/O
                         net (fo=7, routed)           0.760     7.532    ee354_GCD_1/A[0]_P_i_2_n_0
    SLICE_X5Y84          LUT6 (Prop_lut6_I0_O)        0.332     7.864 r  ee354_GCD_1/i_count1_carry_i_4/O
                         net (fo=1, routed)           0.404     8.267    ee354_GCD_1/i_count1_carry_i_4_n_0
    SLICE_X4Y84          CARRY4 (Prop_carry4_DI[0]_CO[3])
                                                      0.526     8.793 f  ee354_GCD_1/i_count1_carry/CO[3]
                         net (fo=27, routed)          1.013     9.807    ee354_GCD_1/i_count1_carry_n_0
    SLICE_X2Y82          LUT6 (Prop_lut6_I2_O)        0.124     9.931 f  ee354_GCD_1/i_count[7]_i_3/O
                         net (fo=1, routed)           0.452    10.383    ee354_GCD_1/i_count[7]_i_3_n_0
    SLICE_X2Y82          LUT5 (Prop_lut5_I1_O)        0.150    10.533 r  ee354_GCD_1/i_count[7]_i_2/O
                         net (fo=8, routed)           0.497    11.030    ee354_GCD_1/i_count[7]_i_2_n_0
    SLICE_X1Y82          FDRE                                         r  ee354_GCD_1/i_count_reg[2]/CE
  -------------------------------------------------------------------    -------------------

                         (clock ClkPort rise edge)   10.000    10.000 r  
    E3                                                0.000    10.000 r  ClkPort (IN)
                         net (fo=0)                   0.000    10.000    BUFGP1/I
    E3                   IBUF (Prop_ibuf_I_O)         1.411    11.411 r  BUFGP1/IBUF/O
                         net (fo=1, routed)           1.920    13.331    BUFGP1/IBUFG_2_BUFG
    BUFGCTRL_X0Y16       BUFG (Prop_bufg_I_O)         0.091    13.422 r  BUFGP1/BUFG/O
                         net (fo=197, routed)         1.597    15.020    ee354_GCD_1/board_clk
    SLICE_X1Y82          FDRE                                         r  ee354_GCD_1/i_count_reg[2]/C
                         clock pessimism              0.259    15.279    
                         clock uncertainty           -0.035    15.243    
    SLICE_X1Y82          FDRE (Setup_fdre_C_CE)      -0.409    14.834    ee354_GCD_1/i_count_reg[2]
  -------------------------------------------------------------------
                         required time                         14.834    
                         arrival time                         -11.030    
  -------------------------------------------------------------------
                         slack                                  3.804    

Slack (MET) :             3.804ns  (required time - arrival time)
  Source:                 ee354_GCD_1/B_reg[0]_P/C
                            (rising edge-triggered cell FDPE clocked by ClkPort  {rise@0.000ns fall@5.000ns period=10.000ns})
  Destination:            ee354_GCD_1/i_count_reg[3]/CE
                            (rising edge-triggered cell FDRE clocked by ClkPort  {rise@0.000ns fall@5.000ns period=10.000ns})
  Path Group:             ClkPort
  Path Type:              Setup (Max at Slow Process Corner)
  Requirement:            10.000ns  (ClkPort rise@10.000ns - ClkPort rise@0.000ns)
  Data Path Delay:        5.712ns  (logic 1.740ns (30.461%)  route 3.972ns (69.539%))
  Logic Levels:           5  (CARRY4=1 LUT3=1 LUT5=1 LUT6=2)
  Clock Path Skew:        -0.039ns (DCD - SCD + CPR)
    Destination Clock Delay (DCD):    5.020ns = ( 15.020 - 10.000 ) 
    Source Clock Delay      (SCD):    5.318ns
    Clock Pessimism Removal (CPR):    0.259ns
  Clock Uncertainty:      0.035ns  ((TSJ^2 + TIJ^2)^1/2 + DJ) / 2 + PE
    Total System Jitter     (TSJ):    0.071ns
    Total Input Jitter      (TIJ):    0.000ns
    Discrete Jitter          (DJ):    0.000ns
    Phase Error              (PE):    0.000ns

    Location             Delay type                Incr(ns)  Path(ns)    Netlist Resource(s)
  -------------------------------------------------------------------    -------------------
                         (clock ClkPort rise edge)    0.000     0.000 r  
    E3                                                0.000     0.000 r  ClkPort (IN)
                         net (fo=0)                   0.000     0.000    BUFGP1/I
    E3                   IBUF (Prop_ibuf_I_O)         1.482     1.482 r  BUFGP1/IBUF/O
                         net (fo=1, routed)           2.025     3.506    BUFGP1/IBUFG_2_BUFG
    BUFGCTRL_X0Y16       BUFG (Prop_bufg_I_O)         0.096     3.602 r  BUFGP1/BUFG/O
                         net (fo=197, routed)         1.715     5.318    ee354_GCD_1/board_clk
    SLICE_X4Y82          FDPE                                         r  ee354_GCD_1/B_reg[0]_P/C
  -------------------------------------------------------------------    -------------------
    SLICE_X4Y82          FDPE (Prop_fdpe_C_Q)         0.456     5.774 r  ee354_GCD_1/B_reg[0]_P/Q
                         net (fo=5, routed)           0.846     6.620    ee354_GCD_1/B_reg[0]_P_n_0
    SLICE_X5Y82          LUT3 (Prop_lut3_I0_O)        0.152     6.772 r  ee354_GCD_1/A[0]_P_i_2/O
                         net (fo=7, routed)           0.760     7.532    ee354_GCD_1/A[0]_P_i_2_n_0
    SLICE_X5Y84          LUT6 (Prop_lut6_I0_O)        0.332     7.864 r  ee354_GCD_1/i_count1_carry_i_4/O
                         net (fo=1, routed)           0.404     8.267    ee354_GCD_1/i_count1_carry_i_4_n_0
    SLICE_X4Y84          CARRY4 (Prop_carry4_DI[0]_CO[3])
                                                      0.526     8.793 f  ee354_GCD_1/i_count1_carry/CO[3]
                         net (fo=27, routed)          1.013     9.807    ee354_GCD_1/i_count1_carry_n_0
    SLICE_X2Y82          LUT6 (Prop_lut6_I2_O)        0.124     9.931 f  ee354_GCD_1/i_count[7]_i_3/O
                         net (fo=1, routed)           0.452    10.383    ee354_GCD_1/i_count[7]_i_3_n_0
    SLICE_X2Y82          LUT5 (Prop_lut5_I1_O)        0.150    10.533 r  ee354_GCD_1/i_count[7]_i_2/O
                         net (fo=8, routed)           0.497    11.030    ee354_GCD_1/i_count[7]_i_2_n_0
    SLICE_X1Y82          FDRE                                         r  ee354_GCD_1/i_count_reg[3]/CE
  -------------------------------------------------------------------    -------------------

                         (clock ClkPort rise edge)   10.000    10.000 r  
    E3                                                0.000    10.000 r  ClkPort (IN)
                         net (fo=0)                   0.000    10.000    BUFGP1/I
    E3                   IBUF (Prop_ibuf_I_O)         1.411    11.411 r  BUFGP1/IBUF/O
                         net (fo=1, routed)           1.920    13.331    BUFGP1/IBUFG_2_BUFG
    BUFGCTRL_X0Y16       BUFG (Prop_bufg_I_O)         0.091    13.422 r  BUFGP1/BUFG/O
                         net (fo=197, routed)         1.597    15.020    ee354_GCD_1/board_clk
    SLICE_X1Y82          FDRE                                         r  ee354_GCD_1/i_count_reg[3]/C
                         clock pessimism              0.259    15.279    
                         clock uncertainty           -0.035    15.243    
    SLICE_X1Y82          FDRE (Setup_fdre_C_CE)      -0.409    14.834    ee354_GCD_1/i_count_reg[3]
  -------------------------------------------------------------------
                         required time                         14.834    
                         arrival time                         -11.030    
  -------------------------------------------------------------------
                         slack                                  3.804    

Slack (MET) :             3.804ns  (required time - arrival time)
  Source:                 ee354_GCD_1/B_reg[0]_P/C
                            (rising edge-triggered cell FDPE clocked by ClkPort  {rise@0.000ns fall@5.000ns period=10.000ns})
  Destination:            ee354_GCD_1/i_count_reg[4]/CE
                            (rising edge-triggered cell FDRE clocked by ClkPort  {rise@0.000ns fall@5.000ns period=10.000ns})
  Path Group:             ClkPort
  Path Type:              Setup (Max at Slow Process Corner)
  Requirement:            10.000ns  (ClkPort rise@10.000ns - ClkPort rise@0.000ns)
  Data Path Delay:        5.712ns  (logic 1.740ns (30.461%)  route 3.972ns (69.539%))
  Logic Levels:           5  (CARRY4=1 LUT3=1 LUT5=1 LUT6=2)
  Clock Path Skew:        -0.039ns (DCD - SCD + CPR)
    Destination Clock Delay (DCD):    5.020ns = ( 15.020 - 10.000 ) 
    Source Clock Delay      (SCD):    5.318ns
    Clock Pessimism Removal (CPR):    0.259ns
  Clock Uncertainty:      0.035ns  ((TSJ^2 + TIJ^2)^1/2 + DJ) / 2 + PE
    Total System Jitter     (TSJ):    0.071ns
    Total Input Jitter      (TIJ):    0.000ns
    Discrete Jitter          (DJ):    0.000ns
    Phase Error              (PE):    0.000ns

    Location             Delay type                Incr(ns)  Path(ns)    Netlist Resource(s)
  -------------------------------------------------------------------    -------------------
                         (clock ClkPort rise edge)    0.000     0.000 r  
    E3                                                0.000     0.000 r  ClkPort (IN)
                         net (fo=0)                   0.000     0.000    BUFGP1/I
    E3                   IBUF (Prop_ibuf_I_O)         1.482     1.482 r  BUFGP1/IBUF/O
                         net (fo=1, routed)           2.025     3.506    BUFGP1/IBUFG_2_BUFG
    BUFGCTRL_X0Y16       BUFG (Prop_bufg_I_O)         0.096     3.602 r  BUFGP1/BUFG/O
                         net (fo=197, routed)         1.715     5.318    ee354_GCD_1/board_clk
    SLICE_X4Y82          FDPE                                         r  ee354_GCD_1/B_reg[0]_P/C
  -------------------------------------------------------------------    -------------------
    SLICE_X4Y82          FDPE (Prop_fdpe_C_Q)         0.456     5.774 r  ee354_GCD_1/B_reg[0]_P/Q
                         net (fo=5, routed)           0.846     6.620    ee354_GCD_1/B_reg[0]_P_n_0
    SLICE_X5Y82          LUT3 (Prop_lut3_I0_O)        0.152     6.772 r  ee354_GCD_1/A[0]_P_i_2/O
                         net (fo=7, routed)           0.760     7.532    ee354_GCD_1/A[0]_P_i_2_n_0
    SLICE_X5Y84          LUT6 (Prop_lut6_I0_O)        0.332     7.864 r  ee354_GCD_1/i_count1_carry_i_4/O
                         net (fo=1, routed)           0.404     8.267    ee354_GCD_1/i_count1_carry_i_4_n_0
    SLICE_X4Y84          CARRY4 (Prop_carry4_DI[0]_CO[3])
                                                      0.526     8.793 f  ee354_GCD_1/i_count1_carry/CO[3]
                         net (fo=27, routed)          1.013     9.807    ee354_GCD_1/i_count1_carry_n_0
    SLICE_X2Y82          LUT6 (Prop_lut6_I2_O)        0.124     9.931 f  ee354_GCD_1/i_count[7]_i_3/O
                         net (fo=1, routed)           0.452    10.383    ee354_GCD_1/i_count[7]_i_3_n_0
    SLICE_X2Y82          LUT5 (Prop_lut5_I1_O)        0.150    10.533 r  ee354_GCD_1/i_count[7]_i_2/O
                         net (fo=8, routed)           0.497    11.030    ee354_GCD_1/i_count[7]_i_2_n_0
    SLICE_X1Y82          FDRE                                         r  ee354_GCD_1/i_count_reg[4]/CE
  -------------------------------------------------------------------    -------------------

                         (clock ClkPort rise edge)   10.000    10.000 r  
    E3                                                0.000    10.000 r  ClkPort (IN)
                         net (fo=0)                   0.000    10.000    BUFGP1/I
    E3                   IBUF (Prop_ibuf_I_O)         1.411    11.411 r  BUFGP1/IBUF/O
                         net (fo=1, routed)           1.920    13.331    BUFGP1/IBUFG_2_BUFG
    BUFGCTRL_X0Y16       BUFG (Prop_bufg_I_O)         0.091    13.422 r  BUFGP1/BUFG/O
                         net (fo=197, routed)         1.597    15.020    ee354_GCD_1/board_clk
    SLICE_X1Y82          FDRE                                         r  ee354_GCD_1/i_count_reg[4]/C
                         clock pessimism              0.259    15.279    
                         clock uncertainty           -0.035    15.243    
    SLICE_X1Y82          FDRE (Setup_fdre_C_CE)      -0.409    14.834    ee354_GCD_1/i_count_reg[4]
  -------------------------------------------------------------------
                         required time                         14.834    
                         arrival time                         -11.030    
  -------------------------------------------------------------------
                         slack                                  3.804    

Slack (MET) :             3.934ns  (required time - arrival time)
  Source:                 ee354_GCD_1/B_reg[0]_P/C
                            (rising edge-triggered cell FDPE clocked by ClkPort  {rise@0.000ns fall@5.000ns period=10.000ns})
  Destination:            ee354_GCD_1/i_count_reg[0]/CE
                            (rising edge-triggered cell FDRE clocked by ClkPort  {rise@0.000ns fall@5.000ns period=10.000ns})
  Path Group:             ClkPort
  Path Type:              Setup (Max at Slow Process Corner)
  Requirement:            10.000ns  (ClkPort rise@10.000ns - ClkPort rise@0.000ns)
  Data Path Delay:        5.583ns  (logic 1.740ns (31.164%)  route 3.843ns (68.836%))
  Logic Levels:           5  (CARRY4=1 LUT3=1 LUT5=1 LUT6=2)
  Clock Path Skew:        -0.038ns (DCD - SCD + CPR)
    Destination Clock Delay (DCD):    5.021ns = ( 15.021 - 10.000 ) 
    Source Clock Delay      (SCD):    5.318ns
    Clock Pessimism Removal (CPR):    0.259ns
  Clock Uncertainty:      0.035ns  ((TSJ^2 + TIJ^2)^1/2 + DJ) / 2 + PE
    Total System Jitter     (TSJ):    0.071ns
    Total Input Jitter      (TIJ):    0.000ns
    Discrete Jitter          (DJ):    0.000ns
    Phase Error              (PE):    0.000ns

    Location             Delay type                Incr(ns)  Path(ns)    Netlist Resource(s)
  -------------------------------------------------------------------    -------------------
                         (clock ClkPort rise edge)    0.000     0.000 r  
    E3                                                0.000     0.000 r  ClkPort (IN)
                         net (fo=0)                   0.000     0.000    BUFGP1/I
    E3                   IBUF (Prop_ibuf_I_O)         1.482     1.482 r  BUFGP1/IBUF/O
                         net (fo=1, routed)           2.025     3.506    BUFGP1/IBUFG_2_BUFG
    BUFGCTRL_X0Y16       BUFG (Prop_bufg_I_O)         0.096     3.602 r  BUFGP1/BUFG/O
                         net (fo=197, routed)         1.715     5.318    ee354_GCD_1/board_clk
    SLICE_X4Y82          FDPE                                         r  ee354_GCD_1/B_reg[0]_P/C
  -------------------------------------------------------------------    -------------------
    SLICE_X4Y82          FDPE (Prop_fdpe_C_Q)         0.456     5.774 r  ee354_GCD_1/B_reg[0]_P/Q
                         net (fo=5, routed)           0.846     6.620    ee354_GCD_1/B_reg[0]_P_n_0
    SLICE_X5Y82          LUT3 (Prop_lut3_I0_O)        0.152     6.772 r  ee354_GCD_1/A[0]_P_i_2/O
                         net (fo=7, routed)           0.760     7.532    ee354_GCD_1/A[0]_P_i_2_n_0
    SLICE_X5Y84          LUT6 (Prop_lut6_I0_O)        0.332     7.864 r  ee354_GCD_1/i_count1_carry_i_4/O
                         net (fo=1, routed)           0.404     8.267    ee354_GCD_1/i_count1_carry_i_4_n_0
    SLICE_X4Y84          CARRY4 (Prop_carry4_DI[0]_CO[3])
                                                      0.526     8.793 f  ee354_GCD_1/i_count1_carry/CO[3]
                         net (fo=27, routed)          1.013     9.807    ee354_GCD_1/i_count1_carry_n_0
    SLICE_X2Y82          LUT6 (Prop_lut6_I2_O)        0.124     9.931 f  ee354_GCD_1/i_count[7]_i_3/O
                         net (fo=1, routed)           0.452    10.383    ee354_GCD_1/i_count[7]_i_3_n_0
    SLICE_X2Y82          LUT5 (Prop_lut5_I1_O)        0.150    10.533 r  ee354_GCD_1/i_count[7]_i_2/O
                         net (fo=8, routed)           0.368    10.901    ee354_GCD_1/i_count[7]_i_2_n_0
    SLICE_X0Y83          FDRE                                         r  ee354_GCD_1/i_count_reg[0]/CE
  -------------------------------------------------------------------    -------------------

                         (clock ClkPort rise edge)   10.000    10.000 r  
    E3                                                0.000    10.000 r  ClkPort (IN)
                         net (fo=0)                   0.000    10.000    BUFGP1/I
    E3                   IBUF (Prop_ibuf_I_O)         1.411    11.411 r  BUFGP1/IBUF/O
                         net (fo=1, routed)           1.920    13.331    BUFGP1/IBUFG_2_BUFG
    BUFGCTRL_X0Y16       BUFG (Prop_bufg_I_O)         0.091    13.422 r  BUFGP1/BUFG/O
                         net (fo=197, routed)         1.598    15.021    ee354_GCD_1/board_clk
    SLICE_X0Y83          FDRE                                         r  ee354_GCD_1/i_count_reg[0]/C
                         clock pessimism              0.259    15.280    
                         clock uncertainty           -0.035    15.244    
    SLICE_X0Y83          FDRE (Setup_fdre_C_CE)      -0.409    14.835    ee354_GCD_1/i_count_reg[0]
  -------------------------------------------------------------------
                         required time                         14.835    
                         arrival time                         -10.901    
  -------------------------------------------------------------------
                         slack                                  3.934    





Min Delay Paths
--------------------------------------------------------------------------------------
Slack (MET) :             0.152ns  (arrival time - required time)
  Source:                 ee354_GCD_1/AB_GCD_reg[6]/C
                            (rising edge-triggered cell FDCE clocked by ClkPort  {rise@0.000ns fall@5.000ns period=10.000ns})
  Destination:            ee354_GCD_1/AB_GCD_reg[7]/D
                            (rising edge-triggered cell FDCE clocked by ClkPort  {rise@0.000ns fall@5.000ns period=10.000ns})
  Path Group:             ClkPort
  Path Type:              Hold (Min at Fast Process Corner)
  Requirement:            0.000ns  (ClkPort rise@0.000ns - ClkPort rise@0.000ns)
  Data Path Delay:        0.256ns  (logic 0.186ns (72.773%)  route 0.070ns (27.227%))
  Logic Levels:           1  (LUT6=1)
  Clock Path Skew:        0.013ns (DCD - SCD - CPR)
    Destination Clock Delay (DCD):    2.037ns
    Source Clock Delay      (SCD):    1.519ns
    Clock Pessimism Removal (CPR):    0.504ns

    Location             Delay type                Incr(ns)  Path(ns)    Netlist Resource(s)
  -------------------------------------------------------------------    -------------------
                         (clock ClkPort rise edge)    0.000     0.000 r  
    E3                                                0.000     0.000 r  ClkPort (IN)
                         net (fo=0)                   0.000     0.000    BUFGP1/I
    E3                   IBUF (Prop_ibuf_I_O)         0.250     0.250 r  BUFGP1/IBUF/O
                         net (fo=1, routed)           0.644     0.894    BUFGP1/IBUFG_2_BUFG
    BUFGCTRL_X0Y16       BUFG (Prop_bufg_I_O)         0.026     0.920 r  BUFGP1/BUFG/O
                         net (fo=197, routed)         0.600     1.519    ee354_GCD_1/board_clk
    SLICE_X1Y86          FDCE                                         r  ee354_GCD_1/AB_GCD_reg[6]/C
  -------------------------------------------------------------------    -------------------
    SLICE_X1Y86          FDCE (Prop_fdce_C_Q)         0.141     1.660 r  ee354_GCD_1/AB_GCD_reg[6]/Q
                         net (fo=2, routed)           0.070     1.730    ee354_GCD_1/A[6]
    SLICE_X0Y86          LUT6 (Prop_lut6_I1_O)        0.045     1.775 r  ee354_GCD_1/AB_GCD[7]_i_2/O
                         net (fo=1, routed)           0.000     1.775    ee354_GCD_1/AB_GCD[7]
    SLICE_X0Y86          FDCE                                         r  ee354_GCD_1/AB_GCD_reg[7]/D
  -------------------------------------------------------------------    -------------------

                         (clock ClkPort rise edge)    0.000     0.000 r  
    E3                                                0.000     0.000 r  ClkPort (IN)
                         net (fo=0)                   0.000     0.000    BUFGP1/I
    E3                   IBUF (Prop_ibuf_I_O)         0.438     0.438 r  BUFGP1/IBUF/O
                         net (fo=1, routed)           0.699     1.136    BUFGP1/IBUFG_2_BUFG
    BUFGCTRL_X0Y16       BUFG (Prop_bufg_I_O)         0.029     1.165 r  BUFGP1/BUFG/O
                         net (fo=197, routed)         0.872     2.037    ee354_GCD_1/board_clk
    SLICE_X0Y86          FDCE                                         r  ee354_GCD_1/AB_GCD_reg[7]/C
                         clock pessimism             -0.504     1.532    
    SLICE_X0Y86          FDCE (Hold_fdce_C_D)         0.091     1.623    ee354_GCD_1/AB_GCD_reg[7]
  -------------------------------------------------------------------
                         required time                         -1.623    
                         arrival time                           1.775    
  -------------------------------------------------------------------
                         slack                                  0.152    

Slack (MET) :             0.179ns  (arrival time - required time)
  Source:                 Ain_reg[2]/C
                            (rising edge-triggered cell FDCE clocked by ClkPort  {rise@0.000ns fall@5.000ns period=10.000ns})
  Destination:            ee354_GCD_1/A_reg[2]_P/D
                            (rising edge-triggered cell FDPE clocked by ClkPort  {rise@0.000ns fall@5.000ns period=10.000ns})
  Path Group:             ClkPort
  Path Type:              Hold (Min at Fast Process Corner)
  Requirement:            0.000ns  (ClkPort rise@0.000ns - ClkPort rise@0.000ns)
  Data Path Delay:        0.313ns  (logic 0.186ns (59.519%)  route 0.127ns (40.481%))
  Logic Levels:           1  (LUT5=1)
  Clock Path Skew:        0.014ns (DCD - SCD - CPR)
    Destination Clock Delay (DCD):    2.036ns
    Source Clock Delay      (SCD):    1.519ns
    Clock Pessimism Removal (CPR):    0.502ns

    Location             Delay type                Incr(ns)  Path(ns)    Netlist Resource(s)
  -------------------------------------------------------------------    -------------------
                         (clock ClkPort rise edge)    0.000     0.000 r  
    E3                                                0.000     0.000 r  ClkPort (IN)
                         net (fo=0)                   0.000     0.000    BUFGP1/I
    E3                   IBUF (Prop_ibuf_I_O)         0.250     0.250 r  BUFGP1/IBUF/O
                         net (fo=1, routed)           0.644     0.894    BUFGP1/IBUFG_2_BUFG
    BUFGCTRL_X0Y16       BUFG (Prop_bufg_I_O)         0.026     0.920 r  BUFGP1/BUFG/O
                         net (fo=197, routed)         0.600     1.519    board_clk
    SLICE_X0Y85          FDCE                                         r  Ain_reg[2]/C
  -------------------------------------------------------------------    -------------------
    SLICE_X0Y85          FDCE (Prop_fdce_C_Q)         0.141     1.660 r  Ain_reg[2]/Q
                         net (fo=5, routed)           0.127     1.787    ee354_GCD_1/A_reg[7]_P_0[2]
    SLICE_X2Y84          LUT5 (Prop_lut5_I0_O)        0.045     1.832 r  ee354_GCD_1/A[2]_P_i_1/O
                         net (fo=1, routed)           0.000     1.832    ee354_GCD_1/A2_in[2]
    SLICE_X2Y84          FDPE                                         r  ee354_GCD_1/A_reg[2]_P/D
  -------------------------------------------------------------------    -------------------

                         (clock ClkPort rise edge)    0.000     0.000 r  
    E3                                                0.000     0.000 r  ClkPort (IN)
                         net (fo=0)                   0.000     0.000    BUFGP1/I
    E3                   IBUF (Prop_ibuf_I_O)         0.438     0.438 r  BUFGP1/IBUF/O
                         net (fo=1, routed)           0.699     1.136    BUFGP1/IBUFG_2_BUFG
    BUFGCTRL_X0Y16       BUFG (Prop_bufg_I_O)         0.029     1.165 r  BUFGP1/BUFG/O
                         net (fo=197, routed)         0.871     2.036    ee354_GCD_1/board_clk
    SLICE_X2Y84          FDPE                                         r  ee354_GCD_1/A_reg[2]_P/C
                         clock pessimism             -0.502     1.533    
    SLICE_X2Y84          FDPE (Hold_fdpe_C_D)         0.120     1.653    ee354_GCD_1/A_reg[2]_P
  -------------------------------------------------------------------
                         required time                         -1.653    
                         arrival time                           1.832    
  -------------------------------------------------------------------
                         slack                                  0.179    

Slack (MET) :             0.212ns  (arrival time - required time)
  Source:                 ee354_debouncer_2/MCEN_count_reg[2]/C
                            (rising edge-triggered cell FDRE clocked by ClkPort  {rise@0.000ns fall@5.000ns period=10.000ns})
  Destination:            ee354_debouncer_2/MCEN_count_reg[3]/D
                            (rising edge-triggered cell FDRE clocked by ClkPort  {rise@0.000ns fall@5.000ns period=10.000ns})
  Path Group:             ClkPort
  Path Type:              Hold (Min at Fast Process Corner)
  Requirement:            0.000ns  (ClkPort rise@0.000ns - ClkPort rise@0.000ns)
  Data Path Delay:        0.333ns  (logic 0.246ns (73.853%)  route 0.087ns (26.147%))
  Logic Levels:           1  (LUT6=1)
  Clock Path Skew:        0.000ns (DCD - SCD - CPR)
    Destination Clock Delay (DCD):    2.009ns
    Source Clock Delay      (SCD):    1.492ns
    Clock Pessimism Removal (CPR):    0.516ns

    Location             Delay type                Incr(ns)  Path(ns)    Netlist Resource(s)
  -------------------------------------------------------------------    -------------------
                         (clock ClkPort rise edge)    0.000     0.000 r  
    E3                                                0.000     0.000 r  ClkPort (IN)
                         net (fo=0)                   0.000     0.000    BUFGP1/I
    E3                   IBUF (Prop_ibuf_I_O)         0.250     0.250 r  BUFGP1/IBUF/O
                         net (fo=1, routed)           0.644     0.894    BUFGP1/IBUFG_2_BUFG
    BUFGCTRL_X0Y16       BUFG (Prop_bufg_I_O)         0.026     0.920 r  BUFGP1/BUFG/O
                         net (fo=197, routed)         0.573     1.492    ee354_debouncer_2/board_clk
    SLICE_X8Y89          FDRE                                         r  ee354_debouncer_2/MCEN_count_reg[2]/C
  -------------------------------------------------------------------    -------------------
    SLICE_X8Y89          FDRE (Prop_fdre_C_Q)         0.148     1.640 r  ee354_debouncer_2/MCEN_count_reg[2]/Q
                         net (fo=3, routed)           0.087     1.727    ee354_debouncer_2/MCEN_count_reg_n_0_[2]
    SLICE_X8Y89          LUT6 (Prop_lut6_I1_O)        0.098     1.825 r  ee354_debouncer_2/MCEN_count[3]_i_3/O
                         net (fo=1, routed)           0.000     1.825    ee354_debouncer_2/MCEN_count[3]_i_3_n_0
    SLICE_X8Y89          FDRE                                         r  ee354_debouncer_2/MCEN_count_reg[3]/D
  -------------------------------------------------------------------    -------------------

                         (clock ClkPort rise edge)    0.000     0.000 r  
    E3                                                0.000     0.000 r  ClkPort (IN)
                         net (fo=0)                   0.000     0.000    BUFGP1/I
    E3                   IBUF (Prop_ibuf_I_O)         0.438     0.438 r  BUFGP1/IBUF/O
                         net (fo=1, routed)           0.699     1.136    BUFGP1/IBUFG_2_BUFG
    BUFGCTRL_X0Y16       BUFG (Prop_bufg_I_O)         0.029     1.165 r  BUFGP1/BUFG/O
                         net (fo=197, routed)         0.844     2.009    ee354_debouncer_2/board_clk
    SLICE_X8Y89          FDRE                                         r  ee354_debouncer_2/MCEN_count_reg[3]/C
                         clock pessimism             -0.516     1.492    
    SLICE_X8Y89          FDRE (Hold_fdre_C_D)         0.121     1.613    ee354_debouncer_2/MCEN_count_reg[3]
  -------------------------------------------------------------------
                         required time                         -1.613    
                         arrival time                           1.825    
  -------------------------------------------------------------------
                         slack                                  0.212    

Slack (MET) :             0.223ns  (arrival time - required time)
  Source:                 ee354_GCD_1/A_reg[2]_C/C
                            (rising edge-triggered cell FDCE clocked by ClkPort  {rise@0.000ns fall@5.000ns period=10.000ns})
  Destination:            ee354_GCD_1/AB_GCD_reg[2]/D
                            (rising edge-triggered cell FDCE clocked by ClkPort  {rise@0.000ns fall@5.000ns period=10.000ns})
  Path Group:             ClkPort
  Path Type:              Hold (Min at Fast Process Corner)
  Requirement:            0.000ns  (ClkPort rise@0.000ns - ClkPort rise@0.000ns)
  Data Path Delay:        0.327ns  (logic 0.209ns (64.004%)  route 0.118ns (35.996%))
  Logic Levels:           1  (LUT6=1)
  Clock Path Skew:        0.013ns (DCD - SCD - CPR)
    Destination Clock Delay (DCD):    2.035ns
    Source Clock Delay      (SCD):    1.518ns
    Clock Pessimism Removal (CPR):    0.503ns

    Location             Delay type                Incr(ns)  Path(ns)    Netlist Resource(s)
  -------------------------------------------------------------------    -------------------
                         (clock ClkPort rise edge)    0.000     0.000 r  
    E3                                                0.000     0.000 r  ClkPort (IN)
                         net (fo=0)                   0.000     0.000    BUFGP1/I
    E3                   IBUF (Prop_ibuf_I_O)         0.250     0.250 r  BUFGP1/IBUF/O
                         net (fo=1, routed)           0.644     0.894    BUFGP1/IBUFG_2_BUFG
    BUFGCTRL_X0Y16       BUFG (Prop_bufg_I_O)         0.026     0.920 r  BUFGP1/BUFG/O
                         net (fo=197, routed)         0.599     1.518    ee354_GCD_1/board_clk
    SLICE_X2Y83          FDCE                                         r  ee354_GCD_1/A_reg[2]_C/C
  -------------------------------------------------------------------    -------------------
    SLICE_X2Y83          FDCE (Prop_fdce_C_Q)         0.164     1.682 r  ee354_GCD_1/A_reg[2]_C/Q
                         net (fo=5, routed)           0.118     1.800    ee354_GCD_1/A_reg[2]_C_n_0
    SLICE_X3Y83          LUT6 (Prop_lut6_I5_O)        0.045     1.845 r  ee354_GCD_1/AB_GCD[2]_i_1/O
                         net (fo=1, routed)           0.000     1.845    ee354_GCD_1/AB_GCD[2]
    SLICE_X3Y83          FDCE                                         r  ee354_GCD_1/AB_GCD_reg[2]/D
  -------------------------------------------------------------------    -------------------

                         (clock ClkPort rise edge)    0.000     0.000 r  
    E3                                                0.000     0.000 r  ClkPort (IN)
                         net (fo=0)                   0.000     0.000    BUFGP1/I
    E3                   IBUF (Prop_ibuf_I_O)         0.438     0.438 r  BUFGP1/IBUF/O
                         net (fo=1, routed)           0.699     1.136    BUFGP1/IBUFG_2_BUFG
    BUFGCTRL_X0Y16       BUFG (Prop_bufg_I_O)         0.029     1.165 r  BUFGP1/BUFG/O
                         net (fo=197, routed)         0.870     2.035    ee354_GCD_1/board_clk
    SLICE_X3Y83          FDCE                                         r  ee354_GCD_1/AB_GCD_reg[2]/C
                         clock pessimism             -0.503     1.531    
    SLICE_X3Y83          FDCE (Hold_fdce_C_D)         0.091     1.622    ee354_GCD_1/AB_GCD_reg[2]
  -------------------------------------------------------------------
                         required time                         -1.622    
                         arrival time                           1.845    
  -------------------------------------------------------------------
                         slack                                  0.223    

Slack (MET) :             0.234ns  (arrival time - required time)
  Source:                 ee354_debouncer_0/FSM_sequential_state_reg[0]/C
                            (rising edge-triggered cell FDCE clocked by ClkPort  {rise@0.000ns fall@5.000ns period=10.000ns})
  Destination:            ee354_debouncer_0/FSM_sequential_state_reg[1]/D
                            (rising edge-triggered cell FDCE clocked by ClkPort  {rise@0.000ns fall@5.000ns period=10.000ns})
  Path Group:             ClkPort
  Path Type:              Hold (Min at Fast Process Corner)
  Requirement:            0.000ns  (ClkPort rise@0.000ns - ClkPort rise@0.000ns)
  Data Path Delay:        0.391ns  (logic 0.186ns (47.603%)  route 0.205ns (52.397%))
  Logic Levels:           1  (LUT6=1)
  Clock Path Skew:        0.037ns (DCD - SCD - CPR)
    Destination Clock Delay (DCD):    2.009ns
    Source Clock Delay      (SCD):    1.492ns
    Clock Pessimism Removal (CPR):    0.479ns

    Location             Delay type                Incr(ns)  Path(ns)    Netlist Resource(s)
  -------------------------------------------------------------------    -------------------
                         (clock ClkPort rise edge)    0.000     0.000 r  
    E3                                                0.000     0.000 r  ClkPort (IN)
                         net (fo=0)                   0.000     0.000    BUFGP1/I
    E3                   IBUF (Prop_ibuf_I_O)         0.250     0.250 r  BUFGP1/IBUF/O
                         net (fo=1, routed)           0.644     0.894    BUFGP1/IBUFG_2_BUFG
    BUFGCTRL_X0Y16       BUFG (Prop_bufg_I_O)         0.026     0.920 r  BUFGP1/BUFG/O
                         net (fo=197, routed)         0.573     1.492    ee354_debouncer_0/board_clk
    SLICE_X11Y88         FDCE                                         r  ee354_debouncer_0/FSM_sequential_state_reg[0]/C
  -------------------------------------------------------------------    -------------------
    SLICE_X11Y88         FDCE (Prop_fdce_C_Q)         0.141     1.633 r  ee354_debouncer_0/FSM_sequential_state_reg[0]/Q
                         net (fo=12, routed)          0.205     1.838    ee354_debouncer_0/state__0[0]
    SLICE_X12Y88         LUT6 (Prop_lut6_I4_O)        0.045     1.883 r  ee354_debouncer_0/FSM_sequential_state[1]_i_1__0/O
                         net (fo=1, routed)           0.000     1.883    ee354_debouncer_0/state__1[1]
    SLICE_X12Y88         FDCE                                         r  ee354_debouncer_0/FSM_sequential_state_reg[1]/D
  -------------------------------------------------------------------    -------------------

                         (clock ClkPort rise edge)    0.000     0.000 r  
    E3                                                0.000     0.000 r  ClkPort (IN)
                         net (fo=0)                   0.000     0.000    BUFGP1/I
    E3                   IBUF (Prop_ibuf_I_O)         0.438     0.438 r  BUFGP1/IBUF/O
                         net (fo=1, routed)           0.699     1.136    BUFGP1/IBUFG_2_BUFG
    BUFGCTRL_X0Y16       BUFG (Prop_bufg_I_O)         0.029     1.165 r  BUFGP1/BUFG/O
                         net (fo=197, routed)         0.844     2.009    ee354_debouncer_0/board_clk
    SLICE_X12Y88         FDCE                                         r  ee354_debouncer_0/FSM_sequential_state_reg[1]/C
                         clock pessimism             -0.479     1.529    
    SLICE_X12Y88         FDCE (Hold_fdce_C_D)         0.120     1.649    ee354_debouncer_0/FSM_sequential_state_reg[1]
  -------------------------------------------------------------------
                         required time                         -1.649    
                         arrival time                           1.883    
  -------------------------------------------------------------------
                         slack                                  0.234    

Slack (MET) :             0.236ns  (arrival time - required time)
  Source:                 ee354_debouncer_1/FSM_sequential_state_reg[1]/C
                            (rising edge-triggered cell FDCE clocked by ClkPort  {rise@0.000ns fall@5.000ns period=10.000ns})
  Destination:            ee354_debouncer_1/MCEN_count_reg[0]/D
                            (rising edge-triggered cell FDRE clocked by ClkPort  {rise@0.000ns fall@5.000ns period=10.000ns})
  Path Group:             ClkPort
  Path Type:              Hold (Min at Fast Process Corner)
  Requirement:            0.000ns  (ClkPort rise@0.000ns - ClkPort rise@0.000ns)
  Data Path Delay:        0.374ns  (logic 0.209ns (55.831%)  route 0.165ns (44.169%))
  Logic Levels:           1  (LUT3=1)
  Clock Path Skew:        0.017ns (DCD - SCD - CPR)
    Destination Clock Delay (DCD):    2.037ns
    Source Clock Delay      (SCD):    1.519ns
    Clock Pessimism Removal (CPR):    0.500ns

    Location             Delay type                Incr(ns)  Path(ns)    Netlist Resource(s)
  -------------------------------------------------------------------    -------------------
                         (clock ClkPort rise edge)    0.000     0.000 r  
    E3                                                0.000     0.000 r  ClkPort (IN)
                         net (fo=0)                   0.000     0.000    BUFGP1/I
    E3                   IBUF (Prop_ibuf_I_O)         0.250     0.250 r  BUFGP1/IBUF/O
                         net (fo=1, routed)           0.644     0.894    BUFGP1/IBUFG_2_BUFG
    BUFGCTRL_X0Y16       BUFG (Prop_bufg_I_O)         0.026     0.920 r  BUFGP1/BUFG/O
                         net (fo=197, routed)         0.600     1.519    ee354_debouncer_1/board_clk
    SLICE_X6Y87          FDCE                                         r  ee354_debouncer_1/FSM_sequential_state_reg[1]/C
  -------------------------------------------------------------------    -------------------
    SLICE_X6Y87          FDCE (Prop_fdce_C_Q)         0.164     1.683 r  ee354_debouncer_1/FSM_sequential_state_reg[1]/Q
                         net (fo=17, routed)          0.165     1.849    ee354_debouncer_1/state__0[1]
    SLICE_X6Y88          LUT3 (Prop_lut3_I2_O)        0.045     1.894 r  ee354_debouncer_1/MCEN_count[0]_i_1__1/O
                         net (fo=1, routed)           0.000     1.894    ee354_debouncer_1/MCEN_count[0]_i_1__1_n_0
    SLICE_X6Y88          FDRE                                         r  ee354_debouncer_1/MCEN_count_reg[0]/D
  -------------------------------------------------------------------    -------------------

                         (clock ClkPort rise edge)    0.000     0.000 r  
    E3                                                0.000     0.000 r  ClkPort (IN)
                         net (fo=0)                   0.000     0.000    BUFGP1/I
    E3                   IBUF (Prop_ibuf_I_O)         0.438     0.438 r  BUFGP1/IBUF/O
                         net (fo=1, routed)           0.699     1.136    BUFGP1/IBUFG_2_BUFG
    BUFGCTRL_X0Y16       BUFG (Prop_bufg_I_O)         0.029     1.165 r  BUFGP1/BUFG/O
                         net (fo=197, routed)         0.872     2.037    ee354_debouncer_1/board_clk
    SLICE_X6Y88          FDRE                                         r  ee354_debouncer_1/MCEN_count_reg[0]/C
                         clock pessimism             -0.500     1.536    
    SLICE_X6Y88          FDRE (Hold_fdre_C_D)         0.121     1.657    ee354_debouncer_1/MCEN_count_reg[0]
  -------------------------------------------------------------------
                         required time                         -1.657    
                         arrival time                           1.894    
  -------------------------------------------------------------------
                         slack                                  0.236    

Slack (MET) :             0.238ns  (arrival time - required time)
  Source:                 ee354_GCD_1/A_reg[4]_C/C
                            (rising edge-triggered cell FDCE clocked by ClkPort  {rise@0.000ns fall@5.000ns period=10.000ns})
  Destination:            ee354_GCD_1/AB_GCD_reg[4]/D
                            (rising edge-triggered cell FDCE clocked by ClkPort  {rise@0.000ns fall@5.000ns period=10.000ns})
  Path Group:             ClkPort
  Path Type:              Hold (Min at Fast Process Corner)
  Requirement:            0.000ns  (ClkPort rise@0.000ns - ClkPort rise@0.000ns)
  Data Path Delay:        0.367ns  (logic 0.186ns (50.631%)  route 0.181ns (49.369%))
  Logic Levels:           1  (LUT6=1)
  Clock Path Skew:        0.038ns (DCD - SCD - CPR)
    Destination Clock Delay (DCD):    2.037ns
    Source Clock Delay      (SCD):    1.519ns
    Clock Pessimism Removal (CPR):    0.479ns

    Location             Delay type                Incr(ns)  Path(ns)    Netlist Resource(s)
  -------------------------------------------------------------------    -------------------
                         (clock ClkPort rise edge)    0.000     0.000 r  
    E3                                                0.000     0.000 r  ClkPort (IN)
                         net (fo=0)                   0.000     0.000    BUFGP1/I
    E3                   IBUF (Prop_ibuf_I_O)         0.250     0.250 r  BUFGP1/IBUF/O
                         net (fo=1, routed)           0.644     0.894    BUFGP1/IBUFG_2_BUFG
    BUFGCTRL_X0Y16       BUFG (Prop_bufg_I_O)         0.026     0.920 r  BUFGP1/BUFG/O
                         net (fo=197, routed)         0.600     1.519    ee354_GCD_1/board_clk
    SLICE_X4Y87          FDCE                                         r  ee354_GCD_1/A_reg[4]_C/C
  -------------------------------------------------------------------    -------------------
    SLICE_X4Y87          FDCE (Prop_fdce_C_Q)         0.141     1.660 r  ee354_GCD_1/A_reg[4]_C/Q
                         net (fo=5, routed)           0.181     1.842    ee354_GCD_1/A_reg[4]_C_n_0
    SLICE_X1Y86          LUT6 (Prop_lut6_I5_O)        0.045     1.887 r  ee354_GCD_1/AB_GCD[4]_i_1/O
                         net (fo=1, routed)           0.000     1.887    ee354_GCD_1/AB_GCD[4]
    SLICE_X1Y86          FDCE                                         r  ee354_GCD_1/AB_GCD_reg[4]/D
  -------------------------------------------------------------------    -------------------

                         (clock ClkPort rise edge)    0.000     0.000 r  
    E3                                                0.000     0.000 r  ClkPort (IN)
                         net (fo=0)                   0.000     0.000    BUFGP1/I
    E3                   IBUF (Prop_ibuf_I_O)         0.438     0.438 r  BUFGP1/IBUF/O
                         net (fo=1, routed)           0.699     1.136    BUFGP1/IBUFG_2_BUFG
    BUFGCTRL_X0Y16       BUFG (Prop_bufg_I_O)         0.029     1.165 r  BUFGP1/BUFG/O
                         net (fo=197, routed)         0.872     2.037    ee354_GCD_1/board_clk
    SLICE_X1Y86          FDCE                                         r  ee354_GCD_1/AB_GCD_reg[4]/C
                         clock pessimism             -0.479     1.557    
    SLICE_X1Y86          FDCE (Hold_fdce_C_D)         0.091     1.648    ee354_GCD_1/AB_GCD_reg[4]
  -------------------------------------------------------------------
                         required time                         -1.648    
                         arrival time                           1.887    
  -------------------------------------------------------------------
                         slack                                  0.238    

Slack (MET) :             0.243ns  (arrival time - required time)
  Source:                 ee354_GCD_1/A_reg[0]_P/C
                            (rising edge-triggered cell FDPE clocked by ClkPort  {rise@0.000ns fall@5.000ns period=10.000ns})
  Destination:            ee354_GCD_1/AB_GCD_reg[0]/D
                            (rising edge-triggered cell FDCE clocked by ClkPort  {rise@0.000ns fall@5.000ns period=10.000ns})
  Path Group:             ClkPort
  Path Type:              Hold (Min at Fast Process Corner)
  Requirement:            0.000ns  (ClkPort rise@0.000ns - ClkPort rise@0.000ns)
  Data Path Delay:        0.350ns  (logic 0.186ns (53.218%)  route 0.164ns (46.782%))
  Logic Levels:           1  (LUT4=1)
  Clock Path Skew:        0.015ns (DCD - SCD - CPR)
    Destination Clock Delay (DCD):    2.035ns
    Source Clock Delay      (SCD):    1.517ns
    Clock Pessimism Removal (CPR):    0.502ns

    Location             Delay type                Incr(ns)  Path(ns)    Netlist Resource(s)
  -------------------------------------------------------------------    -------------------
                         (clock ClkPort rise edge)    0.000     0.000 r  
    E3                                                0.000     0.000 r  ClkPort (IN)
                         net (fo=0)                   0.000     0.000    BUFGP1/I
    E3                   IBUF (Prop_ibuf_I_O)         0.250     0.250 r  BUFGP1/IBUF/O
                         net (fo=1, routed)           0.644     0.894    BUFGP1/IBUFG_2_BUFG
    BUFGCTRL_X0Y16       BUFG (Prop_bufg_I_O)         0.026     0.920 r  BUFGP1/BUFG/O
                         net (fo=197, routed)         0.598     1.517    ee354_GCD_1/board_clk
    SLICE_X3Y82          FDPE                                         r  ee354_GCD_1/A_reg[0]_P/C
  -------------------------------------------------------------------    -------------------
    SLICE_X3Y82          FDPE (Prop_fdpe_C_Q)         0.141     1.658 r  ee354_GCD_1/A_reg[0]_P/Q
                         net (fo=5, routed)           0.164     1.822    ee354_GCD_1/A_reg[0]_P_n_0
    SLICE_X3Y83          LUT4 (Prop_lut4_I3_O)        0.045     1.867 r  ee354_GCD_1/AB_GCD[0]_i_1/O
                         net (fo=1, routed)           0.000     1.867    ee354_GCD_1/AB_GCD[0]_i_1_n_0
    SLICE_X3Y83          FDCE                                         r  ee354_GCD_1/AB_GCD_reg[0]/D
  -------------------------------------------------------------------    -------------------

                         (clock ClkPort rise edge)    0.000     0.000 r  
    E3                                                0.000     0.000 r  ClkPort (IN)
                         net (fo=0)                   0.000     0.000    BUFGP1/I
    E3                   IBUF (Prop_ibuf_I_O)         0.438     0.438 r  BUFGP1/IBUF/O
                         net (fo=1, routed)           0.699     1.136    BUFGP1/IBUFG_2_BUFG
    BUFGCTRL_X0Y16       BUFG (Prop_bufg_I_O)         0.029     1.165 r  BUFGP1/BUFG/O
                         net (fo=197, routed)         0.870     2.035    ee354_GCD_1/board_clk
    SLICE_X3Y83          FDCE                                         r  ee354_GCD_1/AB_GCD_reg[0]/C
                         clock pessimism             -0.502     1.532    
    SLICE_X3Y83          FDCE (Hold_fdce_C_D)         0.092     1.624    ee354_GCD_1/AB_GCD_reg[0]
  -------------------------------------------------------------------
                         required time                         -1.624    
                         arrival time                           1.867    
  -------------------------------------------------------------------
                         slack                                  0.243    

Slack (MET) :             0.243ns  (arrival time - required time)
  Source:                 ee354_debouncer_0/FSM_sequential_state_reg[1]/C
                            (rising edge-triggered cell FDCE clocked by ClkPort  {rise@0.000ns fall@5.000ns period=10.000ns})
  Destination:            ee354_debouncer_0/MCEN_count_reg[2]/D
                            (rising edge-triggered cell FDRE clocked by ClkPort  {rise@0.000ns fall@5.000ns period=10.000ns})
  Path Group:             ClkPort
  Path Type:              Hold (Min at Fast Process Corner)
  Requirement:            0.000ns  (ClkPort rise@0.000ns - ClkPort rise@0.000ns)
  Data Path Delay:        0.363ns  (logic 0.212ns (58.426%)  route 0.151ns (41.574%))
  Logic Levels:           1  (LUT5=1)
  Clock Path Skew:        0.013ns (DCD - SCD - CPR)
    Destination Clock Delay (DCD):    2.009ns
    Source Clock Delay      (SCD):    1.492ns
    Clock Pessimism Removal (CPR):    0.503ns

    Location             Delay type                Incr(ns)  Path(ns)    Netlist Resource(s)
  -------------------------------------------------------------------    -------------------
                         (clock ClkPort rise edge)    0.000     0.000 r  
    E3                                                0.000     0.000 r  ClkPort (IN)
                         net (fo=0)                   0.000     0.000    BUFGP1/I
    E3                   IBUF (Prop_ibuf_I_O)         0.250     0.250 r  BUFGP1/IBUF/O
                         net (fo=1, routed)           0.644     0.894    BUFGP1/IBUFG_2_BUFG
    BUFGCTRL_X0Y16       BUFG (Prop_bufg_I_O)         0.026     0.920 r  BUFGP1/BUFG/O
                         net (fo=197, routed)         0.573     1.492    ee354_debouncer_0/board_clk
    SLICE_X12Y88         FDCE                                         r  ee354_debouncer_0/FSM_sequential_state_reg[1]/C
  -------------------------------------------------------------------    -------------------
    SLICE_X12Y88         FDCE (Prop_fdce_C_Q)         0.164     1.656 r  ee354_debouncer_0/FSM_sequential_state_reg[1]/Q
                         net (fo=15, routed)          0.151     1.807    ee354_debouncer_0/state__0[1]
    SLICE_X13Y88         LUT5 (Prop_lut5_I4_O)        0.048     1.855 r  ee354_debouncer_0/MCEN_count[2]_i_1__0/O
                         net (fo=1, routed)           0.000     1.855    ee354_debouncer_0/MCEN_count[2]_i_1__0_n_0
    SLICE_X13Y88         FDRE                                         r  ee354_debouncer_0/MCEN_count_reg[2]/D
  -------------------------------------------------------------------    -------------------

                         (clock ClkPort rise edge)    0.000     0.000 r  
    E3                                                0.000     0.000 r  ClkPort (IN)
                         net (fo=0)                   0.000     0.000    BUFGP1/I
    E3                   IBUF (Prop_ibuf_I_O)         0.438     0.438 r  BUFGP1/IBUF/O
                         net (fo=1, routed)           0.699     1.136    BUFGP1/IBUFG_2_BUFG
    BUFGCTRL_X0Y16       BUFG (Prop_bufg_I_O)         0.029     1.165 r  BUFGP1/BUFG/O
                         net (fo=197, routed)         0.844     2.009    ee354_debouncer_0/board_clk
    SLICE_X13Y88         FDRE                                         r  ee354_debouncer_0/MCEN_count_reg[2]/C
                         clock pessimism             -0.503     1.505    
    SLICE_X13Y88         FDRE (Hold_fdre_C_D)         0.107     1.612    ee354_debouncer_0/MCEN_count_reg[2]
  -------------------------------------------------------------------
                         required time                         -1.612    
                         arrival time                           1.855    
  -------------------------------------------------------------------
                         slack                                  0.243    

Slack (MET) :             0.246ns  (arrival time - required time)
  Source:                 ee354_debouncer_1/FSM_sequential_state_reg[2]/C
                            (rising edge-triggered cell FDCE clocked by ClkPort  {rise@0.000ns fall@5.000ns period=10.000ns})
  Destination:            ee354_debouncer_1/MCEN_count_reg[3]/D
                            (rising edge-triggered cell FDRE clocked by ClkPort  {rise@0.000ns fall@5.000ns period=10.000ns})
  Path Group:             ClkPort
  Path Type:              Hold (Min at Fast Process Corner)
  Requirement:            0.000ns  (ClkPort rise@0.000ns - ClkPort rise@0.000ns)
  Data Path Delay:        0.384ns  (logic 0.209ns (54.486%)  route 0.175ns (45.514%))
  Logic Levels:           1  (LUT6=1)
  Clock Path Skew:        0.017ns (DCD - SCD - CPR)
    Destination Clock Delay (DCD):    2.037ns
    Source Clock Delay      (SCD):    1.519ns
    Clock Pessimism Removal (CPR):    0.500ns

    Location             Delay type                Incr(ns)  Path(ns)    Netlist Resource(s)
  -------------------------------------------------------------------    -------------------
                         (clock ClkPort rise edge)    0.000     0.000 r  
    E3                                                0.000     0.000 r  ClkPort (IN)
                         net (fo=0)                   0.000     0.000    BUFGP1/I
    E3                   IBUF (Prop_ibuf_I_O)         0.250     0.250 r  BUFGP1/IBUF/O
                         net (fo=1, routed)           0.644     0.894    BUFGP1/IBUFG_2_BUFG
    BUFGCTRL_X0Y16       BUFG (Prop_bufg_I_O)         0.026     0.920 r  BUFGP1/BUFG/O
                         net (fo=197, routed)         0.600     1.519    ee354_debouncer_1/board_clk
    SLICE_X6Y87          FDCE                                         r  ee354_debouncer_1/FSM_sequential_state_reg[2]/C
  -------------------------------------------------------------------    -------------------
    SLICE_X6Y87          FDCE (Prop_fdce_C_Q)         0.164     1.683 r  ee354_debouncer_1/FSM_sequential_state_reg[2]/Q
                         net (fo=17, routed)          0.175     1.858    ee354_debouncer_1/state__0[2]
    SLICE_X6Y88          LUT6 (Prop_lut6_I4_O)        0.045     1.903 r  ee354_debouncer_1/MCEN_count[3]_i_3__1/O
                         net (fo=1, routed)           0.000     1.903    ee354_debouncer_1/MCEN_count[3]_i_3__1_n_0
    SLICE_X6Y88          FDRE                                         r  ee354_debouncer_1/MCEN_count_reg[3]/D
  -------------------------------------------------------------------    -------------------

                         (clock ClkPort rise edge)    0.000     0.000 r  
    E3                                                0.000     0.000 r  ClkPort (IN)
                         net (fo=0)                   0.000     0.000    BUFGP1/I
    E3                   IBUF (Prop_ibuf_I_O)         0.438     0.438 r  BUFGP1/IBUF/O
                         net (fo=1, routed)           0.699     1.136    BUFGP1/IBUFG_2_BUFG
    BUFGCTRL_X0Y16       BUFG (Prop_bufg_I_O)         0.029     1.165 r  BUFGP1/BUFG/O
                         net (fo=197, routed)         0.872     2.037    ee354_debouncer_1/board_clk
    SLICE_X6Y88          FDRE                                         r  ee354_debouncer_1/MCEN_count_reg[3]/C
                         clock pessimism             -0.500     1.536    
    SLICE_X6Y88          FDRE (Hold_fdre_C_D)         0.121     1.657    ee354_debouncer_1/MCEN_count_reg[3]
  -------------------------------------------------------------------
                         required time                         -1.657    
                         arrival time                           1.903    
  -------------------------------------------------------------------
                         slack                                  0.246    





Pulse Width Checks
--------------------------------------------------------------------------------------
Clock Name:         ClkPort
Waveform(ns):       { 0.000 5.000 }
Period(ns):         10.000
Sources:            { ClkPort }

Check Type        Corner  Lib Pin  Reference Pin  Required(ns)  Actual(ns)  Slack(ns)  Location        Pin
Min Period        n/a     BUFG/I   n/a            2.155         10.000      7.845      BUFGCTRL_X0Y16  BUFGP1/BUFG/I
Min Period        n/a     FDCE/C   n/a            1.000         10.000      9.000      SLICE_X5Y88     A_bar_slash_B_reg/C
Min Period        n/a     FDCE/C   n/a            1.000         10.000      9.000      SLICE_X0Y85     Ain_reg[0]/C
Min Period        n/a     FDCE/C   n/a            1.000         10.000      9.000      SLICE_X0Y85     Ain_reg[1]/C
Min Period        n/a     FDCE/C   n/a            1.000         10.000      9.000      SLICE_X0Y85     Ain_reg[2]/C
Min Period        n/a     FDCE/C   n/a            1.000         10.000      9.000      SLICE_X0Y85     Ain_reg[3]/C
Min Period        n/a     FDCE/C   n/a            1.000         10.000      9.000      SLICE_X0Y85     Ain_reg[4]/C
Min Period        n/a     FDCE/C   n/a            1.000         10.000      9.000      SLICE_X0Y85     Ain_reg[5]/C
Min Period        n/a     FDCE/C   n/a            1.000         10.000      9.000      SLICE_X0Y87     Ain_reg[6]/C
Min Period        n/a     FDCE/C   n/a            1.000         10.000      9.000      SLICE_X0Y87     Ain_reg[7]/C
Low Pulse Width   Slow    FDCE/C   n/a            0.500         5.000       4.500      SLICE_X5Y88     A_bar_slash_B_reg/C
Low Pulse Width   Fast    FDCE/C   n/a            0.500         5.000       4.500      SLICE_X5Y88     A_bar_slash_B_reg/C
Low Pulse Width   Slow    FDCE/C   n/a            0.500         5.000       4.500      SLICE_X0Y85     Ain_reg[0]/C
Low Pulse Width   Fast    FDCE/C   n/a            0.500         5.000       4.500      SLICE_X0Y85     Ain_reg[0]/C
Low Pulse Width   Slow    FDCE/C   n/a            0.500         5.000       4.500      SLICE_X0Y85     Ain_reg[1]/C
Low Pulse Width   Fast    FDCE/C   n/a            0.500         5.000       4.500      SLICE_X0Y85     Ain_reg[1]/C
Low Pulse Width   Slow    FDCE/C   n/a            0.500         5.000       4.500      SLICE_X0Y85     Ain_reg[2]/C
Low Pulse Width   Fast    FDCE/C   n/a            0.500         5.000       4.500      SLICE_X0Y85     Ain_reg[2]/C
Low Pulse Width   Slow    FDCE/C   n/a            0.500         5.000       4.500      SLICE_X0Y85     Ain_reg[3]/C
Low Pulse Width   Fast    FDCE/C   n/a            0.500         5.000       4.500      SLICE_X0Y85     Ain_reg[3]/C
High Pulse Width  Slow    FDCE/C   n/a            0.500         5.000       4.500      SLICE_X5Y88     A_bar_slash_B_reg/C
High Pulse Width  Fast    FDCE/C   n/a            0.500         5.000       4.500      SLICE_X5Y88     A_bar_slash_B_reg/C
High Pulse Width  Slow    FDCE/C   n/a            0.500         5.000       4.500      SLICE_X0Y85     Ain_reg[0]/C
High Pulse Width  Fast    FDCE/C   n/a            0.500         5.000       4.500      SLICE_X0Y85     Ain_reg[0]/C
High Pulse Width  Slow    FDCE/C   n/a            0.500         5.000       4.500      SLICE_X0Y85     Ain_reg[1]/C
High Pulse Width  Fast    FDCE/C   n/a            0.500         5.000       4.500      SLICE_X0Y85     Ain_reg[1]/C
High Pulse Width  Slow    FDCE/C   n/a            0.500         5.000       4.500      SLICE_X0Y85     Ain_reg[2]/C
High Pulse Width  Fast    FDCE/C   n/a            0.500         5.000       4.500      SLICE_X0Y85     Ain_reg[2]/C
High Pulse Width  Slow    FDCE/C   n/a            0.500         5.000       4.500      SLICE_X0Y85     Ain_reg[3]/C
High Pulse Width  Fast    FDCE/C   n/a            0.500         5.000       4.500      SLICE_X0Y85     Ain_reg[3]/C



---------------------------------------------------------------------------------------------------
Path Group:  **async_default**
From Clock:  ClkPort
  To Clock:  ClkPort

Setup :            0  Failing Endpoints,  Worst Slack        6.551ns,  Total Violation        0.000ns
Hold  :            0  Failing Endpoints,  Worst Slack        0.575ns,  Total Violation        0.000ns
---------------------------------------------------------------------------------------------------


Max Delay Paths
--------------------------------------------------------------------------------------
Slack (MET) :             6.551ns  (required time - arrival time)
  Source:                 Ain_reg[3]/C
                            (rising edge-triggered cell FDCE clocked by ClkPort  {rise@0.000ns fall@5.000ns period=10.000ns})
  Destination:            ee354_GCD_1/A_reg[3]_P/PRE
                            (recovery check against rising-edge clock ClkPort  {rise@0.000ns fall@5.000ns period=10.000ns})
  Path Group:             **async_default**
  Path Type:              Recovery (Max at Slow Process Corner)
  Requirement:            10.000ns  (ClkPort rise@10.000ns - ClkPort rise@0.000ns)
  Data Path Delay:        2.804ns  (logic 0.608ns (21.685%)  route 2.196ns (78.315%))
  Logic Levels:           1  (LUT2=1)
  Clock Path Skew:        -0.025ns (DCD - SCD + CPR)
    Destination Clock Delay (DCD):    5.023ns = ( 15.023 - 10.000 ) 
    Source Clock Delay      (SCD):    5.323ns
    Clock Pessimism Removal (CPR):    0.275ns
  Clock Uncertainty:      0.035ns  ((TSJ^2 + TIJ^2)^1/2 + DJ) / 2 + PE
    Total System Jitter     (TSJ):    0.071ns
    Total Input Jitter      (TIJ):    0.000ns
    Discrete Jitter          (DJ):    0.000ns
    Phase Error              (PE):    0.000ns

    Location             Delay type                Incr(ns)  Path(ns)    Netlist Resource(s)
  -------------------------------------------------------------------    -------------------
                         (clock ClkPort rise edge)    0.000     0.000 r  
    E3                                                0.000     0.000 r  ClkPort (IN)
                         net (fo=0)                   0.000     0.000    BUFGP1/I
    E3                   IBUF (Prop_ibuf_I_O)         1.482     1.482 r  BUFGP1/IBUF/O
                         net (fo=1, routed)           2.025     3.506    BUFGP1/IBUFG_2_BUFG
    BUFGCTRL_X0Y16       BUFG (Prop_bufg_I_O)         0.096     3.602 r  BUFGP1/BUFG/O
                         net (fo=197, routed)         1.720     5.323    board_clk
    SLICE_X0Y85          FDCE                                         r  Ain_reg[3]/C
  -------------------------------------------------------------------    -------------------
    SLICE_X0Y85          FDCE (Prop_fdce_C_Q)         0.456     5.779 f  Ain_reg[3]/Q
                         net (fo=5, routed)           1.114     6.892    ee354_GCD_1/A_reg[7]_P_0[3]
    SLICE_X8Y84          LUT2 (Prop_lut2_I0_O)        0.152     7.044 f  ee354_GCD_1/A_reg[3]_LDC_i_1/O
                         net (fo=2, routed)           1.082     8.126    ee354_GCD_1/A_reg[3]_LDC_i_1_n_0
    SLICE_X2Y85          FDPE                                         f  ee354_GCD_1/A_reg[3]_P/PRE
  -------------------------------------------------------------------    -------------------

                         (clock ClkPort rise edge)   10.000    10.000 r  
    E3                                                0.000    10.000 r  ClkPort (IN)
                         net (fo=0)                   0.000    10.000    BUFGP1/I
    E3                   IBUF (Prop_ibuf_I_O)         1.411    11.411 r  BUFGP1/IBUF/O
                         net (fo=1, routed)           1.920    13.331    BUFGP1/IBUFG_2_BUFG
    BUFGCTRL_X0Y16       BUFG (Prop_bufg_I_O)         0.091    13.422 r  BUFGP1/BUFG/O
                         net (fo=197, routed)         1.600    15.023    ee354_GCD_1/board_clk
    SLICE_X2Y85          FDPE                                         r  ee354_GCD_1/A_reg[3]_P/C
                         clock pessimism              0.275    15.298    
                         clock uncertainty           -0.035    15.262    
    SLICE_X2Y85          FDPE (Recov_fdpe_C_PRE)     -0.585    14.677    ee354_GCD_1/A_reg[3]_P
  -------------------------------------------------------------------
                         required time                         14.677    
                         arrival time                          -8.126    
  -------------------------------------------------------------------
                         slack                                  6.551    

Slack (MET) :             6.761ns  (required time - arrival time)
  Source:                 Ain_reg[4]/C
                            (rising edge-triggered cell FDCE clocked by ClkPort  {rise@0.000ns fall@5.000ns period=10.000ns})
  Destination:            ee354_GCD_1/A_reg[4]_P/PRE
                            (recovery check against rising-edge clock ClkPort  {rise@0.000ns fall@5.000ns period=10.000ns})
  Path Group:             **async_default**
  Path Type:              Recovery (Max at Slow Process Corner)
  Requirement:            10.000ns  (ClkPort rise@10.000ns - ClkPort rise@0.000ns)
  Data Path Delay:        2.596ns  (logic 0.742ns (28.584%)  route 1.854ns (71.416%))
  Logic Levels:           1  (LUT2=1)
  Clock Path Skew:        -0.025ns (DCD - SCD + CPR)
    Destination Clock Delay (DCD):    5.023ns = ( 15.023 - 10.000 ) 
    Source Clock Delay      (SCD):    5.323ns
    Clock Pessimism Removal (CPR):    0.275ns
  Clock Uncertainty:      0.035ns  ((TSJ^2 + TIJ^2)^1/2 + DJ) / 2 + PE
    Total System Jitter     (TSJ):    0.071ns
    Total Input Jitter      (TIJ):    0.000ns
    Discrete Jitter          (DJ):    0.000ns
    Phase Error              (PE):    0.000ns

    Location             Delay type                Incr(ns)  Path(ns)    Netlist Resource(s)
  -------------------------------------------------------------------    -------------------
                         (clock ClkPort rise edge)    0.000     0.000 r  
    E3                                                0.000     0.000 r  ClkPort (IN)
                         net (fo=0)                   0.000     0.000    BUFGP1/I
    E3                   IBUF (Prop_ibuf_I_O)         1.482     1.482 r  BUFGP1/IBUF/O
                         net (fo=1, routed)           2.025     3.506    BUFGP1/IBUFG_2_BUFG
    BUFGCTRL_X0Y16       BUFG (Prop_bufg_I_O)         0.096     3.602 r  BUFGP1/BUFG/O
                         net (fo=197, routed)         1.720     5.323    board_clk
    SLICE_X0Y85          FDCE                                         r  Ain_reg[4]/C
  -------------------------------------------------------------------    -------------------
    SLICE_X0Y85          FDCE (Prop_fdce_C_Q)         0.419     5.742 f  Ain_reg[4]/Q
                         net (fo=5, routed)           0.913     6.654    ee354_GCD_1/A_reg[7]_P_0[4]
    SLICE_X2Y87          LUT2 (Prop_lut2_I0_O)        0.323     6.977 f  ee354_GCD_1/A_reg[4]_LDC_i_1/O
                         net (fo=2, routed)           0.941     7.919    ee354_GCD_1/A_reg[4]_LDC_i_1_n_0
    SLICE_X3Y86          FDPE                                         f  ee354_GCD_1/A_reg[4]_P/PRE
  -------------------------------------------------------------------    -------------------

                         (clock ClkPort rise edge)   10.000    10.000 r  
    E3                                                0.000    10.000 r  ClkPort (IN)
                         net (fo=0)                   0.000    10.000    BUFGP1/I
    E3                   IBUF (Prop_ibuf_I_O)         1.411    11.411 r  BUFGP1/IBUF/O
                         net (fo=1, routed)           1.920    13.331    BUFGP1/IBUFG_2_BUFG
    BUFGCTRL_X0Y16       BUFG (Prop_bufg_I_O)         0.091    13.422 r  BUFGP1/BUFG/O
                         net (fo=197, routed)         1.600    15.023    ee354_GCD_1/board_clk
    SLICE_X3Y86          FDPE                                         r  ee354_GCD_1/A_reg[4]_P/C
                         clock pessimism              0.275    15.298    
                         clock uncertainty           -0.035    15.262    
    SLICE_X3Y86          FDPE (Recov_fdpe_C_PRE)     -0.583    14.679    ee354_GCD_1/A_reg[4]_P
  -------------------------------------------------------------------
                         required time                         14.679    
                         arrival time                          -7.919    
  -------------------------------------------------------------------
                         slack                                  6.761    

Slack (MET) :             6.812ns  (required time - arrival time)
  Source:                 Bin_reg[0]/C
                            (rising edge-triggered cell FDCE clocked by ClkPort  {rise@0.000ns fall@5.000ns period=10.000ns})
  Destination:            ee354_GCD_1/B_reg[0]_P/PRE
                            (recovery check against rising-edge clock ClkPort  {rise@0.000ns fall@5.000ns period=10.000ns})
  Path Group:             **async_default**
  Path Type:              Recovery (Max at Slow Process Corner)
  Requirement:            10.000ns  (ClkPort rise@10.000ns - ClkPort rise@0.000ns)
  Data Path Delay:        2.562ns  (logic 0.606ns (23.652%)  route 1.956ns (76.348%))
  Logic Levels:           1  (LUT2=1)
  Clock Path Skew:        -0.029ns (DCD - SCD + CPR)
    Destination Clock Delay (DCD):    5.018ns = ( 15.018 - 10.000 ) 
    Source Clock Delay      (SCD):    5.323ns
    Clock Pessimism Removal (CPR):    0.276ns
  Clock Uncertainty:      0.035ns  ((TSJ^2 + TIJ^2)^1/2 + DJ) / 2 + PE
    Total System Jitter     (TSJ):    0.071ns
    Total Input Jitter      (TIJ):    0.000ns
    Discrete Jitter          (DJ):    0.000ns
    Phase Error              (PE):    0.000ns

    Location             Delay type                Incr(ns)  Path(ns)    Netlist Resource(s)
  -------------------------------------------------------------------    -------------------
                         (clock ClkPort rise edge)    0.000     0.000 r  
    E3                                                0.000     0.000 r  ClkPort (IN)
                         net (fo=0)                   0.000     0.000    BUFGP1/I
    E3                   IBUF (Prop_ibuf_I_O)         1.482     1.482 r  BUFGP1/IBUF/O
                         net (fo=1, routed)           2.025     3.506    BUFGP1/IBUFG_2_BUFG
    BUFGCTRL_X0Y16       BUFG (Prop_bufg_I_O)         0.096     3.602 r  BUFGP1/BUFG/O
                         net (fo=197, routed)         1.720     5.323    board_clk
    SLICE_X5Y87          FDCE                                         r  Bin_reg[0]/C
  -------------------------------------------------------------------    -------------------
    SLICE_X5Y87          FDCE (Prop_fdce_C_Q)         0.456     5.779 f  Bin_reg[0]/Q
                         net (fo=4, routed)           1.311     7.090    ee354_GCD_1/B_reg[7]_C_0[0]
    SLICE_X4Y82          LUT2 (Prop_lut2_I0_O)        0.150     7.240 f  ee354_GCD_1/B_reg[0]_LDC_i_1/O
                         net (fo=2, routed)           0.645     7.885    ee354_GCD_1/B_reg[0]_LDC_i_1_n_0
    SLICE_X4Y82          FDPE                                         f  ee354_GCD_1/B_reg[0]_P/PRE
  -------------------------------------------------------------------    -------------------

                         (clock ClkPort rise edge)   10.000    10.000 r  
    E3                                                0.000    10.000 r  ClkPort (IN)
                         net (fo=0)                   0.000    10.000    BUFGP1/I
    E3                   IBUF (Prop_ibuf_I_O)         1.411    11.411 r  BUFGP1/IBUF/O
                         net (fo=1, routed)           1.920    13.331    BUFGP1/IBUFG_2_BUFG
    BUFGCTRL_X0Y16       BUFG (Prop_bufg_I_O)         0.091    13.422 r  BUFGP1/BUFG/O
                         net (fo=197, routed)         1.595    15.018    ee354_GCD_1/board_clk
    SLICE_X4Y82          FDPE                                         r  ee354_GCD_1/B_reg[0]_P/C
                         clock pessimism              0.276    15.294    
                         clock uncertainty           -0.035    15.258    
    SLICE_X4Y82          FDPE (Recov_fdpe_C_PRE)     -0.561    14.697    ee354_GCD_1/B_reg[0]_P
  -------------------------------------------------------------------
                         required time                         14.697    
                         arrival time                          -7.885    
  -------------------------------------------------------------------
                         slack                                  6.812    

Slack (MET) :             6.835ns  (required time - arrival time)
  Source:                 Bin_reg[5]/C
                            (rising edge-triggered cell FDCE clocked by ClkPort  {rise@0.000ns fall@5.000ns period=10.000ns})
  Destination:            ee354_GCD_1/B_reg[5]_P/PRE
                            (recovery check against rising-edge clock ClkPort  {rise@0.000ns fall@5.000ns period=10.000ns})
  Path Group:             **async_default**
  Path Type:              Recovery (Max at Slow Process Corner)
  Requirement:            10.000ns  (ClkPort rise@10.000ns - ClkPort rise@0.000ns)
  Data Path Delay:        2.447ns  (logic 0.743ns (30.362%)  route 1.704ns (69.638%))
  Logic Levels:           1  (LUT2=1)
  Clock Path Skew:        -0.120ns (DCD - SCD + CPR)
    Destination Clock Delay (DCD):    4.942ns = ( 14.942 - 10.000 ) 
    Source Clock Delay      (SCD):    5.321ns
    Clock Pessimism Removal (CPR):    0.259ns
  Clock Uncertainty:      0.035ns  ((TSJ^2 + TIJ^2)^1/2 + DJ) / 2 + PE
    Total System Jitter     (TSJ):    0.071ns
    Total Input Jitter      (TIJ):    0.000ns
    Discrete Jitter          (DJ):    0.000ns
    Phase Error              (PE):    0.000ns

    Location             Delay type                Incr(ns)  Path(ns)    Netlist Resource(s)
  -------------------------------------------------------------------    -------------------
                         (clock ClkPort rise edge)    0.000     0.000 r  
    E3                                                0.000     0.000 r  ClkPort (IN)
                         net (fo=0)                   0.000     0.000    BUFGP1/I
    E3                   IBUF (Prop_ibuf_I_O)         1.482     1.482 r  BUFGP1/IBUF/O
                         net (fo=1, routed)           2.025     3.506    BUFGP1/IBUFG_2_BUFG
    BUFGCTRL_X0Y16       BUFG (Prop_bufg_I_O)         0.096     3.602 r  BUFGP1/BUFG/O
                         net (fo=197, routed)         1.718     5.321    board_clk
    SLICE_X0Y84          FDCE                                         r  Bin_reg[5]/C
  -------------------------------------------------------------------    -------------------
    SLICE_X0Y84          FDCE (Prop_fdce_C_Q)         0.419     5.740 f  Bin_reg[5]/Q
                         net (fo=4, routed)           0.971     6.711    ee354_GCD_1/B_reg[7]_C_0[5]
    SLICE_X5Y85          LUT2 (Prop_lut2_I0_O)        0.324     7.035 f  ee354_GCD_1/B_reg[5]_LDC_i_1/O
                         net (fo=2, routed)           0.733     7.768    ee354_GCD_1/B_reg[5]_LDC_i_1_n_0
    SLICE_X8Y85          FDPE                                         f  ee354_GCD_1/B_reg[5]_P/PRE
  -------------------------------------------------------------------    -------------------

                         (clock ClkPort rise edge)   10.000    10.000 r  
    E3                                                0.000    10.000 r  ClkPort (IN)
                         net (fo=0)                   0.000    10.000    BUFGP1/I
    E3                   IBUF (Prop_ibuf_I_O)         1.411    11.411 r  BUFGP1/IBUF/O
                         net (fo=1, routed)           1.920    13.331    BUFGP1/IBUFG_2_BUFG
    BUFGCTRL_X0Y16       BUFG (Prop_bufg_I_O)         0.091    13.422 r  BUFGP1/BUFG/O
                         net (fo=197, routed)         1.519    14.942    ee354_GCD_1/board_clk
    SLICE_X8Y85          FDPE                                         r  ee354_GCD_1/B_reg[5]_P/C
                         clock pessimism              0.259    15.201    
                         clock uncertainty           -0.035    15.165    
    SLICE_X8Y85          FDPE (Recov_fdpe_C_PRE)     -0.563    14.602    ee354_GCD_1/B_reg[5]_P
  -------------------------------------------------------------------
                         required time                         14.602    
                         arrival time                          -7.768    
  -------------------------------------------------------------------
                         slack                                  6.835    

Slack (MET) :             6.903ns  (required time - arrival time)
  Source:                 Bin_reg[2]/C
                            (rising edge-triggered cell FDCE clocked by ClkPort  {rise@0.000ns fall@5.000ns period=10.000ns})
  Destination:            ee354_GCD_1/B_reg[2]_P/PRE
                            (recovery check against rising-edge clock ClkPort  {rise@0.000ns fall@5.000ns period=10.000ns})
  Path Group:             **async_default**
  Path Type:              Recovery (Max at Slow Process Corner)
  Requirement:            10.000ns  (ClkPort rise@10.000ns - ClkPort rise@0.000ns)
  Data Path Delay:        2.454ns  (logic 0.606ns (24.691%)  route 1.848ns (75.309%))
  Logic Levels:           1  (LUT2=1)
  Clock Path Skew:        -0.046ns (DCD - SCD + CPR)
    Destination Clock Delay (DCD):    5.016ns = ( 15.016 - 10.000 ) 
    Source Clock Delay      (SCD):    5.321ns
    Clock Pessimism Removal (CPR):    0.259ns
  Clock Uncertainty:      0.035ns  ((TSJ^2 + TIJ^2)^1/2 + DJ) / 2 + PE
    Total System Jitter     (TSJ):    0.071ns
    Total Input Jitter      (TIJ):    0.000ns
    Discrete Jitter          (DJ):    0.000ns
    Phase Error              (PE):    0.000ns

    Location             Delay type                Incr(ns)  Path(ns)    Netlist Resource(s)
  -------------------------------------------------------------------    -------------------
                         (clock ClkPort rise edge)    0.000     0.000 r  
    E3                                                0.000     0.000 r  ClkPort (IN)
                         net (fo=0)                   0.000     0.000    BUFGP1/I
    E3                   IBUF (Prop_ibuf_I_O)         1.482     1.482 r  BUFGP1/IBUF/O
                         net (fo=1, routed)           2.025     3.506    BUFGP1/IBUFG_2_BUFG
    BUFGCTRL_X0Y16       BUFG (Prop_bufg_I_O)         0.096     3.602 r  BUFGP1/BUFG/O
                         net (fo=197, routed)         1.718     5.321    board_clk
    SLICE_X0Y84          FDCE                                         r  Bin_reg[2]/C
  -------------------------------------------------------------------    -------------------
    SLICE_X0Y84          FDCE (Prop_fdce_C_Q)         0.456     5.777 f  Bin_reg[2]/Q
                         net (fo=4, routed)           0.892     6.668    ee354_GCD_1/B_reg[7]_C_0[2]
    SLICE_X7Y82          LUT2 (Prop_lut2_I0_O)        0.150     6.818 f  ee354_GCD_1/B_reg[2]_LDC_i_1/O
                         net (fo=2, routed)           0.957     7.775    ee354_GCD_1/B_reg[2]_LDC_i_1_n_0
    SLICE_X7Y81          FDPE                                         f  ee354_GCD_1/B_reg[2]_P/PRE
  -------------------------------------------------------------------    -------------------

                         (clock ClkPort rise edge)   10.000    10.000 r  
    E3                                                0.000    10.000 r  ClkPort (IN)
                         net (fo=0)                   0.000    10.000    BUFGP1/I
    E3                   IBUF (Prop_ibuf_I_O)         1.411    11.411 r  BUFGP1/IBUF/O
                         net (fo=1, routed)           1.920    13.331    BUFGP1/IBUFG_2_BUFG
    BUFGCTRL_X0Y16       BUFG (Prop_bufg_I_O)         0.091    13.422 r  BUFGP1/BUFG/O
                         net (fo=197, routed)         1.593    15.016    ee354_GCD_1/board_clk
    SLICE_X7Y81          FDPE                                         r  ee354_GCD_1/B_reg[2]_P/C
                         clock pessimism              0.259    15.275    
                         clock uncertainty           -0.035    15.239    
    SLICE_X7Y81          FDPE (Recov_fdpe_C_PRE)     -0.561    14.678    ee354_GCD_1/B_reg[2]_P
  -------------------------------------------------------------------
                         required time                         14.678    
                         arrival time                          -7.775    
  -------------------------------------------------------------------
                         slack                                  6.903    

Slack (MET) :             6.914ns  (required time - arrival time)
  Source:                 Bin_reg[0]/C
                            (rising edge-triggered cell FDCE clocked by ClkPort  {rise@0.000ns fall@5.000ns period=10.000ns})
  Destination:            ee354_GCD_1/B_reg[0]_C/CLR
                            (recovery check against rising-edge clock ClkPort  {rise@0.000ns fall@5.000ns period=10.000ns})
  Path Group:             **async_default**
  Path Type:              Recovery (Max at Slow Process Corner)
  Requirement:            10.000ns  (ClkPort rise@10.000ns - ClkPort rise@0.000ns)
  Data Path Delay:        2.615ns  (logic 0.580ns (22.180%)  route 2.035ns (77.820%))
  Logic Levels:           1  (LUT2=1)
  Clock Path Skew:        -0.031ns (DCD - SCD + CPR)
    Destination Clock Delay (DCD):    5.016ns = ( 15.016 - 10.000 ) 
    Source Clock Delay      (SCD):    5.323ns
    Clock Pessimism Removal (CPR):    0.276ns
  Clock Uncertainty:      0.035ns  ((TSJ^2 + TIJ^2)^1/2 + DJ) / 2 + PE
    Total System Jitter     (TSJ):    0.071ns
    Total Input Jitter      (TIJ):    0.000ns
    Discrete Jitter          (DJ):    0.000ns
    Phase Error              (PE):    0.000ns

    Location             Delay type                Incr(ns)  Path(ns)    Netlist Resource(s)
  -------------------------------------------------------------------    -------------------
                         (clock ClkPort rise edge)    0.000     0.000 r  
    E3                                                0.000     0.000 r  ClkPort (IN)
                         net (fo=0)                   0.000     0.000    BUFGP1/I
    E3                   IBUF (Prop_ibuf_I_O)         1.482     1.482 r  BUFGP1/IBUF/O
                         net (fo=1, routed)           2.025     3.506    BUFGP1/IBUFG_2_BUFG
    BUFGCTRL_X0Y16       BUFG (Prop_bufg_I_O)         0.096     3.602 r  BUFGP1/BUFG/O
                         net (fo=197, routed)         1.720     5.323    board_clk
    SLICE_X5Y87          FDCE                                         r  Bin_reg[0]/C
  -------------------------------------------------------------------    -------------------
    SLICE_X5Y87          FDCE (Prop_fdce_C_Q)         0.456     5.779 r  Bin_reg[0]/Q
                         net (fo=4, routed)           1.311     7.090    ee354_GCD_1/B_reg[7]_C_0[0]
    SLICE_X4Y82          LUT2 (Prop_lut2_I1_O)        0.124     7.214 f  ee354_GCD_1/B_reg[0]_LDC_i_2/O
                         net (fo=2, routed)           0.724     7.938    ee354_GCD_1/B_reg[0]_LDC_i_2_n_0
    SLICE_X4Y81          FDCE                                         f  ee354_GCD_1/B_reg[0]_C/CLR
  -------------------------------------------------------------------    -------------------

                         (clock ClkPort rise edge)   10.000    10.000 r  
    E3                                                0.000    10.000 r  ClkPort (IN)
                         net (fo=0)                   0.000    10.000    BUFGP1/I
    E3                   IBUF (Prop_ibuf_I_O)         1.411    11.411 r  BUFGP1/IBUF/O
                         net (fo=1, routed)           1.920    13.331    BUFGP1/IBUFG_2_BUFG
    BUFGCTRL_X0Y16       BUFG (Prop_bufg_I_O)         0.091    13.422 r  BUFGP1/BUFG/O
                         net (fo=197, routed)         1.593    15.016    ee354_GCD_1/board_clk
    SLICE_X4Y81          FDCE                                         r  ee354_GCD_1/B_reg[0]_C/C
                         clock pessimism              0.276    15.292    
                         clock uncertainty           -0.035    15.256    
    SLICE_X4Y81          FDCE (Recov_fdce_C_CLR)     -0.405    14.851    ee354_GCD_1/B_reg[0]_C
  -------------------------------------------------------------------
                         required time                         14.851    
                         arrival time                          -7.938    
  -------------------------------------------------------------------
                         slack                                  6.914    

Slack (MET) :             6.991ns  (required time - arrival time)
  Source:                 Bin_reg[1]/C
                            (rising edge-triggered cell FDCE clocked by ClkPort  {rise@0.000ns fall@5.000ns period=10.000ns})
  Destination:            ee354_GCD_1/B_reg[1]_P/PRE
                            (recovery check against rising-edge clock ClkPort  {rise@0.000ns fall@5.000ns period=10.000ns})
  Path Group:             **async_default**
  Path Type:              Recovery (Max at Slow Process Corner)
  Requirement:            10.000ns  (ClkPort rise@10.000ns - ClkPort rise@0.000ns)
  Data Path Delay:        2.287ns  (logic 0.606ns (26.498%)  route 1.681ns (73.502%))
  Logic Levels:           1  (LUT2=1)
  Clock Path Skew:        -0.122ns (DCD - SCD + CPR)
    Destination Clock Delay (DCD):    4.940ns = ( 14.940 - 10.000 ) 
    Source Clock Delay      (SCD):    5.321ns
    Clock Pessimism Removal (CPR):    0.259ns
  Clock Uncertainty:      0.035ns  ((TSJ^2 + TIJ^2)^1/2 + DJ) / 2 + PE
    Total System Jitter     (TSJ):    0.071ns
    Total Input Jitter      (TIJ):    0.000ns
    Discrete Jitter          (DJ):    0.000ns
    Phase Error              (PE):    0.000ns

    Location             Delay type                Incr(ns)  Path(ns)    Netlist Resource(s)
  -------------------------------------------------------------------    -------------------
                         (clock ClkPort rise edge)    0.000     0.000 r  
    E3                                                0.000     0.000 r  ClkPort (IN)
                         net (fo=0)                   0.000     0.000    BUFGP1/I
    E3                   IBUF (Prop_ibuf_I_O)         1.482     1.482 r  BUFGP1/IBUF/O
                         net (fo=1, routed)           2.025     3.506    BUFGP1/IBUFG_2_BUFG
    BUFGCTRL_X0Y16       BUFG (Prop_bufg_I_O)         0.096     3.602 r  BUFGP1/BUFG/O
                         net (fo=197, routed)         1.718     5.321    board_clk
    SLICE_X0Y84          FDCE                                         r  Bin_reg[1]/C
  -------------------------------------------------------------------    -------------------
    SLICE_X0Y84          FDCE (Prop_fdce_C_Q)         0.456     5.777 f  Bin_reg[1]/Q
                         net (fo=4, routed)           1.086     6.862    ee354_GCD_1/B_reg[7]_C_0[1]
    SLICE_X8Y83          LUT2 (Prop_lut2_I0_O)        0.150     7.012 f  ee354_GCD_1/B_reg[1]_LDC_i_1/O
                         net (fo=2, routed)           0.595     7.608    ee354_GCD_1/B_reg[1]_LDC_i_1_n_0
    SLICE_X8Y83          FDPE                                         f  ee354_GCD_1/B_reg[1]_P/PRE
  -------------------------------------------------------------------    -------------------

                         (clock ClkPort rise edge)   10.000    10.000 r  
    E3                                                0.000    10.000 r  ClkPort (IN)
                         net (fo=0)                   0.000    10.000    BUFGP1/I
    E3                   IBUF (Prop_ibuf_I_O)         1.411    11.411 r  BUFGP1/IBUF/O
                         net (fo=1, routed)           1.920    13.331    BUFGP1/IBUFG_2_BUFG
    BUFGCTRL_X0Y16       BUFG (Prop_bufg_I_O)         0.091    13.422 r  BUFGP1/BUFG/O
                         net (fo=197, routed)         1.517    14.940    ee354_GCD_1/board_clk
    SLICE_X8Y83          FDPE                                         r  ee354_GCD_1/B_reg[1]_P/C
                         clock pessimism              0.259    15.199    
                         clock uncertainty           -0.035    15.163    
    SLICE_X8Y83          FDPE (Recov_fdpe_C_PRE)     -0.565    14.598    ee354_GCD_1/B_reg[1]_P
  -------------------------------------------------------------------
                         required time                         14.598    
                         arrival time                          -7.608    
  -------------------------------------------------------------------
                         slack                                  6.991    

Slack (MET) :             7.017ns  (required time - arrival time)
  Source:                 Bin_reg[1]/C
                            (rising edge-triggered cell FDCE clocked by ClkPort  {rise@0.000ns fall@5.000ns period=10.000ns})
  Destination:            ee354_GCD_1/B_reg[1]_C/CLR
                            (recovery check against rising-edge clock ClkPort  {rise@0.000ns fall@5.000ns period=10.000ns})
  Path Group:             **async_default**
  Path Type:              Recovery (Max at Slow Process Corner)
  Requirement:            10.000ns  (ClkPort rise@10.000ns - ClkPort rise@0.000ns)
  Data Path Delay:        2.421ns  (logic 0.580ns (23.961%)  route 1.841ns (76.039%))
  Logic Levels:           1  (LUT2=1)
  Clock Path Skew:        -0.122ns (DCD - SCD + CPR)
    Destination Clock Delay (DCD):    4.940ns = ( 14.940 - 10.000 ) 
    Source Clock Delay      (SCD):    5.321ns
    Clock Pessimism Removal (CPR):    0.259ns
  Clock Uncertainty:      0.035ns  ((TSJ^2 + TIJ^2)^1/2 + DJ) / 2 + PE
    Total System Jitter     (TSJ):    0.071ns
    Total Input Jitter      (TIJ):    0.000ns
    Discrete Jitter          (DJ):    0.000ns
    Phase Error              (PE):    0.000ns

    Location             Delay type                Incr(ns)  Path(ns)    Netlist Resource(s)
  -------------------------------------------------------------------    -------------------
                         (clock ClkPort rise edge)    0.000     0.000 r  
    E3                                                0.000     0.000 r  ClkPort (IN)
                         net (fo=0)                   0.000     0.000    BUFGP1/I
    E3                   IBUF (Prop_ibuf_I_O)         1.482     1.482 r  BUFGP1/IBUF/O
                         net (fo=1, routed)           2.025     3.506    BUFGP1/IBUFG_2_BUFG
    BUFGCTRL_X0Y16       BUFG (Prop_bufg_I_O)         0.096     3.602 r  BUFGP1/BUFG/O
                         net (fo=197, routed)         1.718     5.321    board_clk
    SLICE_X0Y84          FDCE                                         r  Bin_reg[1]/C
  -------------------------------------------------------------------    -------------------
    SLICE_X0Y84          FDCE (Prop_fdce_C_Q)         0.456     5.777 r  Bin_reg[1]/Q
                         net (fo=4, routed)           1.086     6.862    ee354_GCD_1/B_reg[7]_C_0[1]
    SLICE_X8Y83          LUT2 (Prop_lut2_I1_O)        0.124     6.986 f  ee354_GCD_1/B_reg[1]_LDC_i_2/O
                         net (fo=2, routed)           0.755     7.741    ee354_GCD_1/B_reg[1]_LDC_i_2_n_0
    SLICE_X9Y83          FDCE                                         f  ee354_GCD_1/B_reg[1]_C/CLR
  -------------------------------------------------------------------    -------------------

                         (clock ClkPort rise edge)   10.000    10.000 r  
    E3                                                0.000    10.000 r  ClkPort (IN)
                         net (fo=0)                   0.000    10.000    BUFGP1/I
    E3                   IBUF (Prop_ibuf_I_O)         1.411    11.411 r  BUFGP1/IBUF/O
                         net (fo=1, routed)           1.920    13.331    BUFGP1/IBUFG_2_BUFG
    BUFGCTRL_X0Y16       BUFG (Prop_bufg_I_O)         0.091    13.422 r  BUFGP1/BUFG/O
                         net (fo=197, routed)         1.517    14.940    ee354_GCD_1/board_clk
    SLICE_X9Y83          FDCE                                         r  ee354_GCD_1/B_reg[1]_C/C
                         clock pessimism              0.259    15.199    
                         clock uncertainty           -0.035    15.163    
    SLICE_X9Y83          FDCE (Recov_fdce_C_CLR)     -0.405    14.758    ee354_GCD_1/B_reg[1]_C
  -------------------------------------------------------------------
                         required time                         14.758    
                         arrival time                          -7.741    
  -------------------------------------------------------------------
                         slack                                  7.017    

Slack (MET) :             7.050ns  (required time - arrival time)
  Source:                 Ain_reg[5]/C
                            (rising edge-triggered cell FDCE clocked by ClkPort  {rise@0.000ns fall@5.000ns period=10.000ns})
  Destination:            ee354_GCD_1/A_reg[5]_P/PRE
                            (recovery check against rising-edge clock ClkPort  {rise@0.000ns fall@5.000ns period=10.000ns})
  Path Group:             **async_default**
  Path Type:              Recovery (Max at Slow Process Corner)
  Requirement:            10.000ns  (ClkPort rise@10.000ns - ClkPort rise@0.000ns)
  Data Path Delay:        2.304ns  (logic 0.746ns (32.374%)  route 1.558ns (67.626%))
  Logic Levels:           1  (LUT2=1)
  Clock Path Skew:        -0.025ns (DCD - SCD + CPR)
    Destination Clock Delay (DCD):    5.023ns = ( 15.023 - 10.000 ) 
    Source Clock Delay      (SCD):    5.323ns
    Clock Pessimism Removal (CPR):    0.275ns
  Clock Uncertainty:      0.035ns  ((TSJ^2 + TIJ^2)^1/2 + DJ) / 2 + PE
    Total System Jitter     (TSJ):    0.071ns
    Total Input Jitter      (TIJ):    0.000ns
    Discrete Jitter          (DJ):    0.000ns
    Phase Error              (PE):    0.000ns

    Location             Delay type                Incr(ns)  Path(ns)    Netlist Resource(s)
  -------------------------------------------------------------------    -------------------
                         (clock ClkPort rise edge)    0.000     0.000 r  
    E3                                                0.000     0.000 r  ClkPort (IN)
                         net (fo=0)                   0.000     0.000    BUFGP1/I
    E3                   IBUF (Prop_ibuf_I_O)         1.482     1.482 r  BUFGP1/IBUF/O
                         net (fo=1, routed)           2.025     3.506    BUFGP1/IBUFG_2_BUFG
    BUFGCTRL_X0Y16       BUFG (Prop_bufg_I_O)         0.096     3.602 r  BUFGP1/BUFG/O
                         net (fo=197, routed)         1.720     5.323    board_clk
    SLICE_X0Y85          FDCE                                         r  Ain_reg[5]/C
  -------------------------------------------------------------------    -------------------
    SLICE_X0Y85          FDCE (Prop_fdce_C_Q)         0.419     5.742 f  Ain_reg[5]/Q
                         net (fo=5, routed)           0.833     6.575    ee354_GCD_1/A_reg[7]_P_0[5]
    SLICE_X2Y86          LUT2 (Prop_lut2_I0_O)        0.327     6.902 f  ee354_GCD_1/A_reg[5]_LDC_i_1/O
                         net (fo=2, routed)           0.726     7.627    ee354_GCD_1/A_reg[5]_LDC_i_1_n_0
    SLICE_X2Y86          FDPE                                         f  ee354_GCD_1/A_reg[5]_P/PRE
  -------------------------------------------------------------------    -------------------

                         (clock ClkPort rise edge)   10.000    10.000 r  
    E3                                                0.000    10.000 r  ClkPort (IN)
                         net (fo=0)                   0.000    10.000    BUFGP1/I
    E3                   IBUF (Prop_ibuf_I_O)         1.411    11.411 r  BUFGP1/IBUF/O
                         net (fo=1, routed)           1.920    13.331    BUFGP1/IBUFG_2_BUFG
    BUFGCTRL_X0Y16       BUFG (Prop_bufg_I_O)         0.091    13.422 r  BUFGP1/BUFG/O
                         net (fo=197, routed)         1.600    15.023    ee354_GCD_1/board_clk
    SLICE_X2Y86          FDPE                                         r  ee354_GCD_1/A_reg[5]_P/C
                         clock pessimism              0.275    15.298    
                         clock uncertainty           -0.035    15.262    
    SLICE_X2Y86          FDPE (Recov_fdpe_C_PRE)     -0.585    14.677    ee354_GCD_1/A_reg[5]_P
  -------------------------------------------------------------------
                         required time                         14.677    
                         arrival time                          -7.627    
  -------------------------------------------------------------------
                         slack                                  7.050    

Slack (MET) :             7.056ns  (required time - arrival time)
  Source:                 Ain_reg[1]/C
                            (rising edge-triggered cell FDCE clocked by ClkPort  {rise@0.000ns fall@5.000ns period=10.000ns})
  Destination:            ee354_GCD_1/A_reg[1]_P/PRE
                            (recovery check against rising-edge clock ClkPort  {rise@0.000ns fall@5.000ns period=10.000ns})
  Path Group:             **async_default**
  Path Type:              Recovery (Max at Slow Process Corner)
  Requirement:            10.000ns  (ClkPort rise@10.000ns - ClkPort rise@0.000ns)
  Data Path Delay:        2.303ns  (logic 0.606ns (26.314%)  route 1.697ns (73.686%))
  Logic Levels:           1  (LUT2=1)
  Clock Path Skew:        -0.045ns (DCD - SCD + CPR)
    Destination Clock Delay (DCD):    5.019ns = ( 15.019 - 10.000 ) 
    Source Clock Delay      (SCD):    5.323ns
    Clock Pessimism Removal (CPR):    0.259ns
  Clock Uncertainty:      0.035ns  ((TSJ^2 + TIJ^2)^1/2 + DJ) / 2 + PE
    Total System Jitter     (TSJ):    0.071ns
    Total Input Jitter      (TIJ):    0.000ns
    Discrete Jitter          (DJ):    0.000ns
    Phase Error              (PE):    0.000ns

    Location             Delay type                Incr(ns)  Path(ns)    Netlist Resource(s)
  -------------------------------------------------------------------    -------------------
                         (clock ClkPort rise edge)    0.000     0.000 r  
    E3                                                0.000     0.000 r  ClkPort (IN)
                         net (fo=0)                   0.000     0.000    BUFGP1/I
    E3                   IBUF (Prop_ibuf_I_O)         1.482     1.482 r  BUFGP1/IBUF/O
                         net (fo=1, routed)           2.025     3.506    BUFGP1/IBUFG_2_BUFG
    BUFGCTRL_X0Y16       BUFG (Prop_bufg_I_O)         0.096     3.602 r  BUFGP1/BUFG/O
                         net (fo=197, routed)         1.720     5.323    board_clk
    SLICE_X0Y85          FDCE                                         r  Ain_reg[1]/C
  -------------------------------------------------------------------    -------------------
    SLICE_X0Y85          FDCE (Prop_fdce_C_Q)         0.456     5.779 f  Ain_reg[1]/Q
                         net (fo=5, routed)           0.908     6.687    ee354_GCD_1/A_reg[7]_P_0[1]
    SLICE_X5Y83          LUT2 (Prop_lut2_I0_O)        0.150     6.837 f  ee354_GCD_1/A_reg[1]_LDC_i_1/O
                         net (fo=2, routed)           0.789     7.626    ee354_GCD_1/A_reg[1]_LDC_i_1_n_0
    SLICE_X4Y83          FDPE                                         f  ee354_GCD_1/A_reg[1]_P/PRE
  -------------------------------------------------------------------    -------------------

                         (clock ClkPort rise edge)   10.000    10.000 r  
    E3                                                0.000    10.000 r  ClkPort (IN)
                         net (fo=0)                   0.000    10.000    BUFGP1/I
    E3                   IBUF (Prop_ibuf_I_O)         1.411    11.411 r  BUFGP1/IBUF/O
                         net (fo=1, routed)           1.920    13.331    BUFGP1/IBUFG_2_BUFG
    BUFGCTRL_X0Y16       BUFG (Prop_bufg_I_O)         0.091    13.422 r  BUFGP1/BUFG/O
                         net (fo=197, routed)         1.596    15.019    ee354_GCD_1/board_clk
    SLICE_X4Y83          FDPE                                         r  ee354_GCD_1/A_reg[1]_P/C
                         clock pessimism              0.259    15.278    
                         clock uncertainty           -0.035    15.242    
    SLICE_X4Y83          FDPE (Recov_fdpe_C_PRE)     -0.561    14.681    ee354_GCD_1/A_reg[1]_P
  -------------------------------------------------------------------
                         required time                         14.681    
                         arrival time                          -7.626    
  -------------------------------------------------------------------
                         slack                                  7.056    





Min Delay Paths
--------------------------------------------------------------------------------------
Slack (MET) :             0.575ns  (arrival time - required time)
  Source:                 Bin_reg[6]/C
                            (rising edge-triggered cell FDCE clocked by ClkPort  {rise@0.000ns fall@5.000ns period=10.000ns})
  Destination:            ee354_GCD_1/B_reg[6]_C/CLR
                            (removal check against rising-edge clock ClkPort  {rise@0.000ns fall@5.000ns period=10.000ns})
  Path Group:             **async_default**
  Path Type:              Removal (Min at Fast Process Corner)
  Requirement:            0.000ns  (ClkPort rise@0.000ns - ClkPort rise@0.000ns)
  Data Path Delay:        0.524ns  (logic 0.186ns (35.508%)  route 0.338ns (64.492%))
  Logic Levels:           1  (LUT2=1)
  Clock Path Skew:        0.041ns (DCD - SCD - CPR)
    Destination Clock Delay (DCD):    2.040ns
    Source Clock Delay      (SCD):    1.519ns
    Clock Pessimism Removal (CPR):    0.479ns

    Location             Delay type                Incr(ns)  Path(ns)    Netlist Resource(s)
  -------------------------------------------------------------------    -------------------
                         (clock ClkPort rise edge)    0.000     0.000 r  
    E3                                                0.000     0.000 r  ClkPort (IN)
                         net (fo=0)                   0.000     0.000    BUFGP1/I
    E3                   IBUF (Prop_ibuf_I_O)         0.250     0.250 r  BUFGP1/IBUF/O
                         net (fo=1, routed)           0.644     0.894    BUFGP1/IBUFG_2_BUFG
    BUFGCTRL_X0Y16       BUFG (Prop_bufg_I_O)         0.026     0.920 r  BUFGP1/BUFG/O
                         net (fo=197, routed)         0.600     1.519    board_clk
    SLICE_X5Y87          FDCE                                         r  Bin_reg[6]/C
  -------------------------------------------------------------------    -------------------
    SLICE_X5Y87          FDCE (Prop_fdce_C_Q)         0.141     1.660 r  Bin_reg[6]/Q
                         net (fo=4, routed)           0.149     1.809    ee354_GCD_1/B_reg[7]_C_0[6]
    SLICE_X4Y87          LUT2 (Prop_lut2_I1_O)        0.045     1.854 f  ee354_GCD_1/B_reg[6]_LDC_i_2/O
                         net (fo=2, routed)           0.189     2.043    ee354_GCD_1/B_reg[6]_LDC_i_2_n_0
    SLICE_X3Y89          FDCE                                         f  ee354_GCD_1/B_reg[6]_C/CLR
  -------------------------------------------------------------------    -------------------

                         (clock ClkPort rise edge)    0.000     0.000 r  
    E3                                                0.000     0.000 r  ClkPort (IN)
                         net (fo=0)                   0.000     0.000    BUFGP1/I
    E3                   IBUF (Prop_ibuf_I_O)         0.438     0.438 r  BUFGP1/IBUF/O
                         net (fo=1, routed)           0.699     1.136    BUFGP1/IBUFG_2_BUFG
    BUFGCTRL_X0Y16       BUFG (Prop_bufg_I_O)         0.029     1.165 r  BUFGP1/BUFG/O
                         net (fo=197, routed)         0.875     2.040    ee354_GCD_1/board_clk
    SLICE_X3Y89          FDCE                                         r  ee354_GCD_1/B_reg[6]_C/C
                         clock pessimism             -0.479     1.560    
    SLICE_X3Y89          FDCE (Remov_fdce_C_CLR)     -0.092     1.468    ee354_GCD_1/B_reg[6]_C
  -------------------------------------------------------------------
                         required time                         -1.468    
                         arrival time                           2.043    
  -------------------------------------------------------------------
                         slack                                  0.575    

Slack (MET) :             0.602ns  (arrival time - required time)
  Source:                 Ain_reg[2]/C
                            (rising edge-triggered cell FDCE clocked by ClkPort  {rise@0.000ns fall@5.000ns period=10.000ns})
  Destination:            ee354_GCD_1/A_reg[2]_C/CLR
                            (removal check against rising-edge clock ClkPort  {rise@0.000ns fall@5.000ns period=10.000ns})
  Path Group:             **async_default**
  Path Type:              Removal (Min at Fast Process Corner)
  Requirement:            0.000ns  (ClkPort rise@0.000ns - ClkPort rise@0.000ns)
  Data Path Delay:        0.548ns  (logic 0.186ns (33.963%)  route 0.362ns (66.037%))
  Logic Levels:           1  (LUT2=1)
  Clock Path Skew:        0.013ns (DCD - SCD - CPR)
    Destination Clock Delay (DCD):    2.035ns
    Source Clock Delay      (SCD):    1.519ns
    Clock Pessimism Removal (CPR):    0.502ns

    Location             Delay type                Incr(ns)  Path(ns)    Netlist Resource(s)
  -------------------------------------------------------------------    -------------------
                         (clock ClkPort rise edge)    0.000     0.000 r  
    E3                                                0.000     0.000 r  ClkPort (IN)
                         net (fo=0)                   0.000     0.000    BUFGP1/I
    E3                   IBUF (Prop_ibuf_I_O)         0.250     0.250 r  BUFGP1/IBUF/O
                         net (fo=1, routed)           0.644     0.894    BUFGP1/IBUFG_2_BUFG
    BUFGCTRL_X0Y16       BUFG (Prop_bufg_I_O)         0.026     0.920 r  BUFGP1/BUFG/O
                         net (fo=197, routed)         0.600     1.519    board_clk
    SLICE_X0Y85          FDCE                                         r  Ain_reg[2]/C
  -------------------------------------------------------------------    -------------------
    SLICE_X0Y85          FDCE (Prop_fdce_C_Q)         0.141     1.660 r  Ain_reg[2]/Q
                         net (fo=5, routed)           0.171     1.832    ee354_GCD_1/A_reg[7]_P_0[2]
    SLICE_X2Y85          LUT2 (Prop_lut2_I1_O)        0.045     1.877 f  ee354_GCD_1/A_reg[2]_LDC_i_2/O
                         net (fo=2, routed)           0.190     2.067    ee354_GCD_1/A_reg[2]_LDC_i_2_n_0
    SLICE_X2Y83          FDCE                                         f  ee354_GCD_1/A_reg[2]_C/CLR
  -------------------------------------------------------------------    -------------------

                         (clock ClkPort rise edge)    0.000     0.000 r  
    E3                                                0.000     0.000 r  ClkPort (IN)
                         net (fo=0)                   0.000     0.000    BUFGP1/I
    E3                   IBUF (Prop_ibuf_I_O)         0.438     0.438 r  BUFGP1/IBUF/O
                         net (fo=1, routed)           0.699     1.136    BUFGP1/IBUFG_2_BUFG
    BUFGCTRL_X0Y16       BUFG (Prop_bufg_I_O)         0.029     1.165 r  BUFGP1/BUFG/O
                         net (fo=197, routed)         0.870     2.035    ee354_GCD_1/board_clk
    SLICE_X2Y83          FDCE                                         r  ee354_GCD_1/A_reg[2]_C/C
                         clock pessimism             -0.502     1.532    
    SLICE_X2Y83          FDCE (Remov_fdce_C_CLR)     -0.067     1.465    ee354_GCD_1/A_reg[2]_C
  -------------------------------------------------------------------
                         required time                         -1.465    
                         arrival time                           2.067    
  -------------------------------------------------------------------
                         slack                                  0.602    

Slack (MET) :             0.685ns  (arrival time - required time)
  Source:                 Bin_reg[6]/C
                            (rising edge-triggered cell FDCE clocked by ClkPort  {rise@0.000ns fall@5.000ns period=10.000ns})
  Destination:            ee354_GCD_1/B_reg[6]_P/PRE
                            (removal check against rising-edge clock ClkPort  {rise@0.000ns fall@5.000ns period=10.000ns})
  Path Group:             **async_default**
  Path Type:              Removal (Min at Fast Process Corner)
  Requirement:            0.000ns  (ClkPort rise@0.000ns - ClkPort rise@0.000ns)
  Data Path Delay:        0.537ns  (logic 0.186ns (34.634%)  route 0.351ns (65.366%))
  Logic Levels:           1  (LUT2=1)
  Clock Path Skew:        0.014ns (DCD - SCD - CPR)
    Destination Clock Delay (DCD):    2.034ns
    Source Clock Delay      (SCD):    1.519ns
    Clock Pessimism Removal (CPR):    0.500ns

    Location             Delay type                Incr(ns)  Path(ns)    Netlist Resource(s)
  -------------------------------------------------------------------    -------------------
                         (clock ClkPort rise edge)    0.000     0.000 r  
    E3                                                0.000     0.000 r  ClkPort (IN)
                         net (fo=0)                   0.000     0.000    BUFGP1/I
    E3                   IBUF (Prop_ibuf_I_O)         0.250     0.250 r  BUFGP1/IBUF/O
                         net (fo=1, routed)           0.644     0.894    BUFGP1/IBUFG_2_BUFG
    BUFGCTRL_X0Y16       BUFG (Prop_bufg_I_O)         0.026     0.920 r  BUFGP1/BUFG/O
                         net (fo=197, routed)         0.600     1.519    board_clk
    SLICE_X5Y87          FDCE                                         r  Bin_reg[6]/C
  -------------------------------------------------------------------    -------------------
    SLICE_X5Y87          FDCE (Prop_fdce_C_Q)         0.141     1.660 f  Bin_reg[6]/Q
                         net (fo=4, routed)           0.149     1.809    ee354_GCD_1/B_reg[7]_C_0[6]
    SLICE_X4Y87          LUT2 (Prop_lut2_I0_O)        0.045     1.854 f  ee354_GCD_1/B_reg[6]_LDC_i_1/O
                         net (fo=2, routed)           0.202     2.056    ee354_GCD_1/B_reg[6]_LDC_i_1_n_0
    SLICE_X4Y86          FDPE                                         f  ee354_GCD_1/B_reg[6]_P/PRE
  -------------------------------------------------------------------    -------------------

                         (clock ClkPort rise edge)    0.000     0.000 r  
    E3                                                0.000     0.000 r  ClkPort (IN)
                         net (fo=0)                   0.000     0.000    BUFGP1/I
    E3                   IBUF (Prop_ibuf_I_O)         0.438     0.438 r  BUFGP1/IBUF/O
                         net (fo=1, routed)           0.699     1.136    BUFGP1/IBUFG_2_BUFG
    BUFGCTRL_X0Y16       BUFG (Prop_bufg_I_O)         0.029     1.165 r  BUFGP1/BUFG/O
                         net (fo=197, routed)         0.869     2.034    ee354_GCD_1/board_clk
    SLICE_X4Y86          FDPE                                         r  ee354_GCD_1/B_reg[6]_P/C
                         clock pessimism             -0.500     1.533    
    SLICE_X4Y86          FDPE (Remov_fdpe_C_PRE)     -0.162     1.371    ee354_GCD_1/B_reg[6]_P
  -------------------------------------------------------------------
                         required time                         -1.371    
                         arrival time                           2.056    
  -------------------------------------------------------------------
                         slack                                  0.685    

Slack (MET) :             0.693ns  (arrival time - required time)
  Source:                 Ain_reg[6]/C
                            (rising edge-triggered cell FDCE clocked by ClkPort  {rise@0.000ns fall@5.000ns period=10.000ns})
  Destination:            ee354_GCD_1/A_reg[6]_P/PRE
                            (removal check against rising-edge clock ClkPort  {rise@0.000ns fall@5.000ns period=10.000ns})
  Path Group:             **async_default**
  Path Type:              Removal (Min at Fast Process Corner)
  Requirement:            0.000ns  (ClkPort rise@0.000ns - ClkPort rise@0.000ns)
  Data Path Delay:        0.551ns  (logic 0.189ns (34.295%)  route 0.362ns (65.705%))
  Logic Levels:           1  (LUT2=1)
  Clock Path Skew:        0.015ns (DCD - SCD - CPR)
    Destination Clock Delay (DCD):    2.038ns
    Source Clock Delay      (SCD):    1.520ns
    Clock Pessimism Removal (CPR):    0.502ns

    Location             Delay type                Incr(ns)  Path(ns)    Netlist Resource(s)
  -------------------------------------------------------------------    -------------------
                         (clock ClkPort rise edge)    0.000     0.000 r  
    E3                                                0.000     0.000 r  ClkPort (IN)
                         net (fo=0)                   0.000     0.000    BUFGP1/I
    E3                   IBUF (Prop_ibuf_I_O)         0.250     0.250 r  BUFGP1/IBUF/O
                         net (fo=1, routed)           0.644     0.894    BUFGP1/IBUFG_2_BUFG
    BUFGCTRL_X0Y16       BUFG (Prop_bufg_I_O)         0.026     0.920 r  BUFGP1/BUFG/O
                         net (fo=197, routed)         0.601     1.520    board_clk
    SLICE_X0Y87          FDCE                                         r  Ain_reg[6]/C
  -------------------------------------------------------------------    -------------------
    SLICE_X0Y87          FDCE (Prop_fdce_C_Q)         0.141     1.661 f  Ain_reg[6]/Q
                         net (fo=5, routed)           0.109     1.770    ee354_GCD_1/A_reg[7]_P_0[6]
    SLICE_X1Y87          LUT2 (Prop_lut2_I0_O)        0.048     1.818 f  ee354_GCD_1/A_reg[6]_LDC_i_1/O
                         net (fo=2, routed)           0.253     2.071    ee354_GCD_1/A_reg[6]_LDC_i_1_n_0
    SLICE_X3Y87          FDPE                                         f  ee354_GCD_1/A_reg[6]_P/PRE
  -------------------------------------------------------------------    -------------------

                         (clock ClkPort rise edge)    0.000     0.000 r  
    E3                                                0.000     0.000 r  ClkPort (IN)
                         net (fo=0)                   0.000     0.000    BUFGP1/I
    E3                   IBUF (Prop_ibuf_I_O)         0.438     0.438 r  BUFGP1/IBUF/O
                         net (fo=1, routed)           0.699     1.136    BUFGP1/IBUFG_2_BUFG
    BUFGCTRL_X0Y16       BUFG (Prop_bufg_I_O)         0.029     1.165 r  BUFGP1/BUFG/O
                         net (fo=197, routed)         0.873     2.038    ee354_GCD_1/board_clk
    SLICE_X3Y87          FDPE                                         r  ee354_GCD_1/A_reg[6]_P/C
                         clock pessimism             -0.502     1.535    
    SLICE_X3Y87          FDPE (Remov_fdpe_C_PRE)     -0.157     1.378    ee354_GCD_1/A_reg[6]_P
  -------------------------------------------------------------------
                         required time                         -1.378    
                         arrival time                           2.071    
  -------------------------------------------------------------------
                         slack                                  0.693    

Slack (MET) :             0.716ns  (arrival time - required time)
  Source:                 Ain_reg[7]/C
                            (rising edge-triggered cell FDCE clocked by ClkPort  {rise@0.000ns fall@5.000ns period=10.000ns})
  Destination:            ee354_GCD_1/A_reg[7]_C/CLR
                            (removal check against rising-edge clock ClkPort  {rise@0.000ns fall@5.000ns period=10.000ns})
  Path Group:             **async_default**
  Path Type:              Removal (Min at Fast Process Corner)
  Requirement:            0.000ns  (ClkPort rise@0.000ns - ClkPort rise@0.000ns)
  Data Path Delay:        0.641ns  (logic 0.186ns (29.037%)  route 0.455ns (70.963%))
  Logic Levels:           1  (LUT2=1)
  Clock Path Skew:        0.017ns (DCD - SCD - CPR)
    Destination Clock Delay (DCD):    2.040ns
    Source Clock Delay      (SCD):    1.520ns
    Clock Pessimism Removal (CPR):    0.502ns

    Location             Delay type                Incr(ns)  Path(ns)    Netlist Resource(s)
  -------------------------------------------------------------------    -------------------
                         (clock ClkPort rise edge)    0.000     0.000 r  
    E3                                                0.000     0.000 r  ClkPort (IN)
                         net (fo=0)                   0.000     0.000    BUFGP1/I
    E3                   IBUF (Prop_ibuf_I_O)         0.250     0.250 r  BUFGP1/IBUF/O
                         net (fo=1, routed)           0.644     0.894    BUFGP1/IBUFG_2_BUFG
    BUFGCTRL_X0Y16       BUFG (Prop_bufg_I_O)         0.026     0.920 r  BUFGP1/BUFG/O
                         net (fo=197, routed)         0.601     1.520    board_clk
    SLICE_X0Y87          FDCE                                         r  Ain_reg[7]/C
  -------------------------------------------------------------------    -------------------
    SLICE_X0Y87          FDCE (Prop_fdce_C_Q)         0.141     1.661 r  Ain_reg[7]/Q
                         net (fo=4, routed)           0.217     1.879    ee354_GCD_1/A_reg[7]_P_0[7]
    SLICE_X1Y88          LUT2 (Prop_lut2_I1_O)        0.045     1.924 f  ee354_GCD_1/A_reg[7]_LDC_i_2/O
                         net (fo=2, routed)           0.237     2.161    ee354_GCD_1/A_reg[7]_LDC_i_2_n_0
    SLICE_X1Y89          FDCE                                         f  ee354_GCD_1/A_reg[7]_C/CLR
  -------------------------------------------------------------------    -------------------

                         (clock ClkPort rise edge)    0.000     0.000 r  
    E3                                                0.000     0.000 r  ClkPort (IN)
                         net (fo=0)                   0.000     0.000    BUFGP1/I
    E3                   IBUF (Prop_ibuf_I_O)         0.438     0.438 r  BUFGP1/IBUF/O
                         net (fo=1, routed)           0.699     1.136    BUFGP1/IBUFG_2_BUFG
    BUFGCTRL_X0Y16       BUFG (Prop_bufg_I_O)         0.029     1.165 r  BUFGP1/BUFG/O
                         net (fo=197, routed)         0.875     2.040    ee354_GCD_1/board_clk
    SLICE_X1Y89          FDCE                                         r  ee354_GCD_1/A_reg[7]_C/C
                         clock pessimism             -0.502     1.537    
    SLICE_X1Y89          FDCE (Remov_fdce_C_CLR)     -0.092     1.445    ee354_GCD_1/A_reg[7]_C
  -------------------------------------------------------------------
                         required time                         -1.445    
                         arrival time                           2.161    
  -------------------------------------------------------------------
                         slack                                  0.716    

Slack (MET) :             0.729ns  (arrival time - required time)
  Source:                 Ain_reg[0]/C
                            (rising edge-triggered cell FDCE clocked by ClkPort  {rise@0.000ns fall@5.000ns period=10.000ns})
  Destination:            ee354_GCD_1/A_reg[0]_C/CLR
                            (removal check against rising-edge clock ClkPort  {rise@0.000ns fall@5.000ns period=10.000ns})
  Path Group:             **async_default**
  Path Type:              Removal (Min at Fast Process Corner)
  Requirement:            0.000ns  (ClkPort rise@0.000ns - ClkPort rise@0.000ns)
  Data Path Delay:        0.648ns  (logic 0.186ns (28.702%)  route 0.462ns (71.298%))
  Logic Levels:           1  (LUT2=1)
  Clock Path Skew:        0.011ns (DCD - SCD - CPR)
    Destination Clock Delay (DCD):    2.033ns
    Source Clock Delay      (SCD):    1.519ns
    Clock Pessimism Removal (CPR):    0.502ns

    Location             Delay type                Incr(ns)  Path(ns)    Netlist Resource(s)
  -------------------------------------------------------------------    -------------------
                         (clock ClkPort rise edge)    0.000     0.000 r  
    E3                                                0.000     0.000 r  ClkPort (IN)
                         net (fo=0)                   0.000     0.000    BUFGP1/I
    E3                   IBUF (Prop_ibuf_I_O)         0.250     0.250 r  BUFGP1/IBUF/O
                         net (fo=1, routed)           0.644     0.894    BUFGP1/IBUFG_2_BUFG
    BUFGCTRL_X0Y16       BUFG (Prop_bufg_I_O)         0.026     0.920 r  BUFGP1/BUFG/O
                         net (fo=197, routed)         0.600     1.519    board_clk
    SLICE_X0Y85          FDCE                                         r  Ain_reg[0]/C
  -------------------------------------------------------------------    -------------------
    SLICE_X0Y85          FDCE (Prop_fdce_C_Q)         0.141     1.660 r  Ain_reg[0]/Q
                         net (fo=5, routed)           0.333     1.994    ee354_GCD_1/A_reg[7]_P_0[0]
    SLICE_X3Y81          LUT2 (Prop_lut2_I1_O)        0.045     2.039 f  ee354_GCD_1/A_reg[0]_LDC_i_2/O
                         net (fo=2, routed)           0.129     2.167    ee354_GCD_1/A_reg[0]_LDC_i_2_n_0
    SLICE_X3Y81          FDCE                                         f  ee354_GCD_1/A_reg[0]_C/CLR
  -------------------------------------------------------------------    -------------------

                         (clock ClkPort rise edge)    0.000     0.000 r  
    E3                                                0.000     0.000 r  ClkPort (IN)
                         net (fo=0)                   0.000     0.000    BUFGP1/I
    E3                   IBUF (Prop_ibuf_I_O)         0.438     0.438 r  BUFGP1/IBUF/O
                         net (fo=1, routed)           0.699     1.136    BUFGP1/IBUFG_2_BUFG
    BUFGCTRL_X0Y16       BUFG (Prop_bufg_I_O)         0.029     1.165 r  BUFGP1/BUFG/O
                         net (fo=197, routed)         0.868     2.033    ee354_GCD_1/board_clk
    SLICE_X3Y81          FDCE                                         r  ee354_GCD_1/A_reg[0]_C/C
                         clock pessimism             -0.502     1.530    
    SLICE_X3Y81          FDCE (Remov_fdce_C_CLR)     -0.092     1.438    ee354_GCD_1/A_reg[0]_C
  -------------------------------------------------------------------
                         required time                         -1.438    
                         arrival time                           2.167    
  -------------------------------------------------------------------
                         slack                                  0.729    

Slack (MET) :             0.736ns  (arrival time - required time)
  Source:                 Ain_reg[6]/C
                            (rising edge-triggered cell FDCE clocked by ClkPort  {rise@0.000ns fall@5.000ns period=10.000ns})
  Destination:            ee354_GCD_1/A_reg[6]_C/CLR
                            (removal check against rising-edge clock ClkPort  {rise@0.000ns fall@5.000ns period=10.000ns})
  Path Group:             **async_default**
  Path Type:              Removal (Min at Fast Process Corner)
  Requirement:            0.000ns  (ClkPort rise@0.000ns - ClkPort rise@0.000ns)
  Data Path Delay:        0.684ns  (logic 0.186ns (27.183%)  route 0.498ns (72.817%))
  Logic Levels:           1  (LUT2=1)
  Clock Path Skew:        0.015ns (DCD - SCD - CPR)
    Destination Clock Delay (DCD):    2.038ns
    Source Clock Delay      (SCD):    1.520ns
    Clock Pessimism Removal (CPR):    0.502ns

    Location             Delay type                Incr(ns)  Path(ns)    Netlist Resource(s)
  -------------------------------------------------------------------    -------------------
                         (clock ClkPort rise edge)    0.000     0.000 r  
    E3                                                0.000     0.000 r  ClkPort (IN)
                         net (fo=0)                   0.000     0.000    BUFGP1/I
    E3                   IBUF (Prop_ibuf_I_O)         0.250     0.250 r  BUFGP1/IBUF/O
                         net (fo=1, routed)           0.644     0.894    BUFGP1/IBUFG_2_BUFG
    BUFGCTRL_X0Y16       BUFG (Prop_bufg_I_O)         0.026     0.920 r  BUFGP1/BUFG/O
                         net (fo=197, routed)         0.601     1.520    board_clk
    SLICE_X0Y87          FDCE                                         r  Ain_reg[6]/C
  -------------------------------------------------------------------    -------------------
    SLICE_X0Y87          FDCE (Prop_fdce_C_Q)         0.141     1.661 r  Ain_reg[6]/Q
                         net (fo=5, routed)           0.109     1.770    ee354_GCD_1/A_reg[7]_P_0[6]
    SLICE_X1Y87          LUT2 (Prop_lut2_I1_O)        0.045     1.815 f  ee354_GCD_1/A_reg[6]_LDC_i_2/O
                         net (fo=2, routed)           0.390     2.205    ee354_GCD_1/A_reg[6]_LDC_i_2_n_0
    SLICE_X2Y87          FDCE                                         f  ee354_GCD_1/A_reg[6]_C/CLR
  -------------------------------------------------------------------    -------------------

                         (clock ClkPort rise edge)    0.000     0.000 r  
    E3                                                0.000     0.000 r  ClkPort (IN)
                         net (fo=0)                   0.000     0.000    BUFGP1/I
    E3                   IBUF (Prop_ibuf_I_O)         0.438     0.438 r  BUFGP1/IBUF/O
                         net (fo=1, routed)           0.699     1.136    BUFGP1/IBUFG_2_BUFG
    BUFGCTRL_X0Y16       BUFG (Prop_bufg_I_O)         0.029     1.165 r  BUFGP1/BUFG/O
                         net (fo=197, routed)         0.873     2.038    ee354_GCD_1/board_clk
    SLICE_X2Y87          FDCE                                         r  ee354_GCD_1/A_reg[6]_C/C
                         clock pessimism             -0.502     1.535    
    SLICE_X2Y87          FDCE (Remov_fdce_C_CLR)     -0.067     1.468    ee354_GCD_1/A_reg[6]_C
  -------------------------------------------------------------------
                         required time                         -1.468    
                         arrival time                           2.205    
  -------------------------------------------------------------------
                         slack                                  0.736    

Slack (MET) :             0.737ns  (arrival time - required time)
  Source:                 Bin_reg[3]/C
                            (rising edge-triggered cell FDCE clocked by ClkPort  {rise@0.000ns fall@5.000ns period=10.000ns})
  Destination:            ee354_GCD_1/B_reg[3]_C/CLR
                            (removal check against rising-edge clock ClkPort  {rise@0.000ns fall@5.000ns period=10.000ns})
  Path Group:             **async_default**
  Path Type:              Removal (Min at Fast Process Corner)
  Requirement:            0.000ns  (ClkPort rise@0.000ns - ClkPort rise@0.000ns)
  Data Path Delay:        0.676ns  (logic 0.186ns (27.524%)  route 0.490ns (72.476%))
  Logic Levels:           1  (LUT2=1)
  Clock Path Skew:        0.006ns (DCD - SCD - CPR)
    Destination Clock Delay (DCD):    2.005ns
    Source Clock Delay      (SCD):    1.519ns
    Clock Pessimism Removal (CPR):    0.479ns

    Location             Delay type                Incr(ns)  Path(ns)    Netlist Resource(s)
  -------------------------------------------------------------------    -------------------
                         (clock ClkPort rise edge)    0.000     0.000 r  
    E3                                                0.000     0.000 r  ClkPort (IN)
                         net (fo=0)                   0.000     0.000    BUFGP1/I
    E3                   IBUF (Prop_ibuf_I_O)         0.250     0.250 r  BUFGP1/IBUF/O
                         net (fo=1, routed)           0.644     0.894    BUFGP1/IBUFG_2_BUFG
    BUFGCTRL_X0Y16       BUFG (Prop_bufg_I_O)         0.026     0.920 r  BUFGP1/BUFG/O
                         net (fo=197, routed)         0.600     1.519    board_clk
    SLICE_X0Y84          FDCE                                         r  Bin_reg[3]/C
  -------------------------------------------------------------------    -------------------
    SLICE_X0Y84          FDCE (Prop_fdce_C_Q)         0.141     1.660 r  Bin_reg[3]/Q
                         net (fo=4, routed)           0.309     1.969    ee354_GCD_1/B_reg[7]_C_0[3]
    SLICE_X8Y84          LUT2 (Prop_lut2_I1_O)        0.045     2.014 f  ee354_GCD_1/B_reg[3]_LDC_i_2/O
                         net (fo=2, routed)           0.181     2.195    ee354_GCD_1/B_reg[3]_LDC_i_2_n_0
    SLICE_X10Y84         FDCE                                         f  ee354_GCD_1/B_reg[3]_C/CLR
  -------------------------------------------------------------------    -------------------

                         (clock ClkPort rise edge)    0.000     0.000 r  
    E3                                                0.000     0.000 r  ClkPort (IN)
                         net (fo=0)                   0.000     0.000    BUFGP1/I
    E3                   IBUF (Prop_ibuf_I_O)         0.438     0.438 r  BUFGP1/IBUF/O
                         net (fo=1, routed)           0.699     1.136    BUFGP1/IBUFG_2_BUFG
    BUFGCTRL_X0Y16       BUFG (Prop_bufg_I_O)         0.029     1.165 r  BUFGP1/BUFG/O
                         net (fo=197, routed)         0.840     2.005    ee354_GCD_1/board_clk
    SLICE_X10Y84         FDCE                                         r  ee354_GCD_1/B_reg[3]_C/C
                         clock pessimism             -0.479     1.525    
    SLICE_X10Y84         FDCE (Remov_fdce_C_CLR)     -0.067     1.458    ee354_GCD_1/B_reg[3]_C
  -------------------------------------------------------------------
                         required time                         -1.458    
                         arrival time                           2.195    
  -------------------------------------------------------------------
                         slack                                  0.737    

Slack (MET) :             0.742ns  (arrival time - required time)
  Source:                 Ain_reg[4]/C
                            (rising edge-triggered cell FDCE clocked by ClkPort  {rise@0.000ns fall@5.000ns period=10.000ns})
  Destination:            ee354_GCD_1/A_reg[4]_C/CLR
                            (removal check against rising-edge clock ClkPort  {rise@0.000ns fall@5.000ns period=10.000ns})
  Path Group:             **async_default**
  Path Type:              Removal (Min at Fast Process Corner)
  Requirement:            0.000ns  (ClkPort rise@0.000ns - ClkPort rise@0.000ns)
  Data Path Delay:        0.686ns  (logic 0.226ns (32.953%)  route 0.460ns (67.047%))
  Logic Levels:           1  (LUT2=1)
  Clock Path Skew:        0.036ns (DCD - SCD - CPR)
    Destination Clock Delay (DCD):    2.035ns
    Source Clock Delay      (SCD):    1.519ns
    Clock Pessimism Removal (CPR):    0.479ns

    Location             Delay type                Incr(ns)  Path(ns)    Netlist Resource(s)
  -------------------------------------------------------------------    -------------------
                         (clock ClkPort rise edge)    0.000     0.000 r  
    E3                                                0.000     0.000 r  ClkPort (IN)
                         net (fo=0)                   0.000     0.000    BUFGP1/I
    E3                   IBUF (Prop_ibuf_I_O)         0.250     0.250 r  BUFGP1/IBUF/O
                         net (fo=1, routed)           0.644     0.894    BUFGP1/IBUFG_2_BUFG
    BUFGCTRL_X0Y16       BUFG (Prop_bufg_I_O)         0.026     0.920 r  BUFGP1/BUFG/O
                         net (fo=197, routed)         0.600     1.519    board_clk
    SLICE_X0Y85          FDCE                                         r  Ain_reg[4]/C
  -------------------------------------------------------------------    -------------------
    SLICE_X0Y85          FDCE (Prop_fdce_C_Q)         0.128     1.647 r  Ain_reg[4]/Q
                         net (fo=5, routed)           0.324     1.971    ee354_GCD_1/A_reg[7]_P_0[4]
    SLICE_X2Y87          LUT2 (Prop_lut2_I1_O)        0.098     2.069 f  ee354_GCD_1/A_reg[4]_LDC_i_2/O
                         net (fo=2, routed)           0.136     2.205    ee354_GCD_1/A_reg[4]_LDC_i_2_n_0
    SLICE_X4Y87          FDCE                                         f  ee354_GCD_1/A_reg[4]_C/CLR
  -------------------------------------------------------------------    -------------------

                         (clock ClkPort rise edge)    0.000     0.000 r  
    E3                                                0.000     0.000 r  ClkPort (IN)
                         net (fo=0)                   0.000     0.000    BUFGP1/I
    E3                   IBUF (Prop_ibuf_I_O)         0.438     0.438 r  BUFGP1/IBUF/O
                         net (fo=1, routed)           0.699     1.136    BUFGP1/IBUFG_2_BUFG
    BUFGCTRL_X0Y16       BUFG (Prop_bufg_I_O)         0.029     1.165 r  BUFGP1/BUFG/O
                         net (fo=197, routed)         0.870     2.035    ee354_GCD_1/board_clk
    SLICE_X4Y87          FDCE                                         r  ee354_GCD_1/A_reg[4]_C/C
                         clock pessimism             -0.479     1.555    
    SLICE_X4Y87          FDCE (Remov_fdce_C_CLR)     -0.092     1.463    ee354_GCD_1/A_reg[4]_C
  -------------------------------------------------------------------
                         required time                         -1.463    
                         arrival time                           2.205    
  -------------------------------------------------------------------
                         slack                                  0.742    

Slack (MET) :             0.742ns  (arrival time - required time)
  Source:                 Bin_reg[2]/C
                            (rising edge-triggered cell FDCE clocked by ClkPort  {rise@0.000ns fall@5.000ns period=10.000ns})
  Destination:            ee354_GCD_1/B_reg[2]_C/CLR
                            (removal check against rising-edge clock ClkPort  {rise@0.000ns fall@5.000ns period=10.000ns})
  Path Group:             **async_default**
  Path Type:              Removal (Min at Fast Process Corner)
  Requirement:            0.000ns  (ClkPort rise@0.000ns - ClkPort rise@0.000ns)
  Data Path Delay:        0.682ns  (logic 0.186ns (27.259%)  route 0.496ns (72.741%))
  Logic Levels:           1  (LUT2=1)
  Clock Path Skew:        0.032ns (DCD - SCD - CPR)
    Destination Clock Delay (DCD):    2.031ns
    Source Clock Delay      (SCD):    1.519ns
    Clock Pessimism Removal (CPR):    0.479ns

    Location             Delay type                Incr(ns)  Path(ns)    Netlist Resource(s)
  -------------------------------------------------------------------    -------------------
                         (clock ClkPort rise edge)    0.000     0.000 r  
    E3                                                0.000     0.000 r  ClkPort (IN)
                         net (fo=0)                   0.000     0.000    BUFGP1/I
    E3                   IBUF (Prop_ibuf_I_O)         0.250     0.250 r  BUFGP1/IBUF/O
                         net (fo=1, routed)           0.644     0.894    BUFGP1/IBUFG_2_BUFG
    BUFGCTRL_X0Y16       BUFG (Prop_bufg_I_O)         0.026     0.920 r  BUFGP1/BUFG/O
                         net (fo=197, routed)         0.600     1.519    board_clk
    SLICE_X0Y84          FDCE                                         r  Bin_reg[2]/C
  -------------------------------------------------------------------    -------------------
    SLICE_X0Y84          FDCE (Prop_fdce_C_Q)         0.141     1.660 r  Bin_reg[2]/Q
                         net (fo=4, routed)           0.313     1.973    ee354_GCD_1/B_reg[7]_C_0[2]
    SLICE_X7Y82          LUT2 (Prop_lut2_I1_O)        0.045     2.018 f  ee354_GCD_1/B_reg[2]_LDC_i_2/O
                         net (fo=2, routed)           0.184     2.202    ee354_GCD_1/B_reg[2]_LDC_i_2_n_0
    SLICE_X7Y82          FDCE                                         f  ee354_GCD_1/B_reg[2]_C/CLR
  -------------------------------------------------------------------    -------------------

                         (clock ClkPort rise edge)    0.000     0.000 r  
    E3                                                0.000     0.000 r  ClkPort (IN)
                         net (fo=0)                   0.000     0.000    BUFGP1/I
    E3                   IBUF (Prop_ibuf_I_O)         0.438     0.438 r  BUFGP1/IBUF/O
                         net (fo=1, routed)           0.699     1.136    BUFGP1/IBUFG_2_BUFG
    BUFGCTRL_X0Y16       BUFG (Prop_bufg_I_O)         0.029     1.165 r  BUFGP1/BUFG/O
                         net (fo=197, routed)         0.866     2.031    ee354_GCD_1/board_clk
    SLICE_X7Y82          FDCE                                         r  ee354_GCD_1/B_reg[2]_C/C
                         clock pessimism             -0.479     1.551    
    SLICE_X7Y82          FDCE (Remov_fdce_C_CLR)     -0.092     1.459    ee354_GCD_1/B_reg[2]_C
  -------------------------------------------------------------------
                         required time                         -1.459    
                         arrival time                           2.202    
  -------------------------------------------------------------------
                         slack                                  0.742    





--------------------------------------------------------------------------------------
Path Group:  (none)
From Clock:  
  To Clock:  

Max Delay            27 Endpoints
Min Delay            27 Endpoints
--------------------------------------------------------------------------------------


Max Delay Paths
--------------------------------------------------------------------------------------
Slack:                    inf
  Source:                 ee354_GCD_1/B_reg[3]_LDC/G
                            (positive level-sensitive latch)
  Destination:            Cb
                            (output port)
  Path Group:             (none)
  Path Type:              Max at Slow Process Corner
  Data Path Delay:        11.750ns  (logic 5.047ns (42.956%)  route 6.703ns (57.044%))
  Logic Levels:           6  (LDCE=1 LUT3=1 LUT4=1 LUT6=2 OBUF=1)

    Location             Delay type                Incr(ns)  Path(ns)    Netlist Resource(s)
  -------------------------------------------------------------------    -------------------
    SLICE_X11Y84         LDCE                         0.000     0.000 r  ee354_GCD_1/B_reg[3]_LDC/G
    SLICE_X11Y84         LDCE (EnToQ_ldce_G_Q)        0.766     0.766 r  ee354_GCD_1/B_reg[3]_LDC/Q
                         net (fo=2, routed)           1.246     2.012    ee354_GCD_1/B_reg[3]_LDC_n_0
    SLICE_X9Y84          LUT3 (Prop_lut3_I1_O)        0.124     2.136 r  ee354_GCD_1/A[3]_P_i_2/O
                         net (fo=7, routed)           1.001     3.136    ee354_GCD_1/A[3]_P_i_2_n_0
    SLICE_X1Y84          LUT6 (Prop_lut6_I5_O)        0.124     3.260 r  ee354_GCD_1/Ca_OBUF_inst_i_8/O
                         net (fo=1, routed)           0.853     4.113    ee354_GCD_1/SSD0[3]
    SLICE_X1Y85          LUT6 (Prop_lut6_I2_O)        0.124     4.237 r  ee354_GCD_1/Ca_OBUF_inst_i_2/O
                         net (fo=7, routed)           0.679     4.916    ee354_GCD_1/SSD[3]
    SLICE_X0Y85          LUT4 (Prop_lut4_I0_O)        0.152     5.068 r  ee354_GCD_1/Cb_OBUF_inst_i_1/O
                         net (fo=1, routed)           2.925     7.993    Cb_OBUF
    R10                  OBUF (Prop_obuf_I_O)         3.757    11.750 r  Cb_OBUF_inst/O
                         net (fo=0)                   0.000    11.750    Cb
    R10                                                               r  Cb (OUT)
  -------------------------------------------------------------------    -------------------

Slack:                    inf
  Source:                 ee354_GCD_1/B_reg[3]_LDC/G
                            (positive level-sensitive latch)
  Destination:            Ca
                            (output port)
  Path Group:             (none)
  Path Type:              Max at Slow Process Corner
  Data Path Delay:        11.534ns  (logic 4.839ns (41.954%)  route 6.695ns (58.046%))
  Logic Levels:           6  (LDCE=1 LUT3=1 LUT4=1 LUT6=2 OBUF=1)

    Location             Delay type                Incr(ns)  Path(ns)    Netlist Resource(s)
  -------------------------------------------------------------------    -------------------
    SLICE_X11Y84         LDCE                         0.000     0.000 r  ee354_GCD_1/B_reg[3]_LDC/G
    SLICE_X11Y84         LDCE (EnToQ_ldce_G_Q)        0.766     0.766 r  ee354_GCD_1/B_reg[3]_LDC/Q
                         net (fo=2, routed)           1.246     2.012    ee354_GCD_1/B_reg[3]_LDC_n_0
    SLICE_X9Y84          LUT3 (Prop_lut3_I1_O)        0.124     2.136 r  ee354_GCD_1/A[3]_P_i_2/O
                         net (fo=7, routed)           1.001     3.136    ee354_GCD_1/A[3]_P_i_2_n_0
    SLICE_X1Y84          LUT6 (Prop_lut6_I5_O)        0.124     3.260 r  ee354_GCD_1/Ca_OBUF_inst_i_8/O
                         net (fo=1, routed)           0.853     4.113    ee354_GCD_1/SSD0[3]
    SLICE_X1Y85          LUT6 (Prop_lut6_I2_O)        0.124     4.237 r  ee354_GCD_1/Ca_OBUF_inst_i_2/O
                         net (fo=7, routed)           0.831     5.067    ee354_GCD_1/SSD[3]
    SLICE_X0Y84          LUT4 (Prop_lut4_I0_O)        0.124     5.191 r  ee354_GCD_1/Ca_OBUF_inst_i_1/O
                         net (fo=1, routed)           2.766     7.957    Ca_OBUF
    T10                  OBUF (Prop_obuf_I_O)         3.577    11.534 r  Ca_OBUF_inst/O
                         net (fo=0)                   0.000    11.534    Ca
    T10                                                               r  Ca (OUT)
  -------------------------------------------------------------------    -------------------

Slack:                    inf
  Source:                 ee354_GCD_1/B_reg[3]_LDC/G
                            (positive level-sensitive latch)
  Destination:            Cd
                            (output port)
  Path Group:             (none)
  Path Type:              Max at Slow Process Corner
  Data Path Delay:        11.322ns  (logic 4.812ns (42.502%)  route 6.510ns (57.498%))
  Logic Levels:           6  (LDCE=1 LUT3=1 LUT4=1 LUT6=2 OBUF=1)

    Location             Delay type                Incr(ns)  Path(ns)    Netlist Resource(s)
  -------------------------------------------------------------------    -------------------
    SLICE_X11Y84         LDCE                         0.000     0.000 r  ee354_GCD_1/B_reg[3]_LDC/G
    SLICE_X11Y84         LDCE (EnToQ_ldce_G_Q)        0.766     0.766 r  ee354_GCD_1/B_reg[3]_LDC/Q
                         net (fo=2, routed)           1.246     2.012    ee354_GCD_1/B_reg[3]_LDC_n_0
    SLICE_X9Y84          LUT3 (Prop_lut3_I1_O)        0.124     2.136 r  ee354_GCD_1/A[3]_P_i_2/O
                         net (fo=7, routed)           1.001     3.136    ee354_GCD_1/A[3]_P_i_2_n_0
    SLICE_X1Y84          LUT6 (Prop_lut6_I5_O)        0.124     3.260 r  ee354_GCD_1/Ca_OBUF_inst_i_8/O
                         net (fo=1, routed)           0.853     4.113    ee354_GCD_1/SSD0[3]
    SLICE_X1Y85          LUT6 (Prop_lut6_I2_O)        0.124     4.237 r  ee354_GCD_1/Ca_OBUF_inst_i_2/O
                         net (fo=7, routed)           0.828     5.065    ee354_GCD_1/SSD[3]
    SLICE_X0Y84          LUT4 (Prop_lut4_I0_O)        0.124     5.189 r  ee354_GCD_1/Cd_OBUF_inst_i_1/O
                         net (fo=1, routed)           2.584     7.772    Cd_OBUF
    K13                  OBUF (Prop_obuf_I_O)         3.550    11.322 r  Cd_OBUF_inst/O
                         net (fo=0)                   0.000    11.322    Cd
    K13                                                               r  Cd (OUT)
  -------------------------------------------------------------------    -------------------

Slack:                    inf
  Source:                 ee354_GCD_1/B_reg[3]_LDC/G
                            (positive level-sensitive latch)
  Destination:            Cf
                            (output port)
  Path Group:             (none)
  Path Type:              Max at Slow Process Corner
  Data Path Delay:        10.960ns  (logic 4.823ns (44.003%)  route 6.137ns (55.997%))
  Logic Levels:           6  (LDCE=1 LUT3=1 LUT4=1 LUT6=2 OBUF=1)

    Location             Delay type                Incr(ns)  Path(ns)    Netlist Resource(s)
  -------------------------------------------------------------------    -------------------
    SLICE_X11Y84         LDCE                         0.000     0.000 r  ee354_GCD_1/B_reg[3]_LDC/G
    SLICE_X11Y84         LDCE (EnToQ_ldce_G_Q)        0.766     0.766 r  ee354_GCD_1/B_reg[3]_LDC/Q
                         net (fo=2, routed)           1.246     2.012    ee354_GCD_1/B_reg[3]_LDC_n_0
    SLICE_X9Y84          LUT3 (Prop_lut3_I1_O)        0.124     2.136 r  ee354_GCD_1/A[3]_P_i_2/O
                         net (fo=7, routed)           1.001     3.136    ee354_GCD_1/A[3]_P_i_2_n_0
    SLICE_X1Y84          LUT6 (Prop_lut6_I5_O)        0.124     3.260 r  ee354_GCD_1/Ca_OBUF_inst_i_8/O
                         net (fo=1, routed)           0.853     4.113    ee354_GCD_1/SSD0[3]
    SLICE_X1Y85          LUT6 (Prop_lut6_I2_O)        0.124     4.237 r  ee354_GCD_1/Ca_OBUF_inst_i_2/O
                         net (fo=7, routed)           0.681     4.918    ee354_GCD_1/SSD[3]
    SLICE_X0Y85          LUT4 (Prop_lut4_I0_O)        0.124     5.042 r  ee354_GCD_1/Cf_OBUF_inst_i_1/O
                         net (fo=1, routed)           2.357     7.399    Cf_OBUF
    T11                  OBUF (Prop_obuf_I_O)         3.561    10.960 r  Cf_OBUF_inst/O
                         net (fo=0)                   0.000    10.960    Cf
    T11                                                               r  Cf (OUT)
  -------------------------------------------------------------------    -------------------

Slack:                    inf
  Source:                 ee354_GCD_1/B_reg[3]_LDC/G
                            (positive level-sensitive latch)
  Destination:            Ce
                            (output port)
  Path Group:             (none)
  Path Type:              Max at Slow Process Corner
  Data Path Delay:        10.912ns  (logic 5.026ns (46.054%)  route 5.887ns (53.946%))
  Logic Levels:           6  (LDCE=1 LUT3=1 LUT4=1 LUT6=2 OBUF=1)

    Location             Delay type                Incr(ns)  Path(ns)    Netlist Resource(s)
  -------------------------------------------------------------------    -------------------
    SLICE_X11Y84         LDCE                         0.000     0.000 r  ee354_GCD_1/B_reg[3]_LDC/G
    SLICE_X11Y84         LDCE (EnToQ_ldce_G_Q)        0.766     0.766 r  ee354_GCD_1/B_reg[3]_LDC/Q
                         net (fo=2, routed)           1.246     2.012    ee354_GCD_1/B_reg[3]_LDC_n_0
    SLICE_X9Y84          LUT3 (Prop_lut3_I1_O)        0.124     2.136 f  ee354_GCD_1/A[3]_P_i_2/O
                         net (fo=7, routed)           1.001     3.136    ee354_GCD_1/A[3]_P_i_2_n_0
    SLICE_X1Y84          LUT6 (Prop_lut6_I5_O)        0.124     3.260 f  ee354_GCD_1/Ca_OBUF_inst_i_8/O
                         net (fo=1, routed)           0.853     4.113    ee354_GCD_1/SSD0[3]
    SLICE_X1Y85          LUT6 (Prop_lut6_I2_O)        0.124     4.237 f  ee354_GCD_1/Ca_OBUF_inst_i_2/O
                         net (fo=7, routed)           0.828     5.065    ee354_GCD_1/SSD[3]
    SLICE_X0Y84          LUT4 (Prop_lut4_I0_O)        0.152     5.217 r  ee354_GCD_1/Ce_OBUF_inst_i_1/O
                         net (fo=1, routed)           1.960     7.177    Ce_OBUF
    P15                  OBUF (Prop_obuf_I_O)         3.736    10.912 r  Ce_OBUF_inst/O
                         net (fo=0)                   0.000    10.912    Ce
    P15                                                               r  Ce (OUT)
  -------------------------------------------------------------------    -------------------

Slack:                    inf
  Source:                 ee354_GCD_1/B_reg[3]_LDC/G
                            (positive level-sensitive latch)
  Destination:            Cg
                            (output port)
  Path Group:             (none)
  Path Type:              Max at Slow Process Corner
  Data Path Delay:        10.688ns  (logic 5.035ns (47.112%)  route 5.653ns (52.888%))
  Logic Levels:           6  (LDCE=1 LUT3=1 LUT4=1 LUT6=2 OBUF=1)

    Location             Delay type                Incr(ns)  Path(ns)    Netlist Resource(s)
  -------------------------------------------------------------------    -------------------
    SLICE_X11Y84         LDCE                         0.000     0.000 r  ee354_GCD_1/B_reg[3]_LDC/G
    SLICE_X11Y84         LDCE (EnToQ_ldce_G_Q)        0.766     0.766 r  ee354_GCD_1/B_reg[3]_LDC/Q
                         net (fo=2, routed)           1.246     2.012    ee354_GCD_1/B_reg[3]_LDC_n_0
    SLICE_X9Y84          LUT3 (Prop_lut3_I1_O)        0.124     2.136 r  ee354_GCD_1/A[3]_P_i_2/O
                         net (fo=7, routed)           1.001     3.136    ee354_GCD_1/A[3]_P_i_2_n_0
    SLICE_X1Y84          LUT6 (Prop_lut6_I5_O)        0.124     3.260 r  ee354_GCD_1/Ca_OBUF_inst_i_8/O
                         net (fo=1, routed)           0.853     4.113    ee354_GCD_1/SSD0[3]
    SLICE_X1Y85          LUT6 (Prop_lut6_I2_O)        0.124     4.237 r  ee354_GCD_1/Ca_OBUF_inst_i_2/O
                         net (fo=7, routed)           0.681     4.918    ee354_GCD_1/SSD[3]
    SLICE_X0Y85          LUT4 (Prop_lut4_I0_O)        0.152     5.070 r  ee354_GCD_1/Cg_OBUF_inst_i_1/O
                         net (fo=1, routed)           1.872     6.943    Cg_OBUF
    L18                  OBUF (Prop_obuf_I_O)         3.745    10.688 r  Cg_OBUF_inst/O
                         net (fo=0)                   0.000    10.688    Cg
    L18                                                               r  Cg (OUT)
  -------------------------------------------------------------------    -------------------

Slack:                    inf
  Source:                 ee354_GCD_1/B_reg[3]_LDC/G
                            (positive level-sensitive latch)
  Destination:            Cc
                            (output port)
  Path Group:             (none)
  Path Type:              Max at Slow Process Corner
  Data Path Delay:        10.638ns  (logic 4.755ns (44.698%)  route 5.883ns (55.302%))
  Logic Levels:           6  (LDCE=1 LUT3=1 LUT4=1 LUT6=2 OBUF=1)

    Location             Delay type                Incr(ns)  Path(ns)    Netlist Resource(s)
  -------------------------------------------------------------------    -------------------
    SLICE_X11Y84         LDCE                         0.000     0.000 r  ee354_GCD_1/B_reg[3]_LDC/G
    SLICE_X11Y84         LDCE (EnToQ_ldce_G_Q)        0.766     0.766 r  ee354_GCD_1/B_reg[3]_LDC/Q
                         net (fo=2, routed)           1.246     2.012    ee354_GCD_1/B_reg[3]_LDC_n_0
    SLICE_X9Y84          LUT3 (Prop_lut3_I1_O)        0.124     2.136 r  ee354_GCD_1/A[3]_P_i_2/O
                         net (fo=7, routed)           1.001     3.136    ee354_GCD_1/A[3]_P_i_2_n_0
    SLICE_X1Y84          LUT6 (Prop_lut6_I5_O)        0.124     3.260 r  ee354_GCD_1/Ca_OBUF_inst_i_8/O
                         net (fo=1, routed)           0.853     4.113    ee354_GCD_1/SSD0[3]
    SLICE_X1Y85          LUT6 (Prop_lut6_I2_O)        0.124     4.237 r  ee354_GCD_1/Ca_OBUF_inst_i_2/O
                         net (fo=7, routed)           0.679     4.916    ee354_GCD_1/SSD[3]
    SLICE_X0Y85          LUT4 (Prop_lut4_I0_O)        0.124     5.040 r  ee354_GCD_1/Cc_OBUF_inst_i_1/O
                         net (fo=1, routed)           2.106     7.145    Cc_OBUF
    K16                  OBUF (Prop_obuf_I_O)         3.493    10.638 r  Cc_OBUF_inst/O
                         net (fo=0)                   0.000    10.638    Cc
    K16                                                               r  Cc (OUT)
  -------------------------------------------------------------------    -------------------

Slack:                    inf
  Source:                 BtnR
                            (input port)
  Destination:            Ld1
                            (output port)
  Path Group:             (none)
  Path Type:              Max at Slow Process Corner
  Data Path Delay:        8.097ns  (logic 5.003ns (61.781%)  route 3.095ns (38.219%))
  Logic Levels:           2  (IBUF=1 OBUF=1)

    Location             Delay type                Incr(ns)  Path(ns)    Netlist Resource(s)
  -------------------------------------------------------------------    -------------------
    M17                                               0.000     0.000 r  BtnR (IN)
                         net (fo=0)                   0.000     0.000    BtnR
    M17                  IBUF (Prop_ibuf_I_O)         1.467     1.467 r  BtnR_IBUF_inst/O
                         net (fo=6, routed)           3.095     4.562    Ld1_OBUF
    K15                  OBUF (Prop_obuf_I_O)         3.535     8.097 r  Ld1_OBUF_inst/O
                         net (fo=0)                   0.000     8.097    Ld1
    K15                                                               r  Ld1 (OUT)
  -------------------------------------------------------------------    -------------------

Slack:                    inf
  Source:                 BtnD
                            (input port)
  Destination:            Ld0
                            (output port)
  Path Group:             (none)
  Path Type:              Max at Slow Process Corner
  Data Path Delay:        8.055ns  (logic 5.000ns (62.078%)  route 3.055ns (37.922%))
  Logic Levels:           2  (IBUF=1 OBUF=1)

    Location             Delay type                Incr(ns)  Path(ns)    Netlist Resource(s)
  -------------------------------------------------------------------    -------------------
    P18                                               0.000     0.000 r  BtnD (IN)
                         net (fo=0)                   0.000     0.000    BtnD
    P18                  IBUF (Prop_ibuf_I_O)         1.480     1.480 r  BtnD_IBUF_inst/O
                         net (fo=1, routed)           3.055     4.535    Ld0_OBUF
    H17                  OBUF (Prop_obuf_I_O)         3.520     8.055 r  Ld0_OBUF_inst/O
                         net (fo=0)                   0.000     8.055    Ld0
    H17                                                               r  Ld0 (OUT)
  -------------------------------------------------------------------    -------------------

Slack:                    inf
  Source:                 BtnU
                            (input port)
  Destination:            Ld2
                            (output port)
  Path Group:             (none)
  Path Type:              Max at Slow Process Corner
  Data Path Delay:        7.626ns  (logic 5.038ns (66.070%)  route 2.587ns (33.930%))
  Logic Levels:           2  (IBUF=1 OBUF=1)

    Location             Delay type                Incr(ns)  Path(ns)    Netlist Resource(s)
  -------------------------------------------------------------------    -------------------
    M18                                               0.000     0.000 r  BtnU (IN)
                         net (fo=0)                   0.000     0.000    BtnU
    M18                  IBUF (Prop_ibuf_I_O)         1.486     1.486 r  BtnU_IBUF_inst/O
                         net (fo=6, routed)           2.587     4.073    Ld2_OBUF
    J13                  OBUF (Prop_obuf_I_O)         3.553     7.626 r  Ld2_OBUF_inst/O
                         net (fo=0)                   0.000     7.626    Ld2
    J13                                                               r  Ld2 (OUT)
  -------------------------------------------------------------------    -------------------





Min Delay Paths
--------------------------------------------------------------------------------------
Slack:                    inf
  Source:                 BtnC
                            (input port)
  Destination:            ee354_GCD_1/A_reg[0]_LDC/CLR
  Path Group:             (none)
  Path Type:              Min at Fast Process Corner
  Data Path Delay:        1.136ns  (logic 0.289ns (25.490%)  route 0.846ns (74.510%))
  Logic Levels:           2  (IBUF=1 LUT2=1)

    Location             Delay type                Incr(ns)  Path(ns)    Netlist Resource(s)
  -------------------------------------------------------------------    -------------------
    N17                                               0.000     0.000 f  BtnC (IN)
                         net (fo=0)                   0.000     0.000    BtnC
    N17                  IBUF (Prop_ibuf_I_O)         0.244     0.244 f  BtnC_IBUF_inst/O
                         net (fo=93, routed)          0.718     0.962    ee354_GCD_1/BtnC_IBUF
    SLICE_X3Y81          LUT2 (Prop_lut2_I0_O)        0.045     1.007 f  ee354_GCD_1/A_reg[0]_LDC_i_2/O
                         net (fo=2, routed)           0.129     1.136    ee354_GCD_1/A_reg[0]_LDC_i_2_n_0
    SLICE_X2Y81          LDCE                                         f  ee354_GCD_1/A_reg[0]_LDC/CLR
  -------------------------------------------------------------------    -------------------

Slack:                    inf
  Source:                 BtnC
                            (input port)
  Destination:            ee354_GCD_1/B_reg[4]_LDC/CLR
  Path Group:             (none)
  Path Type:              Min at Fast Process Corner
  Data Path Delay:        1.136ns  (logic 0.289ns (25.476%)  route 0.847ns (74.524%))
  Logic Levels:           2  (IBUF=1 LUT2=1)

    Location             Delay type                Incr(ns)  Path(ns)    Netlist Resource(s)
  -------------------------------------------------------------------    -------------------
    N17                                               0.000     0.000 f  BtnC (IN)
                         net (fo=0)                   0.000     0.000    BtnC
    N17                  IBUF (Prop_ibuf_I_O)         0.244     0.244 f  BtnC_IBUF_inst/O
                         net (fo=93, routed)          0.723     0.967    ee354_GCD_1/BtnC_IBUF
    SLICE_X5Y81          LUT2 (Prop_lut2_I0_O)        0.045     1.012 f  ee354_GCD_1/B_reg[4]_LDC_i_2/O
                         net (fo=2, routed)           0.124     1.136    ee354_GCD_1/B_reg[4]_LDC_i_2_n_0
    SLICE_X5Y80          LDCE                                         f  ee354_GCD_1/B_reg[4]_LDC/CLR
  -------------------------------------------------------------------    -------------------

Slack:                    inf
  Source:                 BtnC
                            (input port)
  Destination:            ee354_GCD_1/B_reg[2]_LDC/CLR
  Path Group:             (none)
  Path Type:              Min at Fast Process Corner
  Data Path Delay:        1.266ns  (logic 0.289ns (22.866%)  route 0.976ns (77.134%))
  Logic Levels:           2  (IBUF=1 LUT2=1)

    Location             Delay type                Incr(ns)  Path(ns)    Netlist Resource(s)
  -------------------------------------------------------------------    -------------------
    N17                                               0.000     0.000 f  BtnC (IN)
                         net (fo=0)                   0.000     0.000    BtnC
    N17                  IBUF (Prop_ibuf_I_O)         0.244     0.244 f  BtnC_IBUF_inst/O
                         net (fo=93, routed)          0.794     1.038    ee354_GCD_1/BtnC_IBUF
    SLICE_X7Y82          LUT2 (Prop_lut2_I0_O)        0.045     1.083 f  ee354_GCD_1/B_reg[2]_LDC_i_2/O
                         net (fo=2, routed)           0.183     1.266    ee354_GCD_1/B_reg[2]_LDC_i_2_n_0
    SLICE_X7Y80          LDCE                                         f  ee354_GCD_1/B_reg[2]_LDC/CLR
  -------------------------------------------------------------------    -------------------

Slack:                    inf
  Source:                 BtnC
                            (input port)
  Destination:            ee354_GCD_1/A_reg[1]_LDC/CLR
  Path Group:             (none)
  Path Type:              Min at Fast Process Corner
  Data Path Delay:        1.317ns  (logic 0.289ns (21.980%)  route 1.027ns (78.020%))
  Logic Levels:           2  (IBUF=1 LUT2=1)

    Location             Delay type                Incr(ns)  Path(ns)    Netlist Resource(s)
  -------------------------------------------------------------------    -------------------
    N17                                               0.000     0.000 f  BtnC (IN)
                         net (fo=0)                   0.000     0.000    BtnC
    N17                  IBUF (Prop_ibuf_I_O)         0.244     0.244 f  BtnC_IBUF_inst/O
                         net (fo=93, routed)          0.845     1.089    ee354_GCD_1/BtnC_IBUF
    SLICE_X5Y83          LUT2 (Prop_lut2_I0_O)        0.045     1.134 f  ee354_GCD_1/A_reg[1]_LDC_i_2/O
                         net (fo=2, routed)           0.182     1.317    ee354_GCD_1/A_reg[1]_LDC_i_2_n_0
    SLICE_X5Y83          LDCE                                         f  ee354_GCD_1/A_reg[1]_LDC/CLR
  -------------------------------------------------------------------    -------------------

Slack:                    inf
  Source:                 BtnC
                            (input port)
  Destination:            ee354_GCD_1/A_reg[5]_LDC/CLR
  Path Group:             (none)
  Path Type:              Min at Fast Process Corner
  Data Path Delay:        1.342ns  (logic 0.289ns (21.574%)  route 1.052ns (78.426%))
  Logic Levels:           2  (IBUF=1 LUT2=1)

    Location             Delay type                Incr(ns)  Path(ns)    Netlist Resource(s)
  -------------------------------------------------------------------    -------------------
    N17                                               0.000     0.000 f  BtnC (IN)
                         net (fo=0)                   0.000     0.000    BtnC
    N17                  IBUF (Prop_ibuf_I_O)         0.244     0.244 f  BtnC_IBUF_inst/O
                         net (fo=93, routed)          0.920     1.165    ee354_GCD_1/BtnC_IBUF
    SLICE_X2Y86          LUT2 (Prop_lut2_I0_O)        0.045     1.210 f  ee354_GCD_1/A_reg[5]_LDC_i_2/O
                         net (fo=2, routed)           0.132     1.342    ee354_GCD_1/A_reg[5]_LDC_i_2_n_0
    SLICE_X5Y86          LDCE                                         f  ee354_GCD_1/A_reg[5]_LDC/CLR
  -------------------------------------------------------------------    -------------------

Slack:                    inf
  Source:                 BtnC
                            (input port)
  Destination:            ee354_GCD_1/B_reg[5]_LDC/CLR
  Path Group:             (none)
  Path Type:              Min at Fast Process Corner
  Data Path Delay:        1.406ns  (logic 0.289ns (20.589%)  route 1.116ns (79.411%))
  Logic Levels:           2  (IBUF=1 LUT2=1)

    Location             Delay type                Incr(ns)  Path(ns)    Netlist Resource(s)
  -------------------------------------------------------------------    -------------------
    N17                                               0.000     0.000 f  BtnC (IN)
                         net (fo=0)                   0.000     0.000    BtnC
    N17                  IBUF (Prop_ibuf_I_O)         0.244     0.244 f  BtnC_IBUF_inst/O
                         net (fo=93, routed)          0.916     1.161    ee354_GCD_1/BtnC_IBUF
    SLICE_X5Y85          LUT2 (Prop_lut2_I0_O)        0.045     1.206 f  ee354_GCD_1/B_reg[5]_LDC_i_2/O
                         net (fo=2, routed)           0.200     1.406    ee354_GCD_1/B_reg[5]_LDC_i_2_n_0
    SLICE_X5Y85          LDCE                                         f  ee354_GCD_1/B_reg[5]_LDC/CLR
  -------------------------------------------------------------------    -------------------

Slack:                    inf
  Source:                 BtnC
                            (input port)
  Destination:            ee354_GCD_1/B_reg[6]_LDC/CLR
  Path Group:             (none)
  Path Type:              Min at Fast Process Corner
  Data Path Delay:        1.481ns  (logic 0.289ns (19.546%)  route 1.191ns (80.454%))
  Logic Levels:           2  (IBUF=1 LUT2=1)

    Location             Delay type                Incr(ns)  Path(ns)    Netlist Resource(s)
  -------------------------------------------------------------------    -------------------
    N17                                               0.000     0.000 f  BtnC (IN)
                         net (fo=0)                   0.000     0.000    BtnC
    N17                  IBUF (Prop_ibuf_I_O)         0.244     0.244 f  BtnC_IBUF_inst/O
                         net (fo=93, routed)          0.998     1.242    ee354_GCD_1/BtnC_IBUF
    SLICE_X4Y87          LUT2 (Prop_lut2_I0_O)        0.045     1.287 f  ee354_GCD_1/B_reg[6]_LDC_i_2/O
                         net (fo=2, routed)           0.194     1.481    ee354_GCD_1/B_reg[6]_LDC_i_2_n_0
    SLICE_X4Y89          LDCE                                         f  ee354_GCD_1/B_reg[6]_LDC/CLR
  -------------------------------------------------------------------    -------------------

Slack:                    inf
  Source:                 BtnC
                            (input port)
  Destination:            ee354_GCD_1/B_reg[0]_LDC/CLR
  Path Group:             (none)
  Path Type:              Min at Fast Process Corner
  Data Path Delay:        1.494ns  (logic 0.289ns (19.373%)  route 1.205ns (80.627%))
  Logic Levels:           2  (IBUF=1 LUT2=1)

    Location             Delay type                Incr(ns)  Path(ns)    Netlist Resource(s)
  -------------------------------------------------------------------    -------------------
    N17                                               0.000     0.000 f  BtnC (IN)
                         net (fo=0)                   0.000     0.000    BtnC
    N17                  IBUF (Prop_ibuf_I_O)         0.244     0.244 f  BtnC_IBUF_inst/O
                         net (fo=93, routed)          0.919     1.164    ee354_GCD_1/BtnC_IBUF
    SLICE_X4Y82          LUT2 (Prop_lut2_I0_O)        0.045     1.209 f  ee354_GCD_1/B_reg[0]_LDC_i_2/O
                         net (fo=2, routed)           0.285     1.494    ee354_GCD_1/B_reg[0]_LDC_i_2_n_0
    SLICE_X3Y80          LDCE                                         f  ee354_GCD_1/B_reg[0]_LDC/CLR
  -------------------------------------------------------------------    -------------------

Slack:                    inf
  Source:                 BtnC
                            (input port)
  Destination:            ee354_GCD_1/A_reg[6]_LDC/CLR
  Path Group:             (none)
  Path Type:              Min at Fast Process Corner
  Data Path Delay:        1.502ns  (logic 0.289ns (19.270%)  route 1.213ns (80.730%))
  Logic Levels:           2  (IBUF=1 LUT2=1)

    Location             Delay type                Incr(ns)  Path(ns)    Netlist Resource(s)
  -------------------------------------------------------------------    -------------------
    N17                                               0.000     0.000 f  BtnC (IN)
                         net (fo=0)                   0.000     0.000    BtnC
    N17                  IBUF (Prop_ibuf_I_O)         0.244     0.244 f  BtnC_IBUF_inst/O
                         net (fo=93, routed)          1.028     1.272    ee354_GCD_1/BtnC_IBUF
    SLICE_X1Y87          LUT2 (Prop_lut2_I0_O)        0.045     1.317 f  ee354_GCD_1/A_reg[6]_LDC_i_2/O
                         net (fo=2, routed)           0.185     1.502    ee354_GCD_1/A_reg[6]_LDC_i_2_n_0
    SLICE_X1Y87          LDCE                                         f  ee354_GCD_1/A_reg[6]_LDC/CLR
  -------------------------------------------------------------------    -------------------

Slack:                    inf
  Source:                 BtnC
                            (input port)
  Destination:            ee354_GCD_1/B_reg[1]_LDC/CLR
  Path Group:             (none)
  Path Type:              Min at Fast Process Corner
  Data Path Delay:        1.515ns  (logic 0.289ns (19.110%)  route 1.225ns (80.890%))
  Logic Levels:           2  (IBUF=1 LUT2=1)

    Location             Delay type                Incr(ns)  Path(ns)    Netlist Resource(s)
  -------------------------------------------------------------------    -------------------
    N17                                               0.000     0.000 f  BtnC (IN)
                         net (fo=0)                   0.000     0.000    BtnC
    N17                  IBUF (Prop_ibuf_I_O)         0.244     0.244 f  BtnC_IBUF_inst/O
                         net (fo=93, routed)          1.009     1.253    ee354_GCD_1/BtnC_IBUF
    SLICE_X8Y83          LUT2 (Prop_lut2_I0_O)        0.045     1.298 f  ee354_GCD_1/B_reg[1]_LDC_i_2/O
                         net (fo=2, routed)           0.216     1.515    ee354_GCD_1/B_reg[1]_LDC_i_2_n_0
    SLICE_X8Y82          LDCE                                         f  ee354_GCD_1/B_reg[1]_LDC/CLR
  -------------------------------------------------------------------    -------------------





--------------------------------------------------------------------------------------
Path Group:  (none)
From Clock:  ClkPort
  To Clock:  

Max Delay            31 Endpoints
Min Delay            31 Endpoints
--------------------------------------------------------------------------------------


Max Delay Paths
--------------------------------------------------------------------------------------
Slack:                    inf
  Source:                 ee354_GCD_1/state_reg[0]/C
                            (rising edge-triggered cell FDPE clocked by ClkPort  {rise@0.000ns fall@5.000ns period=10.000ns})
  Destination:            Cb
                            (output port)
  Path Group:             (none)
  Path Type:              Max at Slow Process Corner
  Data Path Delay:        11.574ns  (logic 4.611ns (39.842%)  route 6.963ns (60.158%))
  Logic Levels:           4  (LUT4=1 LUT6=2 OBUF=1)
  Clock Uncertainty:      0.025ns  ((TSJ^2 + TIJ^2)^1/2 + DJ) / 2 + PE
    Total System Jitter     (TSJ):    0.050ns
    Total Input Jitter      (TIJ):    0.000ns
    Discrete Jitter          (DJ):    0.000ns
    Phase Error              (PE):    0.000ns

    Location             Delay type                Incr(ns)  Path(ns)    Netlist Resource(s)
  -------------------------------------------------------------------    -------------------
                         (clock ClkPort rise edge)    0.000     0.000 r  
    E3                                                0.000     0.000 r  ClkPort (IN)
                         net (fo=0)                   0.000     0.000    BUFGP1/I
    E3                   IBUF (Prop_ibuf_I_O)         1.482     1.482 r  BUFGP1/IBUF/O
                         net (fo=1, routed)           2.025     3.506    BUFGP1/IBUFG_2_BUFG
    BUFGCTRL_X0Y16       BUFG (Prop_bufg_I_O)         0.096     3.602 r  BUFGP1/BUFG/O
                         net (fo=197, routed)         1.716     5.319    ee354_GCD_1/board_clk
    SLICE_X0Y82          FDPE                                         r  ee354_GCD_1/state_reg[0]/C
  -------------------------------------------------------------------    -------------------
    SLICE_X0Y82          FDPE (Prop_fdpe_C_Q)         0.456     5.775 r  ee354_GCD_1/state_reg[0]/Q
                         net (fo=47, routed)          2.647     8.421    ee354_GCD_1/Q[0]
    SLICE_X2Y86          LUT6 (Prop_lut6_I4_O)        0.124     8.545 r  ee354_GCD_1/Ca_OBUF_inst_i_13/O
                         net (fo=1, routed)           0.647     9.193    ee354_GCD_1/SSD1[2]
    SLICE_X1Y85          LUT6 (Prop_lut6_I5_O)        0.124     9.317 r  ee354_GCD_1/Ca_OBUF_inst_i_3/O
                         net (fo=7, routed)           0.744    10.060    ee354_GCD_1/SSD[2]
    SLICE_X0Y85          LUT4 (Prop_lut4_I1_O)        0.150    10.210 r  ee354_GCD_1/Cb_OBUF_inst_i_1/O
                         net (fo=1, routed)           2.925    13.136    Cb_OBUF
    R10                  OBUF (Prop_obuf_I_O)         3.757    16.893 r  Cb_OBUF_inst/O
                         net (fo=0)                   0.000    16.893    Cb
    R10                                                               r  Cb (OUT)
  -------------------------------------------------------------------    -------------------

Slack:                    inf
  Source:                 ee354_GCD_1/state_reg[0]/C
                            (rising edge-triggered cell FDPE clocked by ClkPort  {rise@0.000ns fall@5.000ns period=10.000ns})
  Destination:            Ca
                            (output port)
  Path Group:             (none)
  Path Type:              Max at Slow Process Corner
  Data Path Delay:        11.350ns  (logic 4.405ns (38.812%)  route 6.945ns (61.188%))
  Logic Levels:           4  (LUT4=1 LUT6=2 OBUF=1)
  Clock Uncertainty:      0.025ns  ((TSJ^2 + TIJ^2)^1/2 + DJ) / 2 + PE
    Total System Jitter     (TSJ):    0.050ns
    Total Input Jitter      (TIJ):    0.000ns
    Discrete Jitter          (DJ):    0.000ns
    Phase Error              (PE):    0.000ns

    Location             Delay type                Incr(ns)  Path(ns)    Netlist Resource(s)
  -------------------------------------------------------------------    -------------------
                         (clock ClkPort rise edge)    0.000     0.000 r  
    E3                                                0.000     0.000 r  ClkPort (IN)
                         net (fo=0)                   0.000     0.000    BUFGP1/I
    E3                   IBUF (Prop_ibuf_I_O)         1.482     1.482 r  BUFGP1/IBUF/O
                         net (fo=1, routed)           2.025     3.506    BUFGP1/IBUFG_2_BUFG
    BUFGCTRL_X0Y16       BUFG (Prop_bufg_I_O)         0.096     3.602 r  BUFGP1/BUFG/O
                         net (fo=197, routed)         1.716     5.319    ee354_GCD_1/board_clk
    SLICE_X0Y82          FDPE                                         r  ee354_GCD_1/state_reg[0]/C
  -------------------------------------------------------------------    -------------------
    SLICE_X0Y82          FDPE (Prop_fdpe_C_Q)         0.456     5.775 r  ee354_GCD_1/state_reg[0]/Q
                         net (fo=47, routed)          2.647     8.421    ee354_GCD_1/Q[0]
    SLICE_X2Y86          LUT6 (Prop_lut6_I4_O)        0.124     8.545 r  ee354_GCD_1/Ca_OBUF_inst_i_13/O
                         net (fo=1, routed)           0.647     9.193    ee354_GCD_1/SSD1[2]
    SLICE_X1Y85          LUT6 (Prop_lut6_I5_O)        0.124     9.317 r  ee354_GCD_1/Ca_OBUF_inst_i_3/O
                         net (fo=7, routed)           0.885    10.202    ee354_GCD_1/SSD[2]
    SLICE_X0Y84          LUT4 (Prop_lut4_I1_O)        0.124    10.326 r  ee354_GCD_1/Ca_OBUF_inst_i_1/O
                         net (fo=1, routed)           2.766    13.091    Ca_OBUF
    T10                  OBUF (Prop_obuf_I_O)         3.577    16.668 r  Ca_OBUF_inst/O
                         net (fo=0)                   0.000    16.668    Ca
    T10                                                               r  Ca (OUT)
  -------------------------------------------------------------------    -------------------

Slack:                    inf
  Source:                 ee354_GCD_1/state_reg[0]/C
                            (rising edge-triggered cell FDPE clocked by ClkPort  {rise@0.000ns fall@5.000ns period=10.000ns})
  Destination:            Cd
                            (output port)
  Path Group:             (none)
  Path Type:              Max at Slow Process Corner
  Data Path Delay:        10.918ns  (logic 4.378ns (40.100%)  route 6.540ns (59.900%))
  Logic Levels:           4  (LUT4=1 LUT6=2 OBUF=1)
  Clock Uncertainty:      0.025ns  ((TSJ^2 + TIJ^2)^1/2 + DJ) / 2 + PE
    Total System Jitter     (TSJ):    0.050ns
    Total Input Jitter      (TIJ):    0.000ns
    Discrete Jitter          (DJ):    0.000ns
    Phase Error              (PE):    0.000ns

    Location             Delay type                Incr(ns)  Path(ns)    Netlist Resource(s)
  -------------------------------------------------------------------    -------------------
                         (clock ClkPort rise edge)    0.000     0.000 r  
    E3                                                0.000     0.000 r  ClkPort (IN)
                         net (fo=0)                   0.000     0.000    BUFGP1/I
    E3                   IBUF (Prop_ibuf_I_O)         1.482     1.482 r  BUFGP1/IBUF/O
                         net (fo=1, routed)           2.025     3.506    BUFGP1/IBUFG_2_BUFG
    BUFGCTRL_X0Y16       BUFG (Prop_bufg_I_O)         0.096     3.602 r  BUFGP1/BUFG/O
                         net (fo=197, routed)         1.716     5.319    ee354_GCD_1/board_clk
    SLICE_X0Y82          FDPE                                         r  ee354_GCD_1/state_reg[0]/C
  -------------------------------------------------------------------    -------------------
    SLICE_X0Y82          FDPE (Prop_fdpe_C_Q)         0.456     5.775 r  ee354_GCD_1/state_reg[0]/Q
                         net (fo=47, routed)          2.647     8.421    ee354_GCD_1/Q[0]
    SLICE_X2Y86          LUT6 (Prop_lut6_I4_O)        0.124     8.545 r  ee354_GCD_1/Ca_OBUF_inst_i_13/O
                         net (fo=1, routed)           0.647     9.193    ee354_GCD_1/SSD1[2]
    SLICE_X1Y85          LUT6 (Prop_lut6_I5_O)        0.124     9.317 r  ee354_GCD_1/Ca_OBUF_inst_i_3/O
                         net (fo=7, routed)           0.663     9.979    ee354_GCD_1/SSD[2]
    SLICE_X0Y84          LUT4 (Prop_lut4_I1_O)        0.124    10.103 r  ee354_GCD_1/Cd_OBUF_inst_i_1/O
                         net (fo=1, routed)           2.584    12.687    Cd_OBUF
    K13                  OBUF (Prop_obuf_I_O)         3.550    16.237 r  Cd_OBUF_inst/O
                         net (fo=0)                   0.000    16.237    Cd
    K13                                                               r  Cd (OUT)
  -------------------------------------------------------------------    -------------------

Slack:                    inf
  Source:                 ee354_GCD_1/state_reg[0]/C
                            (rising edge-triggered cell FDPE clocked by ClkPort  {rise@0.000ns fall@5.000ns period=10.000ns})
  Destination:            Cf
                            (output port)
  Path Group:             (none)
  Path Type:              Max at Slow Process Corner
  Data Path Delay:        10.775ns  (logic 4.389ns (40.729%)  route 6.387ns (59.271%))
  Logic Levels:           4  (LUT4=1 LUT6=2 OBUF=1)
  Clock Uncertainty:      0.025ns  ((TSJ^2 + TIJ^2)^1/2 + DJ) / 2 + PE
    Total System Jitter     (TSJ):    0.050ns
    Total Input Jitter      (TIJ):    0.000ns
    Discrete Jitter          (DJ):    0.000ns
    Phase Error              (PE):    0.000ns

    Location             Delay type                Incr(ns)  Path(ns)    Netlist Resource(s)
  -------------------------------------------------------------------    -------------------
                         (clock ClkPort rise edge)    0.000     0.000 r  
    E3                                                0.000     0.000 r  ClkPort (IN)
                         net (fo=0)                   0.000     0.000    BUFGP1/I
    E3                   IBUF (Prop_ibuf_I_O)         1.482     1.482 r  BUFGP1/IBUF/O
                         net (fo=1, routed)           2.025     3.506    BUFGP1/IBUFG_2_BUFG
    BUFGCTRL_X0Y16       BUFG (Prop_bufg_I_O)         0.096     3.602 r  BUFGP1/BUFG/O
                         net (fo=197, routed)         1.716     5.319    ee354_GCD_1/board_clk
    SLICE_X0Y82          FDPE                                         r  ee354_GCD_1/state_reg[0]/C
  -------------------------------------------------------------------    -------------------
    SLICE_X0Y82          FDPE (Prop_fdpe_C_Q)         0.456     5.775 r  ee354_GCD_1/state_reg[0]/Q
                         net (fo=47, routed)          2.647     8.421    ee354_GCD_1/Q[0]
    SLICE_X2Y86          LUT6 (Prop_lut6_I4_O)        0.124     8.545 r  ee354_GCD_1/Ca_OBUF_inst_i_13/O
                         net (fo=1, routed)           0.647     9.193    ee354_GCD_1/SSD1[2]
    SLICE_X1Y85          LUT6 (Prop_lut6_I5_O)        0.124     9.317 r  ee354_GCD_1/Ca_OBUF_inst_i_3/O
                         net (fo=7, routed)           0.736    10.052    ee354_GCD_1/SSD[2]
    SLICE_X0Y85          LUT4 (Prop_lut4_I1_O)        0.124    10.176 r  ee354_GCD_1/Cf_OBUF_inst_i_1/O
                         net (fo=1, routed)           2.357    12.533    Cf_OBUF
    T11                  OBUF (Prop_obuf_I_O)         3.561    16.094 r  Cf_OBUF_inst/O
                         net (fo=0)                   0.000    16.094    Cf
    T11                                                               r  Cf (OUT)
  -------------------------------------------------------------------    -------------------

Slack:                    inf
  Source:                 ee354_GCD_1/state_reg[0]/C
                            (rising edge-triggered cell FDPE clocked by ClkPort  {rise@0.000ns fall@5.000ns period=10.000ns})
  Destination:            Ce
                            (output port)
  Path Group:             (none)
  Path Type:              Max at Slow Process Corner
  Data Path Delay:        10.507ns  (logic 4.592ns (43.700%)  route 5.915ns (56.300%))
  Logic Levels:           4  (LUT4=1 LUT6=2 OBUF=1)
  Clock Uncertainty:      0.025ns  ((TSJ^2 + TIJ^2)^1/2 + DJ) / 2 + PE
    Total System Jitter     (TSJ):    0.050ns
    Total Input Jitter      (TIJ):    0.000ns
    Discrete Jitter          (DJ):    0.000ns
    Phase Error              (PE):    0.000ns

    Location             Delay type                Incr(ns)  Path(ns)    Netlist Resource(s)
  -------------------------------------------------------------------    -------------------
                         (clock ClkPort rise edge)    0.000     0.000 r  
    E3                                                0.000     0.000 r  ClkPort (IN)
                         net (fo=0)                   0.000     0.000    BUFGP1/I
    E3                   IBUF (Prop_ibuf_I_O)         1.482     1.482 r  BUFGP1/IBUF/O
                         net (fo=1, routed)           2.025     3.506    BUFGP1/IBUFG_2_BUFG
    BUFGCTRL_X0Y16       BUFG (Prop_bufg_I_O)         0.096     3.602 r  BUFGP1/BUFG/O
                         net (fo=197, routed)         1.716     5.319    ee354_GCD_1/board_clk
    SLICE_X0Y82          FDPE                                         r  ee354_GCD_1/state_reg[0]/C
  -------------------------------------------------------------------    -------------------
    SLICE_X0Y82          FDPE (Prop_fdpe_C_Q)         0.456     5.775 r  ee354_GCD_1/state_reg[0]/Q
                         net (fo=47, routed)          2.413     8.188    ee354_GCD_1/Q[0]
    SLICE_X0Y86          LUT6 (Prop_lut6_I4_O)        0.124     8.312 f  ee354_GCD_1/Ca_OBUF_inst_i_7/O
                         net (fo=1, routed)           0.714     9.026    ee354_GCD_1/SSD3[3]
    SLICE_X1Y85          LUT6 (Prop_lut6_I1_O)        0.124     9.150 f  ee354_GCD_1/Ca_OBUF_inst_i_2/O
                         net (fo=7, routed)           0.828     9.978    ee354_GCD_1/SSD[3]
    SLICE_X0Y84          LUT4 (Prop_lut4_I0_O)        0.152    10.130 r  ee354_GCD_1/Ce_OBUF_inst_i_1/O
                         net (fo=1, routed)           1.960    12.090    Ce_OBUF
    P15                  OBUF (Prop_obuf_I_O)         3.736    15.826 r  Ce_OBUF_inst/O
                         net (fo=0)                   0.000    15.826    Ce
    P15                                                               r  Ce (OUT)
  -------------------------------------------------------------------    -------------------

Slack:                    inf
  Source:                 ee354_GCD_1/state_reg[0]/C
                            (rising edge-triggered cell FDPE clocked by ClkPort  {rise@0.000ns fall@5.000ns period=10.000ns})
  Destination:            Cg
                            (output port)
  Path Group:             (none)
  Path Type:              Max at Slow Process Corner
  Data Path Delay:        10.504ns  (logic 4.601ns (43.807%)  route 5.902ns (56.193%))
  Logic Levels:           4  (LUT4=1 LUT6=2 OBUF=1)
  Clock Uncertainty:      0.025ns  ((TSJ^2 + TIJ^2)^1/2 + DJ) / 2 + PE
    Total System Jitter     (TSJ):    0.050ns
    Total Input Jitter      (TIJ):    0.000ns
    Discrete Jitter          (DJ):    0.000ns
    Phase Error              (PE):    0.000ns

    Location             Delay type                Incr(ns)  Path(ns)    Netlist Resource(s)
  -------------------------------------------------------------------    -------------------
                         (clock ClkPort rise edge)    0.000     0.000 r  
    E3                                                0.000     0.000 r  ClkPort (IN)
                         net (fo=0)                   0.000     0.000    BUFGP1/I
    E3                   IBUF (Prop_ibuf_I_O)         1.482     1.482 r  BUFGP1/IBUF/O
                         net (fo=1, routed)           2.025     3.506    BUFGP1/IBUFG_2_BUFG
    BUFGCTRL_X0Y16       BUFG (Prop_bufg_I_O)         0.096     3.602 r  BUFGP1/BUFG/O
                         net (fo=197, routed)         1.716     5.319    ee354_GCD_1/board_clk
    SLICE_X0Y82          FDPE                                         r  ee354_GCD_1/state_reg[0]/C
  -------------------------------------------------------------------    -------------------
    SLICE_X0Y82          FDPE (Prop_fdpe_C_Q)         0.456     5.775 r  ee354_GCD_1/state_reg[0]/Q
                         net (fo=47, routed)          2.647     8.421    ee354_GCD_1/Q[0]
    SLICE_X2Y86          LUT6 (Prop_lut6_I4_O)        0.124     8.545 r  ee354_GCD_1/Ca_OBUF_inst_i_13/O
                         net (fo=1, routed)           0.647     9.193    ee354_GCD_1/SSD1[2]
    SLICE_X1Y85          LUT6 (Prop_lut6_I5_O)        0.124     9.317 r  ee354_GCD_1/Ca_OBUF_inst_i_3/O
                         net (fo=7, routed)           0.736    10.052    ee354_GCD_1/SSD[2]
    SLICE_X0Y85          LUT4 (Prop_lut4_I2_O)        0.152    10.204 r  ee354_GCD_1/Cg_OBUF_inst_i_1/O
                         net (fo=1, routed)           1.872    12.077    Cg_OBUF
    L18                  OBUF (Prop_obuf_I_O)         3.745    15.822 r  Cg_OBUF_inst/O
                         net (fo=0)                   0.000    15.822    Cg
    L18                                                               r  Cg (OUT)
  -------------------------------------------------------------------    -------------------

Slack:                    inf
  Source:                 ee354_GCD_1/state_reg[0]/C
                            (rising edge-triggered cell FDPE clocked by ClkPort  {rise@0.000ns fall@5.000ns period=10.000ns})
  Destination:            Cc
                            (output port)
  Path Group:             (none)
  Path Type:              Max at Slow Process Corner
  Data Path Delay:        10.464ns  (logic 4.321ns (41.293%)  route 6.143ns (58.707%))
  Logic Levels:           4  (LUT4=1 LUT6=2 OBUF=1)
  Clock Uncertainty:      0.025ns  ((TSJ^2 + TIJ^2)^1/2 + DJ) / 2 + PE
    Total System Jitter     (TSJ):    0.050ns
    Total Input Jitter      (TIJ):    0.000ns
    Discrete Jitter          (DJ):    0.000ns
    Phase Error              (PE):    0.000ns

    Location             Delay type                Incr(ns)  Path(ns)    Netlist Resource(s)
  -------------------------------------------------------------------    -------------------
                         (clock ClkPort rise edge)    0.000     0.000 r  
    E3                                                0.000     0.000 r  ClkPort (IN)
                         net (fo=0)                   0.000     0.000    BUFGP1/I
    E3                   IBUF (Prop_ibuf_I_O)         1.482     1.482 r  BUFGP1/IBUF/O
                         net (fo=1, routed)           2.025     3.506    BUFGP1/IBUFG_2_BUFG
    BUFGCTRL_X0Y16       BUFG (Prop_bufg_I_O)         0.096     3.602 r  BUFGP1/BUFG/O
                         net (fo=197, routed)         1.716     5.319    ee354_GCD_1/board_clk
    SLICE_X0Y82          FDPE                                         r  ee354_GCD_1/state_reg[0]/C
  -------------------------------------------------------------------    -------------------
    SLICE_X0Y82          FDPE (Prop_fdpe_C_Q)         0.456     5.775 r  ee354_GCD_1/state_reg[0]/Q
                         net (fo=47, routed)          2.647     8.421    ee354_GCD_1/Q[0]
    SLICE_X2Y86          LUT6 (Prop_lut6_I4_O)        0.124     8.545 r  ee354_GCD_1/Ca_OBUF_inst_i_13/O
                         net (fo=1, routed)           0.647     9.193    ee354_GCD_1/SSD1[2]
    SLICE_X1Y85          LUT6 (Prop_lut6_I5_O)        0.124     9.317 r  ee354_GCD_1/Ca_OBUF_inst_i_3/O
                         net (fo=7, routed)           0.744    10.060    ee354_GCD_1/SSD[2]
    SLICE_X0Y85          LUT4 (Prop_lut4_I3_O)        0.124    10.184 r  ee354_GCD_1/Cc_OBUF_inst_i_1/O
                         net (fo=1, routed)           2.106    12.290    Cc_OBUF
    K16                  OBUF (Prop_obuf_I_O)         3.493    15.783 r  Cc_OBUF_inst/O
                         net (fo=0)                   0.000    15.783    Cc
    K16                                                               r  Cc (OUT)
  -------------------------------------------------------------------    -------------------

Slack:                    inf
  Source:                 DIV_CLK_reg[18]/C
                            (rising edge-triggered cell FDCE clocked by ClkPort  {rise@0.000ns fall@5.000ns period=10.000ns})
  Destination:            An0
                            (output port)
  Path Group:             (none)
  Path Type:              Max at Slow Process Corner
  Data Path Delay:        8.268ns  (logic 4.344ns (52.533%)  route 3.925ns (47.467%))
  Logic Levels:           2  (LUT2=1 OBUF=1)
  Clock Uncertainty:      0.025ns  ((TSJ^2 + TIJ^2)^1/2 + DJ) / 2 + PE
    Total System Jitter     (TSJ):    0.050ns
    Total Input Jitter      (TIJ):    0.000ns
    Discrete Jitter          (DJ):    0.000ns
    Phase Error              (PE):    0.000ns

    Location             Delay type                Incr(ns)  Path(ns)    Netlist Resource(s)
  -------------------------------------------------------------------    -------------------
                         (clock ClkPort rise edge)    0.000     0.000 r  
    E3                                                0.000     0.000 r  ClkPort (IN)
                         net (fo=0)                   0.000     0.000    BUFGP1/I
    E3                   IBUF (Prop_ibuf_I_O)         1.482     1.482 r  BUFGP1/IBUF/O
                         net (fo=1, routed)           2.025     3.506    BUFGP1/IBUFG_2_BUFG
    BUFGCTRL_X0Y16       BUFG (Prop_bufg_I_O)         0.096     3.602 r  BUFGP1/BUFG/O
                         net (fo=197, routed)         1.713     5.316    board_clk
    SLICE_X1Y80          FDCE                                         r  DIV_CLK_reg[18]/C
  -------------------------------------------------------------------    -------------------
    SLICE_X1Y80          FDCE (Prop_fdce_C_Q)         0.456     5.772 f  DIV_CLK_reg[18]/Q
                         net (fo=9, routed)           1.803     7.575    DIV_CLK_reg_n_0_[18]
    SLICE_X0Y87          LUT2 (Prop_lut2_I1_O)        0.150     7.725 r  An0_OBUF_inst_i_1/O
                         net (fo=1, routed)           2.122     9.846    An0_OBUF
    J17                  OBUF (Prop_obuf_I_O)         3.738    13.584 r  An0_OBUF_inst/O
                         net (fo=0)                   0.000    13.584    An0
    J17                                                               r  An0 (OUT)
  -------------------------------------------------------------------    -------------------

Slack:                    inf
  Source:                 DIV_CLK_reg[18]/C
                            (rising edge-triggered cell FDCE clocked by ClkPort  {rise@0.000ns fall@5.000ns period=10.000ns})
  Destination:            An2
                            (output port)
  Path Group:             (none)
  Path Type:              Max at Slow Process Corner
  Data Path Delay:        8.248ns  (logic 4.154ns (50.371%)  route 4.093ns (49.629%))
  Logic Levels:           2  (LUT2=1 OBUF=1)
  Clock Uncertainty:      0.025ns  ((TSJ^2 + TIJ^2)^1/2 + DJ) / 2 + PE
    Total System Jitter     (TSJ):    0.050ns
    Total Input Jitter      (TIJ):    0.000ns
    Discrete Jitter          (DJ):    0.000ns
    Phase Error              (PE):    0.000ns

    Location             Delay type                Incr(ns)  Path(ns)    Netlist Resource(s)
  -------------------------------------------------------------------    -------------------
                         (clock ClkPort rise edge)    0.000     0.000 r  
    E3                                                0.000     0.000 r  ClkPort (IN)
                         net (fo=0)                   0.000     0.000    BUFGP1/I
    E3                   IBUF (Prop_ibuf_I_O)         1.482     1.482 r  BUFGP1/IBUF/O
                         net (fo=1, routed)           2.025     3.506    BUFGP1/IBUFG_2_BUFG
    BUFGCTRL_X0Y16       BUFG (Prop_bufg_I_O)         0.096     3.602 r  BUFGP1/BUFG/O
                         net (fo=197, routed)         1.713     5.316    board_clk
    SLICE_X1Y80          FDCE                                         r  DIV_CLK_reg[18]/C
  -------------------------------------------------------------------    -------------------
    SLICE_X1Y80          FDCE (Prop_fdce_C_Q)         0.456     5.772 f  DIV_CLK_reg[18]/Q
                         net (fo=9, routed)           1.326     7.098    DIV_CLK_reg_n_0_[18]
    SLICE_X0Y87          LUT2 (Prop_lut2_I1_O)        0.124     7.222 r  An2_OBUF_inst_i_1/O
                         net (fo=1, routed)           2.767     9.989    An2_OBUF
    T9                   OBUF (Prop_obuf_I_O)         3.574    13.563 r  An2_OBUF_inst/O
                         net (fo=0)                   0.000    13.563    An2
    T9                                                                r  An2 (OUT)
  -------------------------------------------------------------------    -------------------

Slack:                    inf
  Source:                 DIV_CLK_reg[18]/C
                            (rising edge-triggered cell FDCE clocked by ClkPort  {rise@0.000ns fall@5.000ns period=10.000ns})
  Destination:            An3
                            (output port)
  Path Group:             (none)
  Path Type:              Max at Slow Process Corner
  Data Path Delay:        8.079ns  (logic 4.366ns (54.040%)  route 3.713ns (45.960%))
  Logic Levels:           2  (LUT2=1 OBUF=1)
  Clock Uncertainty:      0.025ns  ((TSJ^2 + TIJ^2)^1/2 + DJ) / 2 + PE
    Total System Jitter     (TSJ):    0.050ns
    Total Input Jitter      (TIJ):    0.000ns
    Discrete Jitter          (DJ):    0.000ns
    Phase Error              (PE):    0.000ns

    Location             Delay type                Incr(ns)  Path(ns)    Netlist Resource(s)
  -------------------------------------------------------------------    -------------------
                         (clock ClkPort rise edge)    0.000     0.000 r  
    E3                                                0.000     0.000 r  ClkPort (IN)
                         net (fo=0)                   0.000     0.000    BUFGP1/I
    E3                   IBUF (Prop_ibuf_I_O)         1.482     1.482 r  BUFGP1/IBUF/O
                         net (fo=1, routed)           2.025     3.506    BUFGP1/IBUFG_2_BUFG
    BUFGCTRL_X0Y16       BUFG (Prop_bufg_I_O)         0.096     3.602 r  BUFGP1/BUFG/O
                         net (fo=197, routed)         1.713     5.316    board_clk
    SLICE_X1Y80          FDCE                                         r  DIV_CLK_reg[18]/C
  -------------------------------------------------------------------    -------------------
    SLICE_X1Y80          FDCE (Prop_fdce_C_Q)         0.456     5.772 r  DIV_CLK_reg[18]/Q
                         net (fo=9, routed)           1.326     7.098    DIV_CLK_reg_n_0_[18]
    SLICE_X0Y87          LUT2 (Prop_lut2_I1_O)        0.150     7.248 r  An3_OBUF_inst_i_1/O
                         net (fo=1, routed)           2.387     9.635    An3_OBUF
    J14                  OBUF (Prop_obuf_I_O)         3.760    13.395 r  An3_OBUF_inst/O
                         net (fo=0)                   0.000    13.395    An3
    J14                                                               r  An3 (OUT)
  -------------------------------------------------------------------    -------------------





Min Delay Paths
--------------------------------------------------------------------------------------
Slack:                    inf
  Source:                 Ain_reg[6]/C
                            (rising edge-triggered cell FDCE clocked by ClkPort  {rise@0.000ns fall@5.000ns period=10.000ns})
  Destination:            ee354_GCD_1/A_reg[6]_LDC/CLR
  Path Group:             (none)
  Path Type:              Min at Fast Process Corner
  Data Path Delay:        0.480ns  (logic 0.186ns (38.763%)  route 0.294ns (61.237%))
  Logic Levels:           1  (LUT2=1)
  Clock Uncertainty:      0.025ns  ((TSJ^2 + TIJ^2)^1/2 + DJ) / 2 + PE
    Total System Jitter     (TSJ):    0.050ns
    Total Input Jitter      (TIJ):    0.000ns
    Discrete Jitter          (DJ):    0.000ns
    Phase Error              (PE):    0.000ns

    Location             Delay type                Incr(ns)  Path(ns)    Netlist Resource(s)
  -------------------------------------------------------------------    -------------------
                         (clock ClkPort rise edge)    0.000     0.000 r  
    E3                                                0.000     0.000 r  ClkPort (IN)
                         net (fo=0)                   0.000     0.000    BUFGP1/I
    E3                   IBUF (Prop_ibuf_I_O)         0.250     0.250 r  BUFGP1/IBUF/O
                         net (fo=1, routed)           0.644     0.894    BUFGP1/IBUFG_2_BUFG
    BUFGCTRL_X0Y16       BUFG (Prop_bufg_I_O)         0.026     0.920 r  BUFGP1/BUFG/O
                         net (fo=197, routed)         0.601     1.520    board_clk
    SLICE_X0Y87          FDCE                                         r  Ain_reg[6]/C
  -------------------------------------------------------------------    -------------------
    SLICE_X0Y87          FDCE (Prop_fdce_C_Q)         0.141     1.661 r  Ain_reg[6]/Q
                         net (fo=5, routed)           0.109     1.770    ee354_GCD_1/A_reg[7]_P_0[6]
    SLICE_X1Y87          LUT2 (Prop_lut2_I1_O)        0.045     1.815 f  ee354_GCD_1/A_reg[6]_LDC_i_2/O
                         net (fo=2, routed)           0.185     2.000    ee354_GCD_1/A_reg[6]_LDC_i_2_n_0
    SLICE_X1Y87          LDCE                                         f  ee354_GCD_1/A_reg[6]_LDC/CLR
  -------------------------------------------------------------------    -------------------

Slack:                    inf
  Source:                 Bin_reg[6]/C
                            (rising edge-triggered cell FDCE clocked by ClkPort  {rise@0.000ns fall@5.000ns period=10.000ns})
  Destination:            ee354_GCD_1/B_reg[6]_LDC/CLR
  Path Group:             (none)
  Path Type:              Min at Fast Process Corner
  Data Path Delay:        0.529ns  (logic 0.186ns (35.163%)  route 0.343ns (64.837%))
  Logic Levels:           1  (LUT2=1)
  Clock Uncertainty:      0.025ns  ((TSJ^2 + TIJ^2)^1/2 + DJ) / 2 + PE
    Total System Jitter     (TSJ):    0.050ns
    Total Input Jitter      (TIJ):    0.000ns
    Discrete Jitter          (DJ):    0.000ns
    Phase Error              (PE):    0.000ns

    Location             Delay type                Incr(ns)  Path(ns)    Netlist Resource(s)
  -------------------------------------------------------------------    -------------------
                         (clock ClkPort rise edge)    0.000     0.000 r  
    E3                                                0.000     0.000 r  ClkPort (IN)
                         net (fo=0)                   0.000     0.000    BUFGP1/I
    E3                   IBUF (Prop_ibuf_I_O)         0.250     0.250 r  BUFGP1/IBUF/O
                         net (fo=1, routed)           0.644     0.894    BUFGP1/IBUFG_2_BUFG
    BUFGCTRL_X0Y16       BUFG (Prop_bufg_I_O)         0.026     0.920 r  BUFGP1/BUFG/O
                         net (fo=197, routed)         0.600     1.519    board_clk
    SLICE_X5Y87          FDCE                                         r  Bin_reg[6]/C
  -------------------------------------------------------------------    -------------------
    SLICE_X5Y87          FDCE (Prop_fdce_C_Q)         0.141     1.660 r  Bin_reg[6]/Q
                         net (fo=4, routed)           0.149     1.809    ee354_GCD_1/B_reg[7]_C_0[6]
    SLICE_X4Y87          LUT2 (Prop_lut2_I1_O)        0.045     1.854 f  ee354_GCD_1/B_reg[6]_LDC_i_2/O
                         net (fo=2, routed)           0.194     2.048    ee354_GCD_1/B_reg[6]_LDC_i_2_n_0
    SLICE_X4Y89          LDCE                                         f  ee354_GCD_1/B_reg[6]_LDC/CLR
  -------------------------------------------------------------------    -------------------

Slack:                    inf
  Source:                 Ain_reg[2]/C
                            (rising edge-triggered cell FDCE clocked by ClkPort  {rise@0.000ns fall@5.000ns period=10.000ns})
  Destination:            ee354_GCD_1/A_reg[2]_LDC/CLR
  Path Group:             (none)
  Path Type:              Min at Fast Process Corner
  Data Path Delay:        0.531ns  (logic 0.186ns (35.050%)  route 0.345ns (64.950%))
  Logic Levels:           1  (LUT2=1)
  Clock Uncertainty:      0.025ns  ((TSJ^2 + TIJ^2)^1/2 + DJ) / 2 + PE
    Total System Jitter     (TSJ):    0.050ns
    Total Input Jitter      (TIJ):    0.000ns
    Discrete Jitter          (DJ):    0.000ns
    Phase Error              (PE):    0.000ns

    Location             Delay type                Incr(ns)  Path(ns)    Netlist Resource(s)
  -------------------------------------------------------------------    -------------------
                         (clock ClkPort rise edge)    0.000     0.000 r  
    E3                                                0.000     0.000 r  ClkPort (IN)
                         net (fo=0)                   0.000     0.000    BUFGP1/I
    E3                   IBUF (Prop_ibuf_I_O)         0.250     0.250 r  BUFGP1/IBUF/O
                         net (fo=1, routed)           0.644     0.894    BUFGP1/IBUFG_2_BUFG
    BUFGCTRL_X0Y16       BUFG (Prop_bufg_I_O)         0.026     0.920 r  BUFGP1/BUFG/O
                         net (fo=197, routed)         0.600     1.519    board_clk
    SLICE_X0Y85          FDCE                                         r  Ain_reg[2]/C
  -------------------------------------------------------------------    -------------------
    SLICE_X0Y85          FDCE (Prop_fdce_C_Q)         0.141     1.660 r  Ain_reg[2]/Q
                         net (fo=5, routed)           0.171     1.832    ee354_GCD_1/A_reg[7]_P_0[2]
    SLICE_X2Y85          LUT2 (Prop_lut2_I1_O)        0.045     1.877 f  ee354_GCD_1/A_reg[2]_LDC_i_2/O
                         net (fo=2, routed)           0.173     2.050    ee354_GCD_1/A_reg[2]_LDC_i_2_n_0
    SLICE_X1Y85          LDCE                                         f  ee354_GCD_1/A_reg[2]_LDC/CLR
  -------------------------------------------------------------------    -------------------

Slack:                    inf
  Source:                 Ain_reg[7]/C
                            (rising edge-triggered cell FDCE clocked by ClkPort  {rise@0.000ns fall@5.000ns period=10.000ns})
  Destination:            ee354_GCD_1/A_reg[7]_LDC/CLR
  Path Group:             (none)
  Path Type:              Min at Fast Process Corner
  Data Path Delay:        0.590ns  (logic 0.186ns (31.523%)  route 0.404ns (68.477%))
  Logic Levels:           1  (LUT2=1)
  Clock Uncertainty:      0.025ns  ((TSJ^2 + TIJ^2)^1/2 + DJ) / 2 + PE
    Total System Jitter     (TSJ):    0.050ns
    Total Input Jitter      (TIJ):    0.000ns
    Discrete Jitter          (DJ):    0.000ns
    Phase Error              (PE):    0.000ns

    Location             Delay type                Incr(ns)  Path(ns)    Netlist Resource(s)
  -------------------------------------------------------------------    -------------------
                         (clock ClkPort rise edge)    0.000     0.000 r  
    E3                                                0.000     0.000 r  ClkPort (IN)
                         net (fo=0)                   0.000     0.000    BUFGP1/I
    E3                   IBUF (Prop_ibuf_I_O)         0.250     0.250 r  BUFGP1/IBUF/O
                         net (fo=1, routed)           0.644     0.894    BUFGP1/IBUFG_2_BUFG
    BUFGCTRL_X0Y16       BUFG (Prop_bufg_I_O)         0.026     0.920 r  BUFGP1/BUFG/O
                         net (fo=197, routed)         0.601     1.520    board_clk
    SLICE_X0Y87          FDCE                                         r  Ain_reg[7]/C
  -------------------------------------------------------------------    -------------------
    SLICE_X0Y87          FDCE (Prop_fdce_C_Q)         0.141     1.661 r  Ain_reg[7]/Q
                         net (fo=4, routed)           0.217     1.879    ee354_GCD_1/A_reg[7]_P_0[7]
    SLICE_X1Y88          LUT2 (Prop_lut2_I1_O)        0.045     1.924 f  ee354_GCD_1/A_reg[7]_LDC_i_2/O
                         net (fo=2, routed)           0.187     2.110    ee354_GCD_1/A_reg[7]_LDC_i_2_n_0
    SLICE_X0Y88          LDCE                                         f  ee354_GCD_1/A_reg[7]_LDC/CLR
  -------------------------------------------------------------------    -------------------

Slack:                    inf
  Source:                 Ain_reg[0]/C
                            (rising edge-triggered cell FDCE clocked by ClkPort  {rise@0.000ns fall@5.000ns period=10.000ns})
  Destination:            ee354_GCD_1/A_reg[0]_LDC/CLR
  Path Group:             (none)
  Path Type:              Min at Fast Process Corner
  Data Path Delay:        0.648ns  (logic 0.186ns (28.702%)  route 0.462ns (71.298%))
  Logic Levels:           1  (LUT2=1)
  Clock Uncertainty:      0.025ns  ((TSJ^2 + TIJ^2)^1/2 + DJ) / 2 + PE
    Total System Jitter     (TSJ):    0.050ns
    Total Input Jitter      (TIJ):    0.000ns
    Discrete Jitter          (DJ):    0.000ns
    Phase Error              (PE):    0.000ns

    Location             Delay type                Incr(ns)  Path(ns)    Netlist Resource(s)
  -------------------------------------------------------------------    -------------------
                         (clock ClkPort rise edge)    0.000     0.000 r  
    E3                                                0.000     0.000 r  ClkPort (IN)
                         net (fo=0)                   0.000     0.000    BUFGP1/I
    E3                   IBUF (Prop_ibuf_I_O)         0.250     0.250 r  BUFGP1/IBUF/O
                         net (fo=1, routed)           0.644     0.894    BUFGP1/IBUFG_2_BUFG
    BUFGCTRL_X0Y16       BUFG (Prop_bufg_I_O)         0.026     0.920 r  BUFGP1/BUFG/O
                         net (fo=197, routed)         0.600     1.519    board_clk
    SLICE_X0Y85          FDCE                                         r  Ain_reg[0]/C
  -------------------------------------------------------------------    -------------------
    SLICE_X0Y85          FDCE (Prop_fdce_C_Q)         0.141     1.660 r  Ain_reg[0]/Q
                         net (fo=5, routed)           0.333     1.994    ee354_GCD_1/A_reg[7]_P_0[0]
    SLICE_X3Y81          LUT2 (Prop_lut2_I1_O)        0.045     2.039 f  ee354_GCD_1/A_reg[0]_LDC_i_2/O
                         net (fo=2, routed)           0.129     2.167    ee354_GCD_1/A_reg[0]_LDC_i_2_n_0
    SLICE_X2Y81          LDCE                                         f  ee354_GCD_1/A_reg[0]_LDC/CLR
  -------------------------------------------------------------------    -------------------

Slack:                    inf
  Source:                 Ain_reg[5]/C
                            (rising edge-triggered cell FDCE clocked by ClkPort  {rise@0.000ns fall@5.000ns period=10.000ns})
  Destination:            ee354_GCD_1/A_reg[5]_LDC/CLR
  Path Group:             (none)
  Path Type:              Min at Fast Process Corner
  Data Path Delay:        0.658ns  (logic 0.226ns (34.360%)  route 0.432ns (65.640%))
  Logic Levels:           1  (LUT2=1)
  Clock Uncertainty:      0.025ns  ((TSJ^2 + TIJ^2)^1/2 + DJ) / 2 + PE
    Total System Jitter     (TSJ):    0.050ns
    Total Input Jitter      (TIJ):    0.000ns
    Discrete Jitter          (DJ):    0.000ns
    Phase Error              (PE):    0.000ns

    Location             Delay type                Incr(ns)  Path(ns)    Netlist Resource(s)
  -------------------------------------------------------------------    -------------------
                         (clock ClkPort rise edge)    0.000     0.000 r  
    E3                                                0.000     0.000 r  ClkPort (IN)
                         net (fo=0)                   0.000     0.000    BUFGP1/I
    E3                   IBUF (Prop_ibuf_I_O)         0.250     0.250 r  BUFGP1/IBUF/O
                         net (fo=1, routed)           0.644     0.894    BUFGP1/IBUFG_2_BUFG
    BUFGCTRL_X0Y16       BUFG (Prop_bufg_I_O)         0.026     0.920 r  BUFGP1/BUFG/O
                         net (fo=197, routed)         0.600     1.519    board_clk
    SLICE_X0Y85          FDCE                                         r  Ain_reg[5]/C
  -------------------------------------------------------------------    -------------------
    SLICE_X0Y85          FDCE (Prop_fdce_C_Q)         0.128     1.647 r  Ain_reg[5]/Q
                         net (fo=5, routed)           0.300     1.947    ee354_GCD_1/A_reg[7]_P_0[5]
    SLICE_X2Y86          LUT2 (Prop_lut2_I1_O)        0.098     2.045 f  ee354_GCD_1/A_reg[5]_LDC_i_2/O
                         net (fo=2, routed)           0.132     2.177    ee354_GCD_1/A_reg[5]_LDC_i_2_n_0
    SLICE_X5Y86          LDCE                                         f  ee354_GCD_1/A_reg[5]_LDC/CLR
  -------------------------------------------------------------------    -------------------

Slack:                    inf
  Source:                 Bin_reg[3]/C
                            (rising edge-triggered cell FDCE clocked by ClkPort  {rise@0.000ns fall@5.000ns period=10.000ns})
  Destination:            ee354_GCD_1/B_reg[3]_LDC/CLR
  Path Group:             (none)
  Path Type:              Min at Fast Process Corner
  Data Path Delay:        0.676ns  (logic 0.186ns (27.524%)  route 0.490ns (72.476%))
  Logic Levels:           1  (LUT2=1)
  Clock Uncertainty:      0.025ns  ((TSJ^2 + TIJ^2)^1/2 + DJ) / 2 + PE
    Total System Jitter     (TSJ):    0.050ns
    Total Input Jitter      (TIJ):    0.000ns
    Discrete Jitter          (DJ):    0.000ns
    Phase Error              (PE):    0.000ns

    Location             Delay type                Incr(ns)  Path(ns)    Netlist Resource(s)
  -------------------------------------------------------------------    -------------------
                         (clock ClkPort rise edge)    0.000     0.000 r  
    E3                                                0.000     0.000 r  ClkPort (IN)
                         net (fo=0)                   0.000     0.000    BUFGP1/I
    E3                   IBUF (Prop_ibuf_I_O)         0.250     0.250 r  BUFGP1/IBUF/O
                         net (fo=1, routed)           0.644     0.894    BUFGP1/IBUFG_2_BUFG
    BUFGCTRL_X0Y16       BUFG (Prop_bufg_I_O)         0.026     0.920 r  BUFGP1/BUFG/O
                         net (fo=197, routed)         0.600     1.519    board_clk
    SLICE_X0Y84          FDCE                                         r  Bin_reg[3]/C
  -------------------------------------------------------------------    -------------------
    SLICE_X0Y84          FDCE (Prop_fdce_C_Q)         0.141     1.660 r  Bin_reg[3]/Q
                         net (fo=4, routed)           0.309     1.969    ee354_GCD_1/B_reg[7]_C_0[3]
    SLICE_X8Y84          LUT2 (Prop_lut2_I1_O)        0.045     2.014 f  ee354_GCD_1/B_reg[3]_LDC_i_2/O
                         net (fo=2, routed)           0.181     2.195    ee354_GCD_1/B_reg[3]_LDC_i_2_n_0
    SLICE_X11Y84         LDCE                                         f  ee354_GCD_1/B_reg[3]_LDC/CLR
  -------------------------------------------------------------------    -------------------

Slack:                    inf
  Source:                 Bin_reg[2]/C
                            (rising edge-triggered cell FDCE clocked by ClkPort  {rise@0.000ns fall@5.000ns period=10.000ns})
  Destination:            ee354_GCD_1/B_reg[2]_LDC/CLR
  Path Group:             (none)
  Path Type:              Min at Fast Process Corner
  Data Path Delay:        0.681ns  (logic 0.186ns (27.299%)  route 0.495ns (72.701%))
  Logic Levels:           1  (LUT2=1)
  Clock Uncertainty:      0.025ns  ((TSJ^2 + TIJ^2)^1/2 + DJ) / 2 + PE
    Total System Jitter     (TSJ):    0.050ns
    Total Input Jitter      (TIJ):    0.000ns
    Discrete Jitter          (DJ):    0.000ns
    Phase Error              (PE):    0.000ns

    Location             Delay type                Incr(ns)  Path(ns)    Netlist Resource(s)
  -------------------------------------------------------------------    -------------------
                         (clock ClkPort rise edge)    0.000     0.000 r  
    E3                                                0.000     0.000 r  ClkPort (IN)
                         net (fo=0)                   0.000     0.000    BUFGP1/I
    E3                   IBUF (Prop_ibuf_I_O)         0.250     0.250 r  BUFGP1/IBUF/O
                         net (fo=1, routed)           0.644     0.894    BUFGP1/IBUFG_2_BUFG
    BUFGCTRL_X0Y16       BUFG (Prop_bufg_I_O)         0.026     0.920 r  BUFGP1/BUFG/O
                         net (fo=197, routed)         0.600     1.519    board_clk
    SLICE_X0Y84          FDCE                                         r  Bin_reg[2]/C
  -------------------------------------------------------------------    -------------------
    SLICE_X0Y84          FDCE (Prop_fdce_C_Q)         0.141     1.660 r  Bin_reg[2]/Q
                         net (fo=4, routed)           0.313     1.973    ee354_GCD_1/B_reg[7]_C_0[2]
    SLICE_X7Y82          LUT2 (Prop_lut2_I1_O)        0.045     2.018 f  ee354_GCD_1/B_reg[2]_LDC_i_2/O
                         net (fo=2, routed)           0.183     2.201    ee354_GCD_1/B_reg[2]_LDC_i_2_n_0
    SLICE_X7Y80          LDCE                                         f  ee354_GCD_1/B_reg[2]_LDC/CLR
  -------------------------------------------------------------------    -------------------

Slack:                    inf
  Source:                 Ain_reg[1]/C
                            (rising edge-triggered cell FDCE clocked by ClkPort  {rise@0.000ns fall@5.000ns period=10.000ns})
  Destination:            ee354_GCD_1/A_reg[1]_LDC/CLR
  Path Group:             (none)
  Path Type:              Min at Fast Process Corner
  Data Path Delay:        0.693ns  (logic 0.186ns (26.857%)  route 0.507ns (73.143%))
  Logic Levels:           1  (LUT2=1)
  Clock Uncertainty:      0.025ns  ((TSJ^2 + TIJ^2)^1/2 + DJ) / 2 + PE
    Total System Jitter     (TSJ):    0.050ns
    Total Input Jitter      (TIJ):    0.000ns
    Discrete Jitter          (DJ):    0.000ns
    Phase Error              (PE):    0.000ns

    Location             Delay type                Incr(ns)  Path(ns)    Netlist Resource(s)
  -------------------------------------------------------------------    -------------------
                         (clock ClkPort rise edge)    0.000     0.000 r  
    E3                                                0.000     0.000 r  ClkPort (IN)
                         net (fo=0)                   0.000     0.000    BUFGP1/I
    E3                   IBUF (Prop_ibuf_I_O)         0.250     0.250 r  BUFGP1/IBUF/O
                         net (fo=1, routed)           0.644     0.894    BUFGP1/IBUFG_2_BUFG
    BUFGCTRL_X0Y16       BUFG (Prop_bufg_I_O)         0.026     0.920 r  BUFGP1/BUFG/O
                         net (fo=197, routed)         0.600     1.519    board_clk
    SLICE_X0Y85          FDCE                                         r  Ain_reg[1]/C
  -------------------------------------------------------------------    -------------------
    SLICE_X0Y85          FDCE (Prop_fdce_C_Q)         0.141     1.660 r  Ain_reg[1]/Q
                         net (fo=5, routed)           0.324     1.984    ee354_GCD_1/A_reg[7]_P_0[1]
    SLICE_X5Y83          LUT2 (Prop_lut2_I1_O)        0.045     2.029 f  ee354_GCD_1/A_reg[1]_LDC_i_2/O
                         net (fo=2, routed)           0.182     2.212    ee354_GCD_1/A_reg[1]_LDC_i_2_n_0
    SLICE_X5Y83          LDCE                                         f  ee354_GCD_1/A_reg[1]_LDC/CLR
  -------------------------------------------------------------------    -------------------

Slack:                    inf
  Source:                 Bin_reg[4]/C
                            (rising edge-triggered cell FDCE clocked by ClkPort  {rise@0.000ns fall@5.000ns period=10.000ns})
  Destination:            ee354_GCD_1/B_reg[4]_LDC/CLR
  Path Group:             (none)
  Path Type:              Min at Fast Process Corner
  Data Path Delay:        0.716ns  (logic 0.186ns (25.976%)  route 0.530ns (74.024%))
  Logic Levels:           1  (LUT2=1)
  Clock Uncertainty:      0.025ns  ((TSJ^2 + TIJ^2)^1/2 + DJ) / 2 + PE
    Total System Jitter     (TSJ):    0.050ns
    Total Input Jitter      (TIJ):    0.000ns
    Discrete Jitter          (DJ):    0.000ns
    Phase Error              (PE):    0.000ns

    Location             Delay type                Incr(ns)  Path(ns)    Netlist Resource(s)
  -------------------------------------------------------------------    -------------------
                         (clock ClkPort rise edge)    0.000     0.000 r  
    E3                                                0.000     0.000 r  ClkPort (IN)
                         net (fo=0)                   0.000     0.000    BUFGP1/I
    E3                   IBUF (Prop_ibuf_I_O)         0.250     0.250 r  BUFGP1/IBUF/O
                         net (fo=1, routed)           0.644     0.894    BUFGP1/IBUFG_2_BUFG
    BUFGCTRL_X0Y16       BUFG (Prop_bufg_I_O)         0.026     0.920 r  BUFGP1/BUFG/O
                         net (fo=197, routed)         0.600     1.519    board_clk
    SLICE_X0Y84          FDCE                                         r  Bin_reg[4]/C
  -------------------------------------------------------------------    -------------------
    SLICE_X0Y84          FDCE (Prop_fdce_C_Q)         0.141     1.660 r  Bin_reg[4]/Q
                         net (fo=4, routed)           0.406     2.067    ee354_GCD_1/B_reg[7]_C_0[4]
    SLICE_X5Y81          LUT2 (Prop_lut2_I1_O)        0.045     2.112 f  ee354_GCD_1/B_reg[4]_LDC_i_2/O
                         net (fo=2, routed)           0.124     2.235    ee354_GCD_1/B_reg[4]_LDC_i_2_n_0
    SLICE_X5Y80          LDCE                                         f  ee354_GCD_1/B_reg[4]_LDC/CLR
  -------------------------------------------------------------------    -------------------





--------------------------------------------------------------------------------------
Path Group:  (none)
From Clock:  
  To Clock:  ClkPort

Max Delay           203 Endpoints
Min Delay           203 Endpoints
--------------------------------------------------------------------------------------


Max Delay Paths
--------------------------------------------------------------------------------------
Slack:                    inf
  Source:                 ee354_GCD_1/B_reg[0]_LDC/G
                            (positive level-sensitive latch)
  Destination:            ee354_GCD_1/B_reg[6]_C/D
                            (rising edge-triggered cell FDCE clocked by ClkPort  {rise@0.000ns fall@5.000ns period=10.000ns})
  Path Group:             (none)
  Path Type:              Setup (Max at Slow Process Corner)
  Data Path Delay:        6.594ns  (logic 2.013ns (30.528%)  route 4.581ns (69.472%))
  Logic Levels:           6  (CARRY4=1 LDCE=1 LUT3=2 LUT6=2)
  Clock Uncertainty:      0.025ns  ((TSJ^2 + TIJ^2)^1/2 + DJ) / 2 + PE
    Total System Jitter     (TSJ):    0.050ns
    Total Input Jitter      (TIJ):    0.000ns
    Discrete Jitter          (DJ):    0.000ns
    Phase Error              (PE):    0.000ns

    Location             Delay type                Incr(ns)  Path(ns)    Netlist Resource(s)
  -------------------------------------------------------------------    -------------------
    SLICE_X3Y80          LDCE                         0.000     0.000 r  ee354_GCD_1/B_reg[0]_LDC/G
    SLICE_X3Y80          LDCE (EnToQ_ldce_G_Q)        0.761     0.761 r  ee354_GCD_1/B_reg[0]_LDC/Q
                         net (fo=5, routed)           0.939     1.700    ee354_GCD_1/B_reg[0]_LDC_n_0
    SLICE_X5Y82          LUT3 (Prop_lut3_I1_O)        0.152     1.852 r  ee354_GCD_1/A[0]_P_i_2/O
                         net (fo=7, routed)           0.760     2.611    ee354_GCD_1/A[0]_P_i_2_n_0
    SLICE_X5Y84          LUT6 (Prop_lut6_I0_O)        0.332     2.943 r  ee354_GCD_1/i_count1_carry_i_4/O
                         net (fo=1, routed)           0.404     3.347    ee354_GCD_1/i_count1_carry_i_4_n_0
    SLICE_X4Y84          CARRY4 (Prop_carry4_DI[0]_CO[3])
                                                      0.526     3.873 r  ee354_GCD_1/i_count1_carry/CO[3]
                         net (fo=27, routed)          0.862     4.735    ee354_GCD_1/i_count1_carry_n_0
    SLICE_X7Y82          LUT6 (Prop_lut6_I3_O)        0.124     4.859 r  ee354_GCD_1/B[7]_P_i_1/O
                         net (fo=16, routed)          0.977     5.836    ee354_GCD_1/B[7]_P_i_1_n_0
    SLICE_X4Y86          LUT3 (Prop_lut3_I1_O)        0.118     5.954 r  ee354_GCD_1/B[6]_C_i_1/O
                         net (fo=1, routed)           0.640     6.594    ee354_GCD_1/B[6]_C_i_1_n_0
    SLICE_X3Y89          FDCE                                         r  ee354_GCD_1/B_reg[6]_C/D
  -------------------------------------------------------------------    -------------------

                         (clock ClkPort rise edge)    0.000     0.000 r  
    E3                                                0.000     0.000 r  ClkPort (IN)
                         net (fo=0)                   0.000     0.000    BUFGP1/I
    E3                   IBUF (Prop_ibuf_I_O)         1.411     1.411 r  BUFGP1/IBUF/O
                         net (fo=1, routed)           1.920     3.331    BUFGP1/IBUFG_2_BUFG
    BUFGCTRL_X0Y16       BUFG (Prop_bufg_I_O)         0.091     3.422 r  BUFGP1/BUFG/O
                         net (fo=197, routed)         1.603     5.026    ee354_GCD_1/board_clk
    SLICE_X3Y89          FDCE                                         r  ee354_GCD_1/B_reg[6]_C/C

Slack:                    inf
  Source:                 ee354_GCD_1/B_reg[0]_LDC/G
                            (positive level-sensitive latch)
  Destination:            ee354_GCD_1/B_reg[1]_C/D
                            (rising edge-triggered cell FDCE clocked by ClkPort  {rise@0.000ns fall@5.000ns period=10.000ns})
  Path Group:             (none)
  Path Type:              Setup (Max at Slow Process Corner)
  Data Path Delay:        6.459ns  (logic 2.047ns (31.694%)  route 4.412ns (68.306%))
  Logic Levels:           6  (CARRY4=1 LDCE=1 LUT3=2 LUT6=2)
  Clock Uncertainty:      0.025ns  ((TSJ^2 + TIJ^2)^1/2 + DJ) / 2 + PE
    Total System Jitter     (TSJ):    0.050ns
    Total Input Jitter      (TIJ):    0.000ns
    Discrete Jitter          (DJ):    0.000ns
    Phase Error              (PE):    0.000ns

    Location             Delay type                Incr(ns)  Path(ns)    Netlist Resource(s)
  -------------------------------------------------------------------    -------------------
    SLICE_X3Y80          LDCE                         0.000     0.000 r  ee354_GCD_1/B_reg[0]_LDC/G
    SLICE_X3Y80          LDCE (EnToQ_ldce_G_Q)        0.761     0.761 r  ee354_GCD_1/B_reg[0]_LDC/Q
                         net (fo=5, routed)           0.939     1.700    ee354_GCD_1/B_reg[0]_LDC_n_0
    SLICE_X5Y82          LUT3 (Prop_lut3_I1_O)        0.152     1.852 r  ee354_GCD_1/A[0]_P_i_2/O
                         net (fo=7, routed)           0.760     2.611    ee354_GCD_1/A[0]_P_i_2_n_0
    SLICE_X5Y84          LUT6 (Prop_lut6_I0_O)        0.332     2.943 r  ee354_GCD_1/i_count1_carry_i_4/O
                         net (fo=1, routed)           0.404     3.347    ee354_GCD_1/i_count1_carry_i_4_n_0
    SLICE_X4Y84          CARRY4 (Prop_carry4_DI[0]_CO[3])
                                                      0.526     3.873 r  ee354_GCD_1/i_count1_carry/CO[3]
                         net (fo=27, routed)          0.862     4.735    ee354_GCD_1/i_count1_carry_n_0
    SLICE_X7Y82          LUT6 (Prop_lut6_I3_O)        0.124     4.859 r  ee354_GCD_1/B[7]_P_i_1/O
                         net (fo=16, routed)          0.891     5.750    ee354_GCD_1/B[7]_P_i_1_n_0
    SLICE_X7Y83          LUT3 (Prop_lut3_I1_O)        0.152     5.902 r  ee354_GCD_1/B[1]_C_i_1/O
                         net (fo=1, routed)           0.557     6.459    ee354_GCD_1/B[1]_C_i_1_n_0
    SLICE_X9Y83          FDCE                                         r  ee354_GCD_1/B_reg[1]_C/D
  -------------------------------------------------------------------    -------------------

                         (clock ClkPort rise edge)    0.000     0.000 r  
    E3                                                0.000     0.000 r  ClkPort (IN)
                         net (fo=0)                   0.000     0.000    BUFGP1/I
    E3                   IBUF (Prop_ibuf_I_O)         1.411     1.411 r  BUFGP1/IBUF/O
                         net (fo=1, routed)           1.920     3.331    BUFGP1/IBUFG_2_BUFG
    BUFGCTRL_X0Y16       BUFG (Prop_bufg_I_O)         0.091     3.422 r  BUFGP1/BUFG/O
                         net (fo=197, routed)         1.517     4.940    ee354_GCD_1/board_clk
    SLICE_X9Y83          FDCE                                         r  ee354_GCD_1/B_reg[1]_C/C

Slack:                    inf
  Source:                 ee354_GCD_1/B_reg[0]_LDC/G
                            (positive level-sensitive latch)
  Destination:            ee354_GCD_1/B_reg[4]_C/D
                            (rising edge-triggered cell FDCE clocked by ClkPort  {rise@0.000ns fall@5.000ns period=10.000ns})
  Path Group:             (none)
  Path Type:              Setup (Max at Slow Process Corner)
  Data Path Delay:        6.427ns  (logic 2.047ns (31.852%)  route 4.380ns (68.148%))
  Logic Levels:           6  (CARRY4=1 LDCE=1 LUT3=2 LUT5=1 LUT6=1)
  Clock Uncertainty:      0.025ns  ((TSJ^2 + TIJ^2)^1/2 + DJ) / 2 + PE
    Total System Jitter     (TSJ):    0.050ns
    Total Input Jitter      (TIJ):    0.000ns
    Discrete Jitter          (DJ):    0.000ns
    Phase Error              (PE):    0.000ns

    Location             Delay type                Incr(ns)  Path(ns)    Netlist Resource(s)
  -------------------------------------------------------------------    -------------------
    SLICE_X3Y80          LDCE                         0.000     0.000 r  ee354_GCD_1/B_reg[0]_LDC/G
    SLICE_X3Y80          LDCE (EnToQ_ldce_G_Q)        0.761     0.761 r  ee354_GCD_1/B_reg[0]_LDC/Q
                         net (fo=5, routed)           0.939     1.700    ee354_GCD_1/B_reg[0]_LDC_n_0
    SLICE_X5Y82          LUT3 (Prop_lut3_I1_O)        0.152     1.852 r  ee354_GCD_1/A[0]_P_i_2/O
                         net (fo=7, routed)           0.760     2.611    ee354_GCD_1/A[0]_P_i_2_n_0
    SLICE_X5Y84          LUT6 (Prop_lut6_I0_O)        0.332     2.943 r  ee354_GCD_1/i_count1_carry_i_4/O
                         net (fo=1, routed)           0.404     3.347    ee354_GCD_1/i_count1_carry_i_4_n_0
    SLICE_X4Y84          CARRY4 (Prop_carry4_DI[0]_CO[3])
                                                      0.526     3.873 r  ee354_GCD_1/i_count1_carry/CO[3]
                         net (fo=27, routed)          0.827     4.700    ee354_GCD_1/i_count1_carry_n_0
    SLICE_X5Y83          LUT5 (Prop_lut5_I3_O)        0.124     4.824 r  ee354_GCD_1/B[4]_P_i_1/O
                         net (fo=2, routed)           0.959     5.783    ee354_GCD_1/B[4]
    SLICE_X5Y81          LUT3 (Prop_lut3_I0_O)        0.152     5.935 r  ee354_GCD_1/B[4]_C_i_1/O
                         net (fo=1, routed)           0.491     6.427    ee354_GCD_1/B[4]_C_i_1_n_0
    SLICE_X4Y80          FDCE                                         r  ee354_GCD_1/B_reg[4]_C/D
  -------------------------------------------------------------------    -------------------

                         (clock ClkPort rise edge)    0.000     0.000 r  
    E3                                                0.000     0.000 r  ClkPort (IN)
                         net (fo=0)                   0.000     0.000    BUFGP1/I
    E3                   IBUF (Prop_ibuf_I_O)         1.411     1.411 r  BUFGP1/IBUF/O
                         net (fo=1, routed)           1.920     3.331    BUFGP1/IBUFG_2_BUFG
    BUFGCTRL_X0Y16       BUFG (Prop_bufg_I_O)         0.091     3.422 r  BUFGP1/BUFG/O
                         net (fo=197, routed)         1.592     5.015    ee354_GCD_1/board_clk
    SLICE_X4Y80          FDCE                                         r  ee354_GCD_1/B_reg[4]_C/C

Slack:                    inf
  Source:                 ee354_GCD_1/B_reg[0]_LDC/G
                            (positive level-sensitive latch)
  Destination:            ee354_GCD_1/B_reg[3]_C/D
                            (rising edge-triggered cell FDCE clocked by ClkPort  {rise@0.000ns fall@5.000ns period=10.000ns})
  Path Group:             (none)
  Path Type:              Setup (Max at Slow Process Corner)
  Data Path Delay:        6.399ns  (logic 2.045ns (31.960%)  route 4.354ns (68.040%))
  Logic Levels:           6  (CARRY4=1 LDCE=1 LUT3=2 LUT6=2)
  Clock Uncertainty:      0.025ns  ((TSJ^2 + TIJ^2)^1/2 + DJ) / 2 + PE
    Total System Jitter     (TSJ):    0.050ns
    Total Input Jitter      (TIJ):    0.000ns
    Discrete Jitter          (DJ):    0.000ns
    Phase Error              (PE):    0.000ns

    Location             Delay type                Incr(ns)  Path(ns)    Netlist Resource(s)
  -------------------------------------------------------------------    -------------------
    SLICE_X3Y80          LDCE                         0.000     0.000 r  ee354_GCD_1/B_reg[0]_LDC/G
    SLICE_X3Y80          LDCE (EnToQ_ldce_G_Q)        0.761     0.761 r  ee354_GCD_1/B_reg[0]_LDC/Q
                         net (fo=5, routed)           0.939     1.700    ee354_GCD_1/B_reg[0]_LDC_n_0
    SLICE_X5Y82          LUT3 (Prop_lut3_I1_O)        0.152     1.852 r  ee354_GCD_1/A[0]_P_i_2/O
                         net (fo=7, routed)           0.760     2.611    ee354_GCD_1/A[0]_P_i_2_n_0
    SLICE_X5Y84          LUT6 (Prop_lut6_I0_O)        0.332     2.943 r  ee354_GCD_1/i_count1_carry_i_4/O
                         net (fo=1, routed)           0.404     3.347    ee354_GCD_1/i_count1_carry_i_4_n_0
    SLICE_X4Y84          CARRY4 (Prop_carry4_DI[0]_CO[3])
                                                      0.526     3.873 r  ee354_GCD_1/i_count1_carry/CO[3]
                         net (fo=27, routed)          0.862     4.735    ee354_GCD_1/i_count1_carry_n_0
    SLICE_X7Y82          LUT6 (Prop_lut6_I3_O)        0.124     4.859 r  ee354_GCD_1/B[7]_P_i_1/O
                         net (fo=16, routed)          1.050     5.909    ee354_GCD_1/B[7]_P_i_1_n_0
    SLICE_X9Y84          LUT3 (Prop_lut3_I1_O)        0.150     6.059 r  ee354_GCD_1/B[3]_C_i_1/O
                         net (fo=1, routed)           0.340     6.399    ee354_GCD_1/B[3]_C_i_1_n_0
    SLICE_X10Y84         FDCE                                         r  ee354_GCD_1/B_reg[3]_C/D
  -------------------------------------------------------------------    -------------------

                         (clock ClkPort rise edge)    0.000     0.000 r  
    E3                                                0.000     0.000 r  ClkPort (IN)
                         net (fo=0)                   0.000     0.000    BUFGP1/I
    E3                   IBUF (Prop_ibuf_I_O)         1.411     1.411 r  BUFGP1/IBUF/O
                         net (fo=1, routed)           1.920     3.331    BUFGP1/IBUFG_2_BUFG
    BUFGCTRL_X0Y16       BUFG (Prop_bufg_I_O)         0.091     3.422 r  BUFGP1/BUFG/O
                         net (fo=197, routed)         1.521     4.944    ee354_GCD_1/board_clk
    SLICE_X10Y84         FDCE                                         r  ee354_GCD_1/B_reg[3]_C/C

Slack:                    inf
  Source:                 ee354_GCD_1/B_reg[0]_LDC/G
                            (positive level-sensitive latch)
  Destination:            ee354_GCD_1/B_reg[2]_C/D
                            (rising edge-triggered cell FDCE clocked by ClkPort  {rise@0.000ns fall@5.000ns period=10.000ns})
  Path Group:             (none)
  Path Type:              Setup (Max at Slow Process Corner)
  Data Path Delay:        6.378ns  (logic 2.047ns (32.097%)  route 4.331ns (67.903%))
  Logic Levels:           6  (CARRY4=1 LDCE=1 LUT3=2 LUT6=2)
  Clock Uncertainty:      0.025ns  ((TSJ^2 + TIJ^2)^1/2 + DJ) / 2 + PE
    Total System Jitter     (TSJ):    0.050ns
    Total Input Jitter      (TIJ):    0.000ns
    Discrete Jitter          (DJ):    0.000ns
    Phase Error              (PE):    0.000ns

    Location             Delay type                Incr(ns)  Path(ns)    Netlist Resource(s)
  -------------------------------------------------------------------    -------------------
    SLICE_X3Y80          LDCE                         0.000     0.000 r  ee354_GCD_1/B_reg[0]_LDC/G
    SLICE_X3Y80          LDCE (EnToQ_ldce_G_Q)        0.761     0.761 r  ee354_GCD_1/B_reg[0]_LDC/Q
                         net (fo=5, routed)           0.939     1.700    ee354_GCD_1/B_reg[0]_LDC_n_0
    SLICE_X5Y82          LUT3 (Prop_lut3_I1_O)        0.152     1.852 r  ee354_GCD_1/A[0]_P_i_2/O
                         net (fo=7, routed)           0.760     2.611    ee354_GCD_1/A[0]_P_i_2_n_0
    SLICE_X5Y84          LUT6 (Prop_lut6_I0_O)        0.332     2.943 r  ee354_GCD_1/i_count1_carry_i_4/O
                         net (fo=1, routed)           0.404     3.347    ee354_GCD_1/i_count1_carry_i_4_n_0
    SLICE_X4Y84          CARRY4 (Prop_carry4_DI[0]_CO[3])
                                                      0.526     3.873 r  ee354_GCD_1/i_count1_carry/CO[3]
                         net (fo=27, routed)          0.862     4.735    ee354_GCD_1/i_count1_carry_n_0
    SLICE_X7Y82          LUT6 (Prop_lut6_I3_O)        0.124     4.859 r  ee354_GCD_1/B[7]_P_i_1/O
                         net (fo=16, routed)          0.890     5.749    ee354_GCD_1/B[7]_P_i_1_n_0
    SLICE_X7Y83          LUT3 (Prop_lut3_I1_O)        0.152     5.901 r  ee354_GCD_1/B[2]_C_i_1/O
                         net (fo=1, routed)           0.477     6.378    ee354_GCD_1/B[2]_C_i_1_n_0
    SLICE_X7Y82          FDCE                                         r  ee354_GCD_1/B_reg[2]_C/D
  -------------------------------------------------------------------    -------------------

                         (clock ClkPort rise edge)    0.000     0.000 r  
    E3                                                0.000     0.000 r  ClkPort (IN)
                         net (fo=0)                   0.000     0.000    BUFGP1/I
    E3                   IBUF (Prop_ibuf_I_O)         1.411     1.411 r  BUFGP1/IBUF/O
                         net (fo=1, routed)           1.920     3.331    BUFGP1/IBUFG_2_BUFG
    BUFGCTRL_X0Y16       BUFG (Prop_bufg_I_O)         0.091     3.422 r  BUFGP1/BUFG/O
                         net (fo=197, routed)         1.595     5.018    ee354_GCD_1/board_clk
    SLICE_X7Y82          FDCE                                         r  ee354_GCD_1/B_reg[2]_C/C

Slack:                    inf
  Source:                 ee354_GCD_1/B_reg[0]_LDC/G
                            (positive level-sensitive latch)
  Destination:            ee354_GCD_1/B_reg[5]_C/D
                            (rising edge-triggered cell FDCE clocked by ClkPort  {rise@0.000ns fall@5.000ns period=10.000ns})
  Path Group:             (none)
  Path Type:              Setup (Max at Slow Process Corner)
  Data Path Delay:        6.166ns  (logic 2.047ns (33.198%)  route 4.119ns (66.802%))
  Logic Levels:           6  (CARRY4=1 LDCE=1 LUT3=2 LUT6=2)
  Clock Uncertainty:      0.025ns  ((TSJ^2 + TIJ^2)^1/2 + DJ) / 2 + PE
    Total System Jitter     (TSJ):    0.050ns
    Total Input Jitter      (TIJ):    0.000ns
    Discrete Jitter          (DJ):    0.000ns
    Phase Error              (PE):    0.000ns

    Location             Delay type                Incr(ns)  Path(ns)    Netlist Resource(s)
  -------------------------------------------------------------------    -------------------
    SLICE_X3Y80          LDCE                         0.000     0.000 r  ee354_GCD_1/B_reg[0]_LDC/G
    SLICE_X3Y80          LDCE (EnToQ_ldce_G_Q)        0.761     0.761 r  ee354_GCD_1/B_reg[0]_LDC/Q
                         net (fo=5, routed)           0.939     1.700    ee354_GCD_1/B_reg[0]_LDC_n_0
    SLICE_X5Y82          LUT3 (Prop_lut3_I1_O)        0.152     1.852 r  ee354_GCD_1/A[0]_P_i_2/O
                         net (fo=7, routed)           0.760     2.611    ee354_GCD_1/A[0]_P_i_2_n_0
    SLICE_X5Y84          LUT6 (Prop_lut6_I0_O)        0.332     2.943 r  ee354_GCD_1/i_count1_carry_i_4/O
                         net (fo=1, routed)           0.404     3.347    ee354_GCD_1/i_count1_carry_i_4_n_0
    SLICE_X4Y84          CARRY4 (Prop_carry4_DI[0]_CO[3])
                                                      0.526     3.873 r  ee354_GCD_1/i_count1_carry/CO[3]
                         net (fo=27, routed)          0.862     4.735    ee354_GCD_1/i_count1_carry_n_0
    SLICE_X7Y82          LUT6 (Prop_lut6_I3_O)        0.124     4.859 r  ee354_GCD_1/B[7]_P_i_1/O
                         net (fo=16, routed)          1.155     6.014    ee354_GCD_1/B[7]_P_i_1_n_0
    SLICE_X4Y85          LUT3 (Prop_lut3_I1_O)        0.152     6.166 r  ee354_GCD_1/B[5]_C_i_1/O
                         net (fo=1, routed)           0.000     6.166    ee354_GCD_1/B[5]_C_i_1_n_0
    SLICE_X4Y85          FDCE                                         r  ee354_GCD_1/B_reg[5]_C/D
  -------------------------------------------------------------------    -------------------

                         (clock ClkPort rise edge)    0.000     0.000 r  
    E3                                                0.000     0.000 r  ClkPort (IN)
                         net (fo=0)                   0.000     0.000    BUFGP1/I
    E3                   IBUF (Prop_ibuf_I_O)         1.411     1.411 r  BUFGP1/IBUF/O
                         net (fo=1, routed)           1.920     3.331    BUFGP1/IBUFG_2_BUFG
    BUFGCTRL_X0Y16       BUFG (Prop_bufg_I_O)         0.091     3.422 r  BUFGP1/BUFG/O
                         net (fo=197, routed)         1.598     5.021    ee354_GCD_1/board_clk
    SLICE_X4Y85          FDCE                                         r  ee354_GCD_1/B_reg[5]_C/C

Slack:                    inf
  Source:                 ee354_GCD_1/B_reg[0]_LDC/G
                            (positive level-sensitive latch)
  Destination:            ee354_GCD_1/i_count_reg[1]/CE
                            (rising edge-triggered cell FDRE clocked by ClkPort  {rise@0.000ns fall@5.000ns period=10.000ns})
  Path Group:             (none)
  Path Type:              Setup (Max at Slow Process Corner)
  Data Path Delay:        6.110ns  (logic 2.045ns (33.472%)  route 4.065ns (66.528%))
  Logic Levels:           6  (CARRY4=1 LDCE=1 LUT3=1 LUT5=1 LUT6=2)
  Clock Uncertainty:      0.025ns  ((TSJ^2 + TIJ^2)^1/2 + DJ) / 2 + PE
    Total System Jitter     (TSJ):    0.050ns
    Total Input Jitter      (TIJ):    0.000ns
    Discrete Jitter          (DJ):    0.000ns
    Phase Error              (PE):    0.000ns

    Location             Delay type                Incr(ns)  Path(ns)    Netlist Resource(s)
  -------------------------------------------------------------------    -------------------
    SLICE_X3Y80          LDCE                         0.000     0.000 r  ee354_GCD_1/B_reg[0]_LDC/G
    SLICE_X3Y80          LDCE (EnToQ_ldce_G_Q)        0.761     0.761 r  ee354_GCD_1/B_reg[0]_LDC/Q
                         net (fo=5, routed)           0.939     1.700    ee354_GCD_1/B_reg[0]_LDC_n_0
    SLICE_X5Y82          LUT3 (Prop_lut3_I1_O)        0.152     1.852 r  ee354_GCD_1/A[0]_P_i_2/O
                         net (fo=7, routed)           0.760     2.611    ee354_GCD_1/A[0]_P_i_2_n_0
    SLICE_X5Y84          LUT6 (Prop_lut6_I0_O)        0.332     2.943 r  ee354_GCD_1/i_count1_carry_i_4/O
                         net (fo=1, routed)           0.404     3.347    ee354_GCD_1/i_count1_carry_i_4_n_0
    SLICE_X4Y84          CARRY4 (Prop_carry4_DI[0]_CO[3])
                                                      0.526     3.873 f  ee354_GCD_1/i_count1_carry/CO[3]
                         net (fo=27, routed)          1.013     4.886    ee354_GCD_1/i_count1_carry_n_0
    SLICE_X2Y82          LUT6 (Prop_lut6_I2_O)        0.124     5.010 f  ee354_GCD_1/i_count[7]_i_3/O
                         net (fo=1, routed)           0.452     5.462    ee354_GCD_1/i_count[7]_i_3_n_0
    SLICE_X2Y82          LUT5 (Prop_lut5_I1_O)        0.150     5.612 r  ee354_GCD_1/i_count[7]_i_2/O
                         net (fo=8, routed)           0.497     6.110    ee354_GCD_1/i_count[7]_i_2_n_0
    SLICE_X1Y82          FDRE                                         r  ee354_GCD_1/i_count_reg[1]/CE
  -------------------------------------------------------------------    -------------------

                         (clock ClkPort rise edge)    0.000     0.000 r  
    E3                                                0.000     0.000 r  ClkPort (IN)
                         net (fo=0)                   0.000     0.000    BUFGP1/I
    E3                   IBUF (Prop_ibuf_I_O)         1.411     1.411 r  BUFGP1/IBUF/O
                         net (fo=1, routed)           1.920     3.331    BUFGP1/IBUFG_2_BUFG
    BUFGCTRL_X0Y16       BUFG (Prop_bufg_I_O)         0.091     3.422 r  BUFGP1/BUFG/O
                         net (fo=197, routed)         1.597     5.020    ee354_GCD_1/board_clk
    SLICE_X1Y82          FDRE                                         r  ee354_GCD_1/i_count_reg[1]/C

Slack:                    inf
  Source:                 ee354_GCD_1/B_reg[0]_LDC/G
                            (positive level-sensitive latch)
  Destination:            ee354_GCD_1/i_count_reg[2]/CE
                            (rising edge-triggered cell FDRE clocked by ClkPort  {rise@0.000ns fall@5.000ns period=10.000ns})
  Path Group:             (none)
  Path Type:              Setup (Max at Slow Process Corner)
  Data Path Delay:        6.110ns  (logic 2.045ns (33.472%)  route 4.065ns (66.528%))
  Logic Levels:           6  (CARRY4=1 LDCE=1 LUT3=1 LUT5=1 LUT6=2)
  Clock Uncertainty:      0.025ns  ((TSJ^2 + TIJ^2)^1/2 + DJ) / 2 + PE
    Total System Jitter     (TSJ):    0.050ns
    Total Input Jitter      (TIJ):    0.000ns
    Discrete Jitter          (DJ):    0.000ns
    Phase Error              (PE):    0.000ns

    Location             Delay type                Incr(ns)  Path(ns)    Netlist Resource(s)
  -------------------------------------------------------------------    -------------------
    SLICE_X3Y80          LDCE                         0.000     0.000 r  ee354_GCD_1/B_reg[0]_LDC/G
    SLICE_X3Y80          LDCE (EnToQ_ldce_G_Q)        0.761     0.761 r  ee354_GCD_1/B_reg[0]_LDC/Q
                         net (fo=5, routed)           0.939     1.700    ee354_GCD_1/B_reg[0]_LDC_n_0
    SLICE_X5Y82          LUT3 (Prop_lut3_I1_O)        0.152     1.852 r  ee354_GCD_1/A[0]_P_i_2/O
                         net (fo=7, routed)           0.760     2.611    ee354_GCD_1/A[0]_P_i_2_n_0
    SLICE_X5Y84          LUT6 (Prop_lut6_I0_O)        0.332     2.943 r  ee354_GCD_1/i_count1_carry_i_4/O
                         net (fo=1, routed)           0.404     3.347    ee354_GCD_1/i_count1_carry_i_4_n_0
    SLICE_X4Y84          CARRY4 (Prop_carry4_DI[0]_CO[3])
                                                      0.526     3.873 f  ee354_GCD_1/i_count1_carry/CO[3]
                         net (fo=27, routed)          1.013     4.886    ee354_GCD_1/i_count1_carry_n_0
    SLICE_X2Y82          LUT6 (Prop_lut6_I2_O)        0.124     5.010 f  ee354_GCD_1/i_count[7]_i_3/O
                         net (fo=1, routed)           0.452     5.462    ee354_GCD_1/i_count[7]_i_3_n_0
    SLICE_X2Y82          LUT5 (Prop_lut5_I1_O)        0.150     5.612 r  ee354_GCD_1/i_count[7]_i_2/O
                         net (fo=8, routed)           0.497     6.110    ee354_GCD_1/i_count[7]_i_2_n_0
    SLICE_X1Y82          FDRE                                         r  ee354_GCD_1/i_count_reg[2]/CE
  -------------------------------------------------------------------    -------------------

                         (clock ClkPort rise edge)    0.000     0.000 r  
    E3                                                0.000     0.000 r  ClkPort (IN)
                         net (fo=0)                   0.000     0.000    BUFGP1/I
    E3                   IBUF (Prop_ibuf_I_O)         1.411     1.411 r  BUFGP1/IBUF/O
                         net (fo=1, routed)           1.920     3.331    BUFGP1/IBUFG_2_BUFG
    BUFGCTRL_X0Y16       BUFG (Prop_bufg_I_O)         0.091     3.422 r  BUFGP1/BUFG/O
                         net (fo=197, routed)         1.597     5.020    ee354_GCD_1/board_clk
    SLICE_X1Y82          FDRE                                         r  ee354_GCD_1/i_count_reg[2]/C

Slack:                    inf
  Source:                 ee354_GCD_1/B_reg[0]_LDC/G
                            (positive level-sensitive latch)
  Destination:            ee354_GCD_1/i_count_reg[3]/CE
                            (rising edge-triggered cell FDRE clocked by ClkPort  {rise@0.000ns fall@5.000ns period=10.000ns})
  Path Group:             (none)
  Path Type:              Setup (Max at Slow Process Corner)
  Data Path Delay:        6.110ns  (logic 2.045ns (33.472%)  route 4.065ns (66.528%))
  Logic Levels:           6  (CARRY4=1 LDCE=1 LUT3=1 LUT5=1 LUT6=2)
  Clock Uncertainty:      0.025ns  ((TSJ^2 + TIJ^2)^1/2 + DJ) / 2 + PE
    Total System Jitter     (TSJ):    0.050ns
    Total Input Jitter      (TIJ):    0.000ns
    Discrete Jitter          (DJ):    0.000ns
    Phase Error              (PE):    0.000ns

    Location             Delay type                Incr(ns)  Path(ns)    Netlist Resource(s)
  -------------------------------------------------------------------    -------------------
    SLICE_X3Y80          LDCE                         0.000     0.000 r  ee354_GCD_1/B_reg[0]_LDC/G
    SLICE_X3Y80          LDCE (EnToQ_ldce_G_Q)        0.761     0.761 r  ee354_GCD_1/B_reg[0]_LDC/Q
                         net (fo=5, routed)           0.939     1.700    ee354_GCD_1/B_reg[0]_LDC_n_0
    SLICE_X5Y82          LUT3 (Prop_lut3_I1_O)        0.152     1.852 r  ee354_GCD_1/A[0]_P_i_2/O
                         net (fo=7, routed)           0.760     2.611    ee354_GCD_1/A[0]_P_i_2_n_0
    SLICE_X5Y84          LUT6 (Prop_lut6_I0_O)        0.332     2.943 r  ee354_GCD_1/i_count1_carry_i_4/O
                         net (fo=1, routed)           0.404     3.347    ee354_GCD_1/i_count1_carry_i_4_n_0
    SLICE_X4Y84          CARRY4 (Prop_carry4_DI[0]_CO[3])
                                                      0.526     3.873 f  ee354_GCD_1/i_count1_carry/CO[3]
                         net (fo=27, routed)          1.013     4.886    ee354_GCD_1/i_count1_carry_n_0
    SLICE_X2Y82          LUT6 (Prop_lut6_I2_O)        0.124     5.010 f  ee354_GCD_1/i_count[7]_i_3/O
                         net (fo=1, routed)           0.452     5.462    ee354_GCD_1/i_count[7]_i_3_n_0
    SLICE_X2Y82          LUT5 (Prop_lut5_I1_O)        0.150     5.612 r  ee354_GCD_1/i_count[7]_i_2/O
                         net (fo=8, routed)           0.497     6.110    ee354_GCD_1/i_count[7]_i_2_n_0
    SLICE_X1Y82          FDRE                                         r  ee354_GCD_1/i_count_reg[3]/CE
  -------------------------------------------------------------------    -------------------

                         (clock ClkPort rise edge)    0.000     0.000 r  
    E3                                                0.000     0.000 r  ClkPort (IN)
                         net (fo=0)                   0.000     0.000    BUFGP1/I
    E3                   IBUF (Prop_ibuf_I_O)         1.411     1.411 r  BUFGP1/IBUF/O
                         net (fo=1, routed)           1.920     3.331    BUFGP1/IBUFG_2_BUFG
    BUFGCTRL_X0Y16       BUFG (Prop_bufg_I_O)         0.091     3.422 r  BUFGP1/BUFG/O
                         net (fo=197, routed)         1.597     5.020    ee354_GCD_1/board_clk
    SLICE_X1Y82          FDRE                                         r  ee354_GCD_1/i_count_reg[3]/C

Slack:                    inf
  Source:                 ee354_GCD_1/B_reg[0]_LDC/G
                            (positive level-sensitive latch)
  Destination:            ee354_GCD_1/i_count_reg[4]/CE
                            (rising edge-triggered cell FDRE clocked by ClkPort  {rise@0.000ns fall@5.000ns period=10.000ns})
  Path Group:             (none)
  Path Type:              Setup (Max at Slow Process Corner)
  Data Path Delay:        6.110ns  (logic 2.045ns (33.472%)  route 4.065ns (66.528%))
  Logic Levels:           6  (CARRY4=1 LDCE=1 LUT3=1 LUT5=1 LUT6=2)
  Clock Uncertainty:      0.025ns  ((TSJ^2 + TIJ^2)^1/2 + DJ) / 2 + PE
    Total System Jitter     (TSJ):    0.050ns
    Total Input Jitter      (TIJ):    0.000ns
    Discrete Jitter          (DJ):    0.000ns
    Phase Error              (PE):    0.000ns

    Location             Delay type                Incr(ns)  Path(ns)    Netlist Resource(s)
  -------------------------------------------------------------------    -------------------
    SLICE_X3Y80          LDCE                         0.000     0.000 r  ee354_GCD_1/B_reg[0]_LDC/G
    SLICE_X3Y80          LDCE (EnToQ_ldce_G_Q)        0.761     0.761 r  ee354_GCD_1/B_reg[0]_LDC/Q
                         net (fo=5, routed)           0.939     1.700    ee354_GCD_1/B_reg[0]_LDC_n_0
    SLICE_X5Y82          LUT3 (Prop_lut3_I1_O)        0.152     1.852 r  ee354_GCD_1/A[0]_P_i_2/O
                         net (fo=7, routed)           0.760     2.611    ee354_GCD_1/A[0]_P_i_2_n_0
    SLICE_X5Y84          LUT6 (Prop_lut6_I0_O)        0.332     2.943 r  ee354_GCD_1/i_count1_carry_i_4/O
                         net (fo=1, routed)           0.404     3.347    ee354_GCD_1/i_count1_carry_i_4_n_0
    SLICE_X4Y84          CARRY4 (Prop_carry4_DI[0]_CO[3])
                                                      0.526     3.873 f  ee354_GCD_1/i_count1_carry/CO[3]
                         net (fo=27, routed)          1.013     4.886    ee354_GCD_1/i_count1_carry_n_0
    SLICE_X2Y82          LUT6 (Prop_lut6_I2_O)        0.124     5.010 f  ee354_GCD_1/i_count[7]_i_3/O
                         net (fo=1, routed)           0.452     5.462    ee354_GCD_1/i_count[7]_i_3_n_0
    SLICE_X2Y82          LUT5 (Prop_lut5_I1_O)        0.150     5.612 r  ee354_GCD_1/i_count[7]_i_2/O
                         net (fo=8, routed)           0.497     6.110    ee354_GCD_1/i_count[7]_i_2_n_0
    SLICE_X1Y82          FDRE                                         r  ee354_GCD_1/i_count_reg[4]/CE
  -------------------------------------------------------------------    -------------------

                         (clock ClkPort rise edge)    0.000     0.000 r  
    E3                                                0.000     0.000 r  ClkPort (IN)
                         net (fo=0)                   0.000     0.000    BUFGP1/I
    E3                   IBUF (Prop_ibuf_I_O)         1.411     1.411 r  BUFGP1/IBUF/O
                         net (fo=1, routed)           1.920     3.331    BUFGP1/IBUFG_2_BUFG
    BUFGCTRL_X0Y16       BUFG (Prop_bufg_I_O)         0.091     3.422 r  BUFGP1/BUFG/O
                         net (fo=197, routed)         1.597     5.020    ee354_GCD_1/board_clk
    SLICE_X1Y82          FDRE                                         r  ee354_GCD_1/i_count_reg[4]/C





Min Delay Paths
--------------------------------------------------------------------------------------
Slack:                    inf
  Source:                 ee354_GCD_1/A_reg[5]_LDC/G
                            (positive level-sensitive latch)
  Destination:            ee354_GCD_1/AB_GCD_reg[5]/D
                            (rising edge-triggered cell FDCE clocked by ClkPort  {rise@0.000ns fall@5.000ns period=10.000ns})
  Path Group:             (none)
  Path Type:              Hold (Min at Fast Process Corner)
  Data Path Delay:        0.431ns  (logic 0.276ns (63.965%)  route 0.155ns (36.035%))
  Logic Levels:           2  (LDCE=1 LUT6=1)
  Clock Uncertainty:      0.025ns  ((TSJ^2 + TIJ^2)^1/2 + DJ) / 2 + PE
    Total System Jitter     (TSJ):    0.050ns
    Total Input Jitter      (TIJ):    0.000ns
    Discrete Jitter          (DJ):    0.000ns
    Phase Error              (PE):    0.000ns

    Location             Delay type                Incr(ns)  Path(ns)    Netlist Resource(s)
  -------------------------------------------------------------------    -------------------
    SLICE_X5Y86          LDCE                         0.000     0.000 r  ee354_GCD_1/A_reg[5]_LDC/G
    SLICE_X5Y86          LDCE (EnToQ_ldce_G_Q)        0.231     0.231 r  ee354_GCD_1/A_reg[5]_LDC/Q
                         net (fo=4, routed)           0.155     0.386    ee354_GCD_1/A_reg[5]_LDC_n_0
    SLICE_X1Y86          LUT6 (Prop_lut6_I4_O)        0.045     0.431 r  ee354_GCD_1/AB_GCD[5]_i_1/O
                         net (fo=1, routed)           0.000     0.431    ee354_GCD_1/AB_GCD[5]
    SLICE_X1Y86          FDCE                                         r  ee354_GCD_1/AB_GCD_reg[5]/D
  -------------------------------------------------------------------    -------------------

                         (clock ClkPort rise edge)    0.000     0.000 r  
    E3                                                0.000     0.000 r  ClkPort (IN)
                         net (fo=0)                   0.000     0.000    BUFGP1/I
    E3                   IBUF (Prop_ibuf_I_O)         0.438     0.438 r  BUFGP1/IBUF/O
                         net (fo=1, routed)           0.699     1.136    BUFGP1/IBUFG_2_BUFG
    BUFGCTRL_X0Y16       BUFG (Prop_bufg_I_O)         0.029     1.165 r  BUFGP1/BUFG/O
                         net (fo=197, routed)         0.872     2.037    ee354_GCD_1/board_clk
    SLICE_X1Y86          FDCE                                         r  ee354_GCD_1/AB_GCD_reg[5]/C

Slack:                    inf
  Source:                 ee354_GCD_1/A_reg[1]_LDC/G
                            (positive level-sensitive latch)
  Destination:            ee354_GCD_1/AB_GCD_reg[1]/D
                            (rising edge-triggered cell FDCE clocked by ClkPort  {rise@0.000ns fall@5.000ns period=10.000ns})
  Path Group:             (none)
  Path Type:              Hold (Min at Fast Process Corner)
  Data Path Delay:        0.497ns  (logic 0.265ns (53.336%)  route 0.232ns (46.664%))
  Logic Levels:           2  (LDCE=1 LUT6=1)
  Clock Uncertainty:      0.025ns  ((TSJ^2 + TIJ^2)^1/2 + DJ) / 2 + PE
    Total System Jitter     (TSJ):    0.050ns
    Total Input Jitter      (TIJ):    0.000ns
    Discrete Jitter          (DJ):    0.000ns
    Phase Error              (PE):    0.000ns

    Location             Delay type                Incr(ns)  Path(ns)    Netlist Resource(s)
  -------------------------------------------------------------------    -------------------
    SLICE_X5Y83          LDCE                         0.000     0.000 r  ee354_GCD_1/A_reg[1]_LDC/G
    SLICE_X5Y83          LDCE (EnToQ_ldce_G_Q)        0.220     0.220 r  ee354_GCD_1/A_reg[1]_LDC/Q
                         net (fo=4, routed)           0.232     0.452    ee354_GCD_1/A_reg[1]_LDC_n_0
    SLICE_X3Y83          LUT6 (Prop_lut6_I4_O)        0.045     0.497 r  ee354_GCD_1/AB_GCD[1]_i_1/O
                         net (fo=1, routed)           0.000     0.497    ee354_GCD_1/AB_GCD[1]
    SLICE_X3Y83          FDCE                                         r  ee354_GCD_1/AB_GCD_reg[1]/D
  -------------------------------------------------------------------    -------------------

                         (clock ClkPort rise edge)    0.000     0.000 r  
    E3                                                0.000     0.000 r  ClkPort (IN)
                         net (fo=0)                   0.000     0.000    BUFGP1/I
    E3                   IBUF (Prop_ibuf_I_O)         0.438     0.438 r  BUFGP1/IBUF/O
                         net (fo=1, routed)           0.699     1.136    BUFGP1/IBUFG_2_BUFG
    BUFGCTRL_X0Y16       BUFG (Prop_bufg_I_O)         0.029     1.165 r  BUFGP1/BUFG/O
                         net (fo=197, routed)         0.870     2.035    ee354_GCD_1/board_clk
    SLICE_X3Y83          FDCE                                         r  ee354_GCD_1/AB_GCD_reg[1]/C

Slack:                    inf
  Source:                 ee354_GCD_1/A_reg[4]_LDC/G
                            (positive level-sensitive latch)
  Destination:            ee354_GCD_1/AB_GCD_reg[4]/D
                            (rising edge-triggered cell FDCE clocked by ClkPort  {rise@0.000ns fall@5.000ns period=10.000ns})
  Path Group:             (none)
  Path Type:              Hold (Min at Fast Process Corner)
  Data Path Delay:        0.538ns  (logic 0.296ns (54.977%)  route 0.242ns (45.023%))
  Logic Levels:           2  (LDCE=1 LUT6=1)
  Clock Uncertainty:      0.025ns  ((TSJ^2 + TIJ^2)^1/2 + DJ) / 2 + PE
    Total System Jitter     (TSJ):    0.050ns
    Total Input Jitter      (TIJ):    0.000ns
    Discrete Jitter          (DJ):    0.000ns
    Phase Error              (PE):    0.000ns

    Location             Delay type                Incr(ns)  Path(ns)    Netlist Resource(s)
  -------------------------------------------------------------------    -------------------
    SLICE_X2Y88          LDCE                         0.000     0.000 r  ee354_GCD_1/A_reg[4]_LDC/G
    SLICE_X2Y88          LDCE (EnToQ_ldce_G_Q)        0.251     0.251 r  ee354_GCD_1/A_reg[4]_LDC/Q
                         net (fo=4, routed)           0.242     0.493    ee354_GCD_1/A_reg[4]_LDC_n_0
    SLICE_X1Y86          LUT6 (Prop_lut6_I4_O)        0.045     0.538 r  ee354_GCD_1/AB_GCD[4]_i_1/O
                         net (fo=1, routed)           0.000     0.538    ee354_GCD_1/AB_GCD[4]
    SLICE_X1Y86          FDCE                                         r  ee354_GCD_1/AB_GCD_reg[4]/D
  -------------------------------------------------------------------    -------------------

                         (clock ClkPort rise edge)    0.000     0.000 r  
    E3                                                0.000     0.000 r  ClkPort (IN)
                         net (fo=0)                   0.000     0.000    BUFGP1/I
    E3                   IBUF (Prop_ibuf_I_O)         0.438     0.438 r  BUFGP1/IBUF/O
                         net (fo=1, routed)           0.699     1.136    BUFGP1/IBUFG_2_BUFG
    BUFGCTRL_X0Y16       BUFG (Prop_bufg_I_O)         0.029     1.165 r  BUFGP1/BUFG/O
                         net (fo=197, routed)         0.872     2.037    ee354_GCD_1/board_clk
    SLICE_X1Y86          FDCE                                         r  ee354_GCD_1/AB_GCD_reg[4]/C

Slack:                    inf
  Source:                 ee354_GCD_1/A_reg[7]_LDC/G
                            (positive level-sensitive latch)
  Destination:            ee354_GCD_1/B_reg[7]_P/D
                            (rising edge-triggered cell FDPE clocked by ClkPort  {rise@0.000ns fall@5.000ns period=10.000ns})
  Path Group:             (none)
  Path Type:              Hold (Min at Fast Process Corner)
  Data Path Delay:        0.544ns  (logic 0.265ns (48.747%)  route 0.279ns (51.253%))
  Logic Levels:           2  (LDCE=1 LUT6=1)
  Clock Uncertainty:      0.025ns  ((TSJ^2 + TIJ^2)^1/2 + DJ) / 2 + PE
    Total System Jitter     (TSJ):    0.050ns
    Total Input Jitter      (TIJ):    0.000ns
    Discrete Jitter          (DJ):    0.000ns
    Phase Error              (PE):    0.000ns

    Location             Delay type                Incr(ns)  Path(ns)    Netlist Resource(s)
  -------------------------------------------------------------------    -------------------
    SLICE_X0Y88          LDCE                         0.000     0.000 r  ee354_GCD_1/A_reg[7]_LDC/G
    SLICE_X0Y88          LDCE (EnToQ_ldce_G_Q)        0.220     0.220 r  ee354_GCD_1/A_reg[7]_LDC/Q
                         net (fo=5, routed)           0.279     0.499    ee354_GCD_1/A_reg[7]_LDC_n_0
    SLICE_X3Y88          LUT6 (Prop_lut6_I4_O)        0.045     0.544 r  ee354_GCD_1/B[7]_P_i_2/O
                         net (fo=1, routed)           0.000     0.544    ee354_GCD_1/B[7]
    SLICE_X3Y88          FDPE                                         r  ee354_GCD_1/B_reg[7]_P/D
  -------------------------------------------------------------------    -------------------

                         (clock ClkPort rise edge)    0.000     0.000 r  
    E3                                                0.000     0.000 r  ClkPort (IN)
                         net (fo=0)                   0.000     0.000    BUFGP1/I
    E3                   IBUF (Prop_ibuf_I_O)         0.438     0.438 r  BUFGP1/IBUF/O
                         net (fo=1, routed)           0.699     1.136    BUFGP1/IBUFG_2_BUFG
    BUFGCTRL_X0Y16       BUFG (Prop_bufg_I_O)         0.029     1.165 r  BUFGP1/BUFG/O
                         net (fo=197, routed)         0.875     2.040    ee354_GCD_1/board_clk
    SLICE_X3Y88          FDPE                                         r  ee354_GCD_1/B_reg[7]_P/C

Slack:                    inf
  Source:                 ee354_GCD_1/A_reg[6]_LDC/G
                            (positive level-sensitive latch)
  Destination:            ee354_GCD_1/AB_GCD_reg[6]/D
                            (rising edge-triggered cell FDCE clocked by ClkPort  {rise@0.000ns fall@5.000ns period=10.000ns})
  Path Group:             (none)
  Path Type:              Hold (Min at Fast Process Corner)
  Data Path Delay:        0.563ns  (logic 0.265ns (47.049%)  route 0.298ns (52.951%))
  Logic Levels:           2  (LDCE=1 LUT6=1)
  Clock Uncertainty:      0.025ns  ((TSJ^2 + TIJ^2)^1/2 + DJ) / 2 + PE
    Total System Jitter     (TSJ):    0.050ns
    Total Input Jitter      (TIJ):    0.000ns
    Discrete Jitter          (DJ):    0.000ns
    Phase Error              (PE):    0.000ns

    Location             Delay type                Incr(ns)  Path(ns)    Netlist Resource(s)
  -------------------------------------------------------------------    -------------------
    SLICE_X1Y87          LDCE                         0.000     0.000 r  ee354_GCD_1/A_reg[6]_LDC/G
    SLICE_X1Y87          LDCE (EnToQ_ldce_G_Q)        0.220     0.220 r  ee354_GCD_1/A_reg[6]_LDC/Q
                         net (fo=4, routed)           0.298     0.518    ee354_GCD_1/A_reg[6]_LDC_n_0
    SLICE_X1Y86          LUT6 (Prop_lut6_I4_O)        0.045     0.563 r  ee354_GCD_1/AB_GCD[6]_i_1/O
                         net (fo=1, routed)           0.000     0.563    ee354_GCD_1/AB_GCD[6]
    SLICE_X1Y86          FDCE                                         r  ee354_GCD_1/AB_GCD_reg[6]/D
  -------------------------------------------------------------------    -------------------

                         (clock ClkPort rise edge)    0.000     0.000 r  
    E3                                                0.000     0.000 r  ClkPort (IN)
                         net (fo=0)                   0.000     0.000    BUFGP1/I
    E3                   IBUF (Prop_ibuf_I_O)         0.438     0.438 r  BUFGP1/IBUF/O
                         net (fo=1, routed)           0.699     1.136    BUFGP1/IBUFG_2_BUFG
    BUFGCTRL_X0Y16       BUFG (Prop_bufg_I_O)         0.029     1.165 r  BUFGP1/BUFG/O
                         net (fo=197, routed)         0.872     2.037    ee354_GCD_1/board_clk
    SLICE_X1Y86          FDCE                                         r  ee354_GCD_1/AB_GCD_reg[6]/C

Slack:                    inf
  Source:                 ee354_GCD_1/A_reg[7]_LDC/G
                            (positive level-sensitive latch)
  Destination:            ee354_GCD_1/AB_GCD_reg[7]/D
                            (rising edge-triggered cell FDCE clocked by ClkPort  {rise@0.000ns fall@5.000ns period=10.000ns})
  Path Group:             (none)
  Path Type:              Hold (Min at Fast Process Corner)
  Data Path Delay:        0.586ns  (logic 0.265ns (45.222%)  route 0.321ns (54.778%))
  Logic Levels:           2  (LDCE=1 LUT6=1)
  Clock Uncertainty:      0.025ns  ((TSJ^2 + TIJ^2)^1/2 + DJ) / 2 + PE
    Total System Jitter     (TSJ):    0.050ns
    Total Input Jitter      (TIJ):    0.000ns
    Discrete Jitter          (DJ):    0.000ns
    Phase Error              (PE):    0.000ns

    Location             Delay type                Incr(ns)  Path(ns)    Netlist Resource(s)
  -------------------------------------------------------------------    -------------------
    SLICE_X0Y88          LDCE                         0.000     0.000 r  ee354_GCD_1/A_reg[7]_LDC/G
    SLICE_X0Y88          LDCE (EnToQ_ldce_G_Q)        0.220     0.220 r  ee354_GCD_1/A_reg[7]_LDC/Q
                         net (fo=5, routed)           0.321     0.541    ee354_GCD_1/A_reg[7]_LDC_n_0
    SLICE_X0Y86          LUT6 (Prop_lut6_I4_O)        0.045     0.586 r  ee354_GCD_1/AB_GCD[7]_i_2/O
                         net (fo=1, routed)           0.000     0.586    ee354_GCD_1/AB_GCD[7]
    SLICE_X0Y86          FDCE                                         r  ee354_GCD_1/AB_GCD_reg[7]/D
  -------------------------------------------------------------------    -------------------

                         (clock ClkPort rise edge)    0.000     0.000 r  
    E3                                                0.000     0.000 r  ClkPort (IN)
                         net (fo=0)                   0.000     0.000    BUFGP1/I
    E3                   IBUF (Prop_ibuf_I_O)         0.438     0.438 r  BUFGP1/IBUF/O
                         net (fo=1, routed)           0.699     1.136    BUFGP1/IBUFG_2_BUFG
    BUFGCTRL_X0Y16       BUFG (Prop_bufg_I_O)         0.029     1.165 r  BUFGP1/BUFG/O
                         net (fo=197, routed)         0.872     2.037    ee354_GCD_1/board_clk
    SLICE_X0Y86          FDCE                                         r  ee354_GCD_1/AB_GCD_reg[7]/C

Slack:                    inf
  Source:                 Sw5
                            (input port)
  Destination:            Bin_reg[5]/D
                            (rising edge-triggered cell FDCE clocked by ClkPort  {rise@0.000ns fall@5.000ns period=10.000ns})
  Path Group:             (none)
  Path Type:              Hold (Min at Fast Process Corner)
  Data Path Delay:        0.608ns  (logic 0.265ns (43.578%)  route 0.343ns (56.422%))
  Logic Levels:           1  (IBUF=1)
  Clock Path Skew:        2.036ns (DCD - SCD - CPR)
    Destination Clock Delay (DCD):    2.036ns
    Source Clock Delay      (SCD):    0.000ns
    Clock Pessimism Removal (CPR):    -0.000ns

    Location             Delay type                Incr(ns)  Path(ns)    Netlist Resource(s)
  -------------------------------------------------------------------    -------------------
    T18                                               0.000     0.000 r  Sw5 (IN)
                         net (fo=0)                   0.000     0.000    Sw5
    T18                  IBUF (Prop_ibuf_I_O)         0.265     0.265 r  Sw5_IBUF_inst/O
                         net (fo=2, routed)           0.343     0.608    Sw5_IBUF
    SLICE_X0Y84          FDCE                                         r  Bin_reg[5]/D
  -------------------------------------------------------------------    -------------------

                         (clock ClkPort rise edge)    0.000     0.000 r  
    E3                                                0.000     0.000 r  ClkPort (IN)
                         net (fo=0)                   0.000     0.000    BUFGP1/I
    E3                   IBUF (Prop_ibuf_I_O)         0.438     0.438 r  BUFGP1/IBUF/O
                         net (fo=1, routed)           0.699     1.136    BUFGP1/IBUFG_2_BUFG
    BUFGCTRL_X0Y16       BUFG (Prop_bufg_I_O)         0.029     1.165 r  BUFGP1/BUFG/O
                         net (fo=197, routed)         0.871     2.036    board_clk
    SLICE_X0Y84          FDCE                                         r  Bin_reg[5]/C

Slack:                    inf
  Source:                 ee354_GCD_1/A_reg[2]_LDC/G
                            (positive level-sensitive latch)
  Destination:            ee354_GCD_1/AB_GCD_reg[2]/D
                            (rising edge-triggered cell FDCE clocked by ClkPort  {rise@0.000ns fall@5.000ns period=10.000ns})
  Path Group:             (none)
  Path Type:              Hold (Min at Fast Process Corner)
  Data Path Delay:        0.610ns  (logic 0.271ns (44.429%)  route 0.339ns (55.571%))
  Logic Levels:           2  (LDCE=1 LUT6=1)
  Clock Uncertainty:      0.025ns  ((TSJ^2 + TIJ^2)^1/2 + DJ) / 2 + PE
    Total System Jitter     (TSJ):    0.050ns
    Total Input Jitter      (TIJ):    0.000ns
    Discrete Jitter          (DJ):    0.000ns
    Phase Error              (PE):    0.000ns

    Location             Delay type                Incr(ns)  Path(ns)    Netlist Resource(s)
  -------------------------------------------------------------------    -------------------
    SLICE_X1Y85          LDCE                         0.000     0.000 r  ee354_GCD_1/A_reg[2]_LDC/G
    SLICE_X1Y85          LDCE (EnToQ_ldce_G_Q)        0.226     0.226 r  ee354_GCD_1/A_reg[2]_LDC/Q
                         net (fo=4, routed)           0.339     0.565    ee354_GCD_1/A_reg[2]_LDC_n_0
    SLICE_X3Y83          LUT6 (Prop_lut6_I4_O)        0.045     0.610 r  ee354_GCD_1/AB_GCD[2]_i_1/O
                         net (fo=1, routed)           0.000     0.610    ee354_GCD_1/AB_GCD[2]
    SLICE_X3Y83          FDCE                                         r  ee354_GCD_1/AB_GCD_reg[2]/D
  -------------------------------------------------------------------    -------------------

                         (clock ClkPort rise edge)    0.000     0.000 r  
    E3                                                0.000     0.000 r  ClkPort (IN)
                         net (fo=0)                   0.000     0.000    BUFGP1/I
    E3                   IBUF (Prop_ibuf_I_O)         0.438     0.438 r  BUFGP1/IBUF/O
                         net (fo=1, routed)           0.699     1.136    BUFGP1/IBUFG_2_BUFG
    BUFGCTRL_X0Y16       BUFG (Prop_bufg_I_O)         0.029     1.165 r  BUFGP1/BUFG/O
                         net (fo=197, routed)         0.870     2.035    ee354_GCD_1/board_clk
    SLICE_X3Y83          FDCE                                         r  ee354_GCD_1/AB_GCD_reg[2]/C

Slack:                    inf
  Source:                 Sw5
                            (input port)
  Destination:            Ain_reg[5]/D
                            (rising edge-triggered cell FDCE clocked by ClkPort  {rise@0.000ns fall@5.000ns period=10.000ns})
  Path Group:             (none)
  Path Type:              Hold (Min at Fast Process Corner)
  Data Path Delay:        0.612ns  (logic 0.265ns (43.312%)  route 0.347ns (56.688%))
  Logic Levels:           1  (IBUF=1)
  Clock Path Skew:        2.037ns (DCD - SCD - CPR)
    Destination Clock Delay (DCD):    2.037ns
    Source Clock Delay      (SCD):    0.000ns
    Clock Pessimism Removal (CPR):    -0.000ns

    Location             Delay type                Incr(ns)  Path(ns)    Netlist Resource(s)
  -------------------------------------------------------------------    -------------------
    T18                                               0.000     0.000 r  Sw5 (IN)
                         net (fo=0)                   0.000     0.000    Sw5
    T18                  IBUF (Prop_ibuf_I_O)         0.265     0.265 r  Sw5_IBUF_inst/O
                         net (fo=2, routed)           0.347     0.612    Sw5_IBUF
    SLICE_X0Y85          FDCE                                         r  Ain_reg[5]/D
  -------------------------------------------------------------------    -------------------

                         (clock ClkPort rise edge)    0.000     0.000 r  
    E3                                                0.000     0.000 r  ClkPort (IN)
                         net (fo=0)                   0.000     0.000    BUFGP1/I
    E3                   IBUF (Prop_ibuf_I_O)         0.438     0.438 r  BUFGP1/IBUF/O
                         net (fo=1, routed)           0.699     1.136    BUFGP1/IBUFG_2_BUFG
    BUFGCTRL_X0Y16       BUFG (Prop_bufg_I_O)         0.029     1.165 r  BUFGP1/BUFG/O
                         net (fo=197, routed)         0.872     2.037    board_clk
    SLICE_X0Y85          FDCE                                         r  Ain_reg[5]/C

Slack:                    inf
  Source:                 BtnC
                            (input port)
  Destination:            ee354_GCD_1/state_reg[0]/PRE
                            (removal check against rising-edge clock ClkPort  {rise@0.000ns fall@5.000ns period=10.000ns})
  Path Group:             (none)
  Path Type:              Removal (Min at Fast Process Corner)
  Data Path Delay:        0.614ns  (logic 0.244ns (39.794%)  route 0.370ns (60.206%))
  Logic Levels:           1  (IBUF=1)
  Clock Path Skew:        2.034ns (DCD - SCD - CPR)
    Destination Clock Delay (DCD):    2.034ns
    Source Clock Delay      (SCD):    0.000ns
    Clock Pessimism Removal (CPR):    -0.000ns

    Location             Delay type                Incr(ns)  Path(ns)    Netlist Resource(s)
  -------------------------------------------------------------------    -------------------
    N17                                               0.000     0.000 f  BtnC (IN)
                         net (fo=0)                   0.000     0.000    BtnC
    N17                  IBUF (Prop_ibuf_I_O)         0.244     0.244 f  BtnC_IBUF_inst/O
                         net (fo=93, routed)          0.370     0.614    ee354_GCD_1/BtnC_IBUF
    SLICE_X0Y82          FDPE                                         f  ee354_GCD_1/state_reg[0]/PRE
  -------------------------------------------------------------------    -------------------

                         (clock ClkPort rise edge)    0.000     0.000 r  
    E3                                                0.000     0.000 r  ClkPort (IN)
                         net (fo=0)                   0.000     0.000    BUFGP1/I
    E3                   IBUF (Prop_ibuf_I_O)         0.438     0.438 r  BUFGP1/IBUF/O
                         net (fo=1, routed)           0.699     1.136    BUFGP1/IBUFG_2_BUFG
    BUFGCTRL_X0Y16       BUFG (Prop_bufg_I_O)         0.029     1.165 r  BUFGP1/BUFG/O
                         net (fo=197, routed)         0.869     2.034    ee354_GCD_1/board_clk
    SLICE_X0Y82          FDPE                                         r  ee354_GCD_1/state_reg[0]/C





