Copyright 1986-2022 Xilinx, Inc. All Rights Reserved. Copyright 2022-2025 Advanced Micro Devices, Inc. All Rights Reserved.
---------------------------------------------------------------------------------------------------------------------------------------------------------------------------------------------------------------------------------------------------
| Tool Version : Vivado v.2025.1 (win64) Build 6140274 Thu May 22 00:12:29 MDT 2025
| Date         : Wed Oct 22 18:30:17 2025
| Host         : TmacComputer running 64-bit major release  (build 9200)
| Command      : report_timing_summary -max_paths 10 -routable_nets -report_unconstrained -file divider_8_top_timing_summary_routed.rpt -pb divider_8_top_timing_summary_routed.pb -rpx divider_8_top_timing_summary_routed.rpx -warn_on_violation
| Design       : divider_8_top
| Device       : 7a100t-csg324
| Speed File   : -1  PRODUCTION 1.23 2018-06-13
| Design State : Routed
---------------------------------------------------------------------------------------------------------------------------------------------------------------------------------------------------------------------------------------------------

Timing Summary Report

------------------------------------------------------------------------------------------------
| Timer Settings
| --------------
------------------------------------------------------------------------------------------------

  Enable Multi Corner Analysis               :  Yes
  Enable Pessimism Removal                   :  Yes
  Pessimism Removal Resolution               :  Nearest Common Node
  Enable Input Delay Default Clock           :  No
  Enable Preset / Clear Arcs                 :  No
  Disable Flight Delays                      :  No
  Ignore I/O Paths                           :  No
  Timing Early Launch at Borrowing Latches   :  No
  Borrow Time for Max Delay Exceptions       :  Yes
  Merge Timing Exceptions                    :  Yes
  Inter-SLR Compensation                     :  Conservative

  Corner  Analyze    Analyze    
  Name    Max Paths  Min Paths  
  ------  ---------  ---------  
  Slow    Yes        Yes        
  Fast    Yes        Yes        


------------------------------------------------------------------------------------------------
| Report Methodology
| ------------------
------------------------------------------------------------------------------------------------

Rule       Severity          Description                    Violations  
---------  ----------------  -----------------------------  ----------  
TIMING-17  Critical Warning  Non-clocked sequential cell    37          
TIMING-18  Warning           Missing input or output delay  38          

Note: This report is based on the most recent report_methodology run and may not be up-to-date. Run report_methodology on the current design for the latest report.



check_timing report

Table of Contents
-----------------
1. checking no_clock (37)
2. checking constant_clock (0)
3. checking pulse_width_clock (0)
4. checking unconstrained_internal_endpoints (101)
5. checking no_input_delay (19)
6. checking no_output_delay (19)
7. checking multiple_clock (0)
8. checking generated_clocks (0)
9. checking loops (0)
10. checking partial_input_delay (0)
11. checking partial_output_delay (0)
12. checking latch_loops (0)

1. checking no_clock (37)
-------------------------
 There are 31 register/latch pins with no clock driven by root clock pin: program_rom/instantiate_loader.jtag_loader_6_inst/jtag_loader_gen.BSCAN_7SERIES_gen.BSCAN_BLOCK_inst/DRCK (HIGH)

 There are 6 register/latch pins with no clock driven by root clock pin: program_rom/instantiate_loader.jtag_loader_6_inst/jtag_loader_gen.BSCAN_7SERIES_gen.BSCAN_BLOCK_inst/UPDATE (HIGH)


2. checking constant_clock (0)
------------------------------
 There are 0 register/latch pins with constant_clock.


3. checking pulse_width_clock (0)
---------------------------------
 There are 0 register/latch pins which need pulse_width check


4. checking unconstrained_internal_endpoints (101)
--------------------------------------------------
 There are 101 pins that are not constrained for maximum delay. (HIGH)

 There are 0 pins that are not constrained for maximum delay due to constant clock.


5. checking no_input_delay (19)
-------------------------------
 There are 19 input ports with no input delay specified. (HIGH)

 There are 0 input ports with no input delay but user has a false path constraint.


6. checking no_output_delay (19)
--------------------------------
 There are 19 ports with no output delay specified. (HIGH)

 There are 0 ports with no output delay but user has a false path constraint

 There are 0 ports with no output delay but with a timing clock defined on it or propagating through it


7. checking multiple_clock (0)
------------------------------
 There are 0 register/latch pins with multiple clocks.


8. checking generated_clocks (0)
--------------------------------
 There are 0 generated clocks that are not connected to a clock source.


9. checking loops (0)
---------------------
 There are 0 combinational loops in the design.


10. checking partial_input_delay (0)
------------------------------------
 There are 0 input ports with partial input delay specified.


11. checking partial_output_delay (0)
-------------------------------------
 There are 0 ports with partial output delay specified.


12. checking latch_loops (0)
----------------------------
 There are 0 combinational latch loops in the design through latch input



------------------------------------------------------------------------------------------------
| Design Timing Summary
| ---------------------
------------------------------------------------------------------------------------------------

    WNS(ns)      TNS(ns)  TNS Failing Endpoints  TNS Total Endpoints      WHS(ns)      THS(ns)  THS Failing Endpoints  THS Total Endpoints     WPWS(ns)     TPWS(ns)  TPWS Failing Endpoints  TPWS Total Endpoints  
    -------      -------  ---------------------  -------------------      -------      -------  ---------------------  -------------------     --------     --------  ----------------------  --------------------  
      0.967        0.000                      0                  483        0.071        0.000                      0                  483        3.750        0.000                       0                   158  


All user specified timing constraints are met.


------------------------------------------------------------------------------------------------
| Clock Summary
| -------------
------------------------------------------------------------------------------------------------

Clock    Waveform(ns)       Period(ns)      Frequency(MHz)
-----    ------------       ----------      --------------
ClkPort  {0.000 5.000}      10.000          100.000         


------------------------------------------------------------------------------------------------
| Intra Clock Table
| -----------------
------------------------------------------------------------------------------------------------

Clock             WNS(ns)      TNS(ns)  TNS Failing Endpoints  TNS Total Endpoints      WHS(ns)      THS(ns)  THS Failing Endpoints  THS Total Endpoints     WPWS(ns)     TPWS(ns)  TPWS Failing Endpoints  TPWS Total Endpoints  
-----             -------      -------  ---------------------  -------------------      -------      -------  ---------------------  -------------------     --------     --------  ----------------------  --------------------  
ClkPort             0.967        0.000                      0                  483        0.071        0.000                      0                  483        3.750        0.000                       0                   158  


------------------------------------------------------------------------------------------------
| Inter Clock Table
| -----------------
------------------------------------------------------------------------------------------------

From Clock    To Clock          WNS(ns)      TNS(ns)  TNS Failing Endpoints  TNS Total Endpoints      WHS(ns)      THS(ns)  THS Failing Endpoints  THS Total Endpoints  
----------    --------          -------      -------  ---------------------  -------------------      -------      -------  ---------------------  -------------------  


------------------------------------------------------------------------------------------------
| Other Path Groups Table
| -----------------------
------------------------------------------------------------------------------------------------

Path Group    From Clock    To Clock          WNS(ns)      TNS(ns)  TNS Failing Endpoints  TNS Total Endpoints      WHS(ns)      THS(ns)  THS Failing Endpoints  THS Total Endpoints  
----------    ----------    --------          -------      -------  ---------------------  -------------------      -------      -------  ---------------------  -------------------  


------------------------------------------------------------------------------------------------
| User Ignored Path Table
| -----------------------
------------------------------------------------------------------------------------------------

Path Group    From Clock    To Clock    
----------    ----------    --------    


------------------------------------------------------------------------------------------------
| Unconstrained Path Table
| ------------------------
------------------------------------------------------------------------------------------------

Path Group    From Clock    To Clock    
----------    ----------    --------    
(none)                                    
(none)        ClkPort                     
(none)                      ClkPort       


------------------------------------------------------------------------------------------------
| Timing Details
| --------------
------------------------------------------------------------------------------------------------


---------------------------------------------------------------------------------------------------
From Clock:  ClkPort
  To Clock:  ClkPort

Setup :            0  Failing Endpoints,  Worst Slack        0.967ns,  Total Violation        0.000ns
Hold  :            0  Failing Endpoints,  Worst Slack        0.071ns,  Total Violation        0.000ns
PW    :            0  Failing Endpoints,  Worst Slack        3.750ns,  Total Violation        0.000ns
---------------------------------------------------------------------------------------------------


Max Delay Paths
--------------------------------------------------------------------------------------
Slack (MET) :             0.967ns  (required time - arrival time)
  Source:                 program_rom/ram_1k_generate.akv7.kcpsm6_rom/CLKARDCLK
                            (rising edge-triggered cell RAMB18E1 clocked by ClkPort  {rise@0.000ns fall@5.000ns period=10.000ns})
  Destination:            processor/zero_flag_flop/D
                            (rising edge-triggered cell FDRE clocked by ClkPort  {rise@0.000ns fall@5.000ns period=10.000ns})
  Path Group:             ClkPort
  Path Type:              Setup (Max at Slow Process Corner)
  Requirement:            10.000ns  (ClkPort rise@10.000ns - ClkPort rise@0.000ns)
  Data Path Delay:        8.778ns  (logic 4.237ns (48.271%)  route 4.541ns (51.729%))
  Logic Levels:           6  (CARRY4=1 LUT4=1 LUT5=2 LUT6=1 RAMD32=1)
  Clock Path Skew:        -0.070ns (DCD - SCD + CPR)
    Destination Clock Delay (DCD):    4.936ns = ( 14.936 - 10.000 ) 
    Source Clock Delay      (SCD):    5.283ns
    Clock Pessimism Removal (CPR):    0.277ns
  Clock Uncertainty:      0.035ns  ((TSJ^2 + TIJ^2)^1/2 + DJ) / 2 + PE
    Total System Jitter     (TSJ):    0.071ns
    Total Input Jitter      (TIJ):    0.000ns
    Discrete Jitter          (DJ):    0.000ns
    Phase Error              (PE):    0.000ns

    Location             Delay type                Incr(ns)  Path(ns)    Netlist Resource(s)
  -------------------------------------------------------------------    -------------------
                         (clock ClkPort rise edge)    0.000     0.000 r  
    E3                                                0.000     0.000 r  ClkPort (IN)
                         net (fo=0)                   0.000     0.000    ClkPort
    E3                   IBUF (Prop_ibuf_I_O)         1.482     1.482 r  ClkPort_IBUF_inst/O
                         net (fo=1, routed)           2.025     3.506    ClkPort_IBUF
    BUFGCTRL_X0Y16       BUFG (Prop_bufg_I_O)         0.096     3.602 r  ClkPort_IBUF_BUFG_inst/O
                         net (fo=157, routed)         1.681     5.283    program_rom/ClkPort_IBUF_BUFG
    RAMB18_X0Y32         RAMB18E1                                     r  program_rom/ram_1k_generate.akv7.kcpsm6_rom/CLKARDCLK
  -------------------------------------------------------------------    -------------------
    RAMB18_X0Y32         RAMB18E1 (Prop_ramb18e1_CLKARDCLK_DOADO[4])
                                                      2.454     7.737 r  program_rom/ram_1k_generate.akv7.kcpsm6_rom/DOADO[4]
                         net (fo=14, routed)          1.188     8.925    processor/lower_reg_banks/ADDRA0
    SLICE_X8Y81          RAMD32 (Prop_ramd32_RADR0_O)
                                                      0.150     9.075 r  processor/lower_reg_banks/RAMA/O
                         net (fo=3, routed)           0.994    10.068    processor/data_path_loop[0].output_data.sy_kk_mux_lut/I0
    SLICE_X11Y79         LUT5 (Prop_lut5_I0_O)        0.356    10.424 r  processor/data_path_loop[0].output_data.sy_kk_mux_lut/LUT5/O
                         net (fo=33, routed)          0.911    11.335    processor/data_path_loop[0].output_data.sy_kk_mux_lut_n_0
    SLICE_X2Y81          LUT4 (Prop_lut4_I0_O)        0.325    11.660 f  processor/data_path_loop[2].alu_mux_lut_i_1/O
                         net (fo=1, routed)           0.411    12.072    processor/data_path_loop[2].alu_mux_lut_i_1_n_0
    SLICE_X7Y81          LUT6 (Prop_lut6_I2_O)        0.348    12.420 f  processor/data_path_loop[2].alu_mux_lut/O
                         net (fo=3, routed)           1.037    13.457    processor/alu_result_2
    SLICE_X8Y80          LUT5 (Prop_lut5_I2_O)        0.150    13.607 r  processor/lower_zero_lut/O
                         net (fo=1, routed)           0.000    13.607    processor/lower_zero
    SLICE_X8Y80          CARRY4 (Prop_carry4_DI[1]_CO[3])
                                                      0.454    14.061 r  processor/init_zero_muxcy_CARRY4/CO[3]
                         net (fo=1, routed)           0.000    14.061    processor/zero_flag_value
    SLICE_X8Y80          FDRE                                         r  processor/zero_flag_flop/D
  -------------------------------------------------------------------    -------------------

                         (clock ClkPort rise edge)   10.000    10.000 r  
    E3                                                0.000    10.000 r  ClkPort (IN)
                         net (fo=0)                   0.000    10.000    ClkPort
    E3                   IBUF (Prop_ibuf_I_O)         1.411    11.411 r  ClkPort_IBUF_inst/O
                         net (fo=1, routed)           1.920    13.331    ClkPort_IBUF
    BUFGCTRL_X0Y16       BUFG (Prop_bufg_I_O)         0.091    13.422 r  ClkPort_IBUF_BUFG_inst/O
                         net (fo=157, routed)         1.513    14.936    processor/ClkPort_IBUF_BUFG
    SLICE_X8Y80          FDRE                                         r  processor/zero_flag_flop/C
                         clock pessimism              0.277    15.213    
                         clock uncertainty           -0.035    15.177    
    SLICE_X8Y80          FDRE (Setup_fdre_C_D)       -0.150    15.027    processor/zero_flag_flop
  -------------------------------------------------------------------
                         required time                         15.027    
                         arrival time                         -14.061    
  -------------------------------------------------------------------
                         slack                                  0.967    

Slack (MET) :             1.769ns  (required time - arrival time)
  Source:                 program_rom/ram_1k_generate.akv7.kcpsm6_rom/CLKARDCLK
                            (rising edge-triggered cell RAMB18E1 clocked by ClkPort  {rise@0.000ns fall@5.000ns period=10.000ns})
  Destination:            processor/upper_reg_banks/RAMA_D1/I
                            (rising edge-triggered cell RAMD32 clocked by ClkPort  {rise@0.000ns fall@5.000ns period=10.000ns})
  Path Group:             ClkPort
  Path Type:              Setup (Max at Slow Process Corner)
  Requirement:            10.000ns  (ClkPort rise@10.000ns - ClkPort rise@0.000ns)
  Data Path Delay:        7.928ns  (logic 3.615ns (45.598%)  route 4.313ns (54.402%))
  Logic Levels:           4  (LUT4=1 LUT5=1 LUT6=1 RAMD32=1)
  Clock Path Skew:        -0.009ns (DCD - SCD + CPR)
    Destination Clock Delay (DCD):    5.015ns = ( 15.015 - 10.000 ) 
    Source Clock Delay      (SCD):    5.283ns
    Clock Pessimism Removal (CPR):    0.259ns
  Clock Uncertainty:      0.035ns  ((TSJ^2 + TIJ^2)^1/2 + DJ) / 2 + PE
    Total System Jitter     (TSJ):    0.071ns
    Total Input Jitter      (TIJ):    0.000ns
    Discrete Jitter          (DJ):    0.000ns
    Phase Error              (PE):    0.000ns

    Location             Delay type                Incr(ns)  Path(ns)    Netlist Resource(s)
  -------------------------------------------------------------------    -------------------
                         (clock ClkPort rise edge)    0.000     0.000 r  
    E3                                                0.000     0.000 r  ClkPort (IN)
                         net (fo=0)                   0.000     0.000    ClkPort
    E3                   IBUF (Prop_ibuf_I_O)         1.482     1.482 r  ClkPort_IBUF_inst/O
                         net (fo=1, routed)           2.025     3.506    ClkPort_IBUF
    BUFGCTRL_X0Y16       BUFG (Prop_bufg_I_O)         0.096     3.602 r  ClkPort_IBUF_BUFG_inst/O
                         net (fo=157, routed)         1.681     5.283    program_rom/ClkPort_IBUF_BUFG
    RAMB18_X0Y32         RAMB18E1                                     r  program_rom/ram_1k_generate.akv7.kcpsm6_rom/CLKARDCLK
  -------------------------------------------------------------------    -------------------
    RAMB18_X0Y32         RAMB18E1 (Prop_ramb18e1_CLKARDCLK_DOADO[4])
                                                      2.454     7.737 r  program_rom/ram_1k_generate.akv7.kcpsm6_rom/DOADO[4]
                         net (fo=14, routed)          1.188     8.925    processor/lower_reg_banks/ADDRA0
    SLICE_X8Y81          RAMD32 (Prop_ramd32_RADR0_O)
                                                      0.150     9.075 r  processor/lower_reg_banks/RAMA/O
                         net (fo=3, routed)           0.994    10.068    processor/data_path_loop[0].output_data.sy_kk_mux_lut/I0
    SLICE_X11Y79         LUT5 (Prop_lut5_I0_O)        0.356    10.424 r  processor/data_path_loop[0].output_data.sy_kk_mux_lut/LUT5/O
                         net (fo=33, routed)          1.016    11.441    processor/data_path_loop[0].output_data.sy_kk_mux_lut_n_0
    SLICE_X3Y81          LUT4 (Prop_lut4_I0_O)        0.328    11.769 r  processor/data_path_loop[5].alu_mux_lut_i_1/O
                         net (fo=1, routed)           0.445    12.214    processor/data_path_loop[5].alu_mux_lut_i_1_n_0
    SLICE_X5Y79          LUT6 (Prop_lut6_I2_O)        0.327    12.541 r  processor/data_path_loop[5].alu_mux_lut/O
                         net (fo=3, routed)           0.670    13.211    processor/upper_reg_banks/DIA1
    SLICE_X6Y80          RAMD32                                       r  processor/upper_reg_banks/RAMA_D1/I
  -------------------------------------------------------------------    -------------------

                         (clock ClkPort rise edge)   10.000    10.000 r  
    E3                                                0.000    10.000 r  ClkPort (IN)
                         net (fo=0)                   0.000    10.000    ClkPort
    E3                   IBUF (Prop_ibuf_I_O)         1.411    11.411 r  ClkPort_IBUF_inst/O
                         net (fo=1, routed)           1.920    13.331    ClkPort_IBUF
    BUFGCTRL_X0Y16       BUFG (Prop_bufg_I_O)         0.091    13.422 r  ClkPort_IBUF_BUFG_inst/O
                         net (fo=157, routed)         1.592    15.015    processor/upper_reg_banks/WCLK
    SLICE_X6Y80          RAMD32                                       r  processor/upper_reg_banks/RAMA_D1/CLK
                         clock pessimism              0.259    15.274    
                         clock uncertainty           -0.035    15.238    
    SLICE_X6Y80          RAMD32 (Setup_ramd32_CLK_I)
                                                     -0.258    14.980    processor/upper_reg_banks/RAMA_D1
  -------------------------------------------------------------------
                         required time                         14.980    
                         arrival time                         -13.211    
  -------------------------------------------------------------------
                         slack                                  1.769    

Slack (MET) :             1.801ns  (required time - arrival time)
  Source:                 program_rom/ram_1k_generate.akv7.kcpsm6_rom/CLKARDCLK
                            (rising edge-triggered cell RAMB18E1 clocked by ClkPort  {rise@0.000ns fall@5.000ns period=10.000ns})
  Destination:            processor/lower_reg_banks/RAMC/I
                            (rising edge-triggered cell RAMD32 clocked by ClkPort  {rise@0.000ns fall@5.000ns period=10.000ns})
  Path Group:             ClkPort
  Path Type:              Setup (Max at Slow Process Corner)
  Requirement:            10.000ns  (ClkPort rise@10.000ns - ClkPort rise@0.000ns)
  Data Path Delay:        7.856ns  (logic 3.633ns (46.245%)  route 4.223ns (53.755%))
  Logic Levels:           4  (LUT4=1 LUT5=1 LUT6=1 RAMD32=1)
  Clock Path Skew:        -0.069ns (DCD - SCD + CPR)
    Destination Clock Delay (DCD):    4.937ns = ( 14.937 - 10.000 ) 
    Source Clock Delay      (SCD):    5.283ns
    Clock Pessimism Removal (CPR):    0.277ns
  Clock Uncertainty:      0.035ns  ((TSJ^2 + TIJ^2)^1/2 + DJ) / 2 + PE
    Total System Jitter     (TSJ):    0.071ns
    Total Input Jitter      (TIJ):    0.000ns
    Discrete Jitter          (DJ):    0.000ns
    Phase Error              (PE):    0.000ns

    Location             Delay type                Incr(ns)  Path(ns)    Netlist Resource(s)
  -------------------------------------------------------------------    -------------------
                         (clock ClkPort rise edge)    0.000     0.000 r  
    E3                                                0.000     0.000 r  ClkPort (IN)
                         net (fo=0)                   0.000     0.000    ClkPort
    E3                   IBUF (Prop_ibuf_I_O)         1.482     1.482 r  ClkPort_IBUF_inst/O
                         net (fo=1, routed)           2.025     3.506    ClkPort_IBUF
    BUFGCTRL_X0Y16       BUFG (Prop_bufg_I_O)         0.096     3.602 r  ClkPort_IBUF_BUFG_inst/O
                         net (fo=157, routed)         1.681     5.283    program_rom/ClkPort_IBUF_BUFG
    RAMB18_X0Y32         RAMB18E1                                     r  program_rom/ram_1k_generate.akv7.kcpsm6_rom/CLKARDCLK
  -------------------------------------------------------------------    -------------------
    RAMB18_X0Y32         RAMB18E1 (Prop_ramb18e1_CLKARDCLK_DOADO[4])
                                                      2.454     7.737 r  program_rom/ram_1k_generate.akv7.kcpsm6_rom/DOADO[4]
                         net (fo=14, routed)          1.188     8.925    processor/lower_reg_banks/ADDRA0
    SLICE_X8Y81          RAMD32 (Prop_ramd32_RADR0_O)
                                                      0.150     9.075 r  processor/lower_reg_banks/RAMA/O
                         net (fo=3, routed)           0.994    10.068    processor/data_path_loop[0].output_data.sy_kk_mux_lut/I0
    SLICE_X11Y79         LUT5 (Prop_lut5_I0_O)        0.356    10.424 r  processor/data_path_loop[0].output_data.sy_kk_mux_lut/LUT5/O
                         net (fo=33, routed)          0.911    11.335    processor/data_path_loop[0].output_data.sy_kk_mux_lut_n_0
    SLICE_X2Y81          LUT4 (Prop_lut4_I0_O)        0.325    11.660 r  processor/data_path_loop[2].alu_mux_lut_i_1/O
                         net (fo=1, routed)           0.411    12.072    processor/data_path_loop[2].alu_mux_lut_i_1_n_0
    SLICE_X7Y81          LUT6 (Prop_lut6_I2_O)        0.348    12.420 r  processor/data_path_loop[2].alu_mux_lut/O
                         net (fo=3, routed)           0.720    13.139    processor/lower_reg_banks/DIC0
    SLICE_X8Y81          RAMD32                                       r  processor/lower_reg_banks/RAMC/I
  -------------------------------------------------------------------    -------------------

                         (clock ClkPort rise edge)   10.000    10.000 r  
    E3                                                0.000    10.000 r  ClkPort (IN)
                         net (fo=0)                   0.000    10.000    ClkPort
    E3                   IBUF (Prop_ibuf_I_O)         1.411    11.411 r  ClkPort_IBUF_inst/O
                         net (fo=1, routed)           1.920    13.331    ClkPort_IBUF
    BUFGCTRL_X0Y16       BUFG (Prop_bufg_I_O)         0.091    13.422 r  ClkPort_IBUF_BUFG_inst/O
                         net (fo=157, routed)         1.514    14.937    processor/lower_reg_banks/WCLK
    SLICE_X8Y81          RAMD32                                       r  processor/lower_reg_banks/RAMC/CLK
                         clock pessimism              0.277    15.214    
                         clock uncertainty           -0.035    15.178    
    SLICE_X8Y81          RAMD32 (Setup_ramd32_CLK_I)
                                                     -0.238    14.940    processor/lower_reg_banks/RAMC
  -------------------------------------------------------------------
                         required time                         14.940    
                         arrival time                         -13.139    
  -------------------------------------------------------------------
                         slack                                  1.801    

Slack (MET) :             1.830ns  (required time - arrival time)
  Source:                 program_rom/ram_1k_generate.akv7.kcpsm6_rom/CLKARDCLK
                            (rising edge-triggered cell RAMB18E1 clocked by ClkPort  {rise@0.000ns fall@5.000ns period=10.000ns})
  Destination:            processor/internal_reset_flop/D
                            (rising edge-triggered cell FDRE clocked by ClkPort  {rise@0.000ns fall@5.000ns period=10.000ns})
  Path Group:             ClkPort
  Path Type:              Setup (Max at Slow Process Corner)
  Requirement:            10.000ns  (ClkPort rise@10.000ns - ClkPort rise@0.000ns)
  Data Path Delay:        8.099ns  (logic 4.059ns (50.119%)  route 4.040ns (49.881%))
  Logic Levels:           6  (CARRY4=2 LUT5=2 LUT6=2)
  Clock Path Skew:        -0.066ns (DCD - SCD + CPR)
    Destination Clock Delay (DCD):    4.940ns = ( 14.940 - 10.000 ) 
    Source Clock Delay      (SCD):    5.283ns
    Clock Pessimism Removal (CPR):    0.277ns
  Clock Uncertainty:      0.035ns  ((TSJ^2 + TIJ^2)^1/2 + DJ) / 2 + PE
    Total System Jitter     (TSJ):    0.071ns
    Total Input Jitter      (TIJ):    0.000ns
    Discrete Jitter          (DJ):    0.000ns
    Phase Error              (PE):    0.000ns

    Location             Delay type                Incr(ns)  Path(ns)    Netlist Resource(s)
  -------------------------------------------------------------------    -------------------
                         (clock ClkPort rise edge)    0.000     0.000 r  
    E3                                                0.000     0.000 r  ClkPort (IN)
                         net (fo=0)                   0.000     0.000    ClkPort
    E3                   IBUF (Prop_ibuf_I_O)         1.482     1.482 r  ClkPort_IBUF_inst/O
                         net (fo=1, routed)           2.025     3.506    ClkPort_IBUF
    BUFGCTRL_X0Y16       BUFG (Prop_bufg_I_O)         0.096     3.602 r  ClkPort_IBUF_BUFG_inst/O
                         net (fo=157, routed)         1.681     5.283    program_rom/ClkPort_IBUF_BUFG
    RAMB18_X0Y32         RAMB18E1                                     r  program_rom/ram_1k_generate.akv7.kcpsm6_rom/CLKARDCLK
  -------------------------------------------------------------------    -------------------
    RAMB18_X0Y32         RAMB18E1 (Prop_ramb18e1_CLKARDCLK_DOADO[12])
                                                      2.454     7.737 r  program_rom/ram_1k_generate.akv7.kcpsm6_rom/DOADO[12]
                         net (fo=30, routed)          1.714     9.451    processor/move_type_lut/I0
    SLICE_X8Y83          LUT6 (Prop_lut6_I0_O)        0.124     9.575 f  processor/move_type_lut/LUT6/O
                         net (fo=4, routed)           0.810    10.385    processor/push_pop_lut/I2
    SLICE_X8Y83          LUT5 (Prop_lut5_I2_O)        0.153    10.538 f  processor/push_pop_lut/LUT5/O
                         net (fo=5, routed)           0.715    11.254    processor/pop_stack
    SLICE_X10Y82         LUT5 (Prop_lut5_I1_O)        0.331    11.585 r  processor/stack_loop[3].upper_stack.stack_pointer_lut/O
                         net (fo=1, routed)           0.000    11.585    processor/half_pointer_value_3
    SLICE_X10Y82         CARRY4 (Prop_carry4_S[3]_CO[3])
                                                      0.376    11.961 r  processor/stack_loop[0].lsb_stack.stack_muxcy_CARRY4/CO[3]
                         net (fo=1, routed)           0.000    11.961    processor/stack_pointer_carry_3
    SLICE_X10Y83         CARRY4 (Prop_carry4_CI_CO[0])
                                                      0.254    12.215 r  processor/stack_loop[4].upper_stack.stack_muxcy_CARRY4/CO[0]
                         net (fo=2, routed)           0.800    13.015    processor/reset_lut/I2
    SLICE_X9Y83          LUT6 (Prop_lut6_I2_O)        0.367    13.382 r  processor/reset_lut/LUT6/O
                         net (fo=1, routed)           0.000    13.382    processor/internal_reset_value
    SLICE_X9Y83          FDRE                                         r  processor/internal_reset_flop/D
  -------------------------------------------------------------------    -------------------

                         (clock ClkPort rise edge)   10.000    10.000 r  
    E3                                                0.000    10.000 r  ClkPort (IN)
                         net (fo=0)                   0.000    10.000    ClkPort
    E3                   IBUF (Prop_ibuf_I_O)         1.411    11.411 r  ClkPort_IBUF_inst/O
                         net (fo=1, routed)           1.920    13.331    ClkPort_IBUF
    BUFGCTRL_X0Y16       BUFG (Prop_bufg_I_O)         0.091    13.422 r  ClkPort_IBUF_BUFG_inst/O
                         net (fo=157, routed)         1.517    14.940    processor/ClkPort_IBUF_BUFG
    SLICE_X9Y83          FDRE                                         r  processor/internal_reset_flop/C
                         clock pessimism              0.277    15.217    
                         clock uncertainty           -0.035    15.181    
    SLICE_X9Y83          FDRE (Setup_fdre_C_D)        0.031    15.212    processor/internal_reset_flop
  -------------------------------------------------------------------
                         required time                         15.212    
                         arrival time                         -13.382    
  -------------------------------------------------------------------
                         slack                                  1.830    

Slack (MET) :             1.846ns  (required time - arrival time)
  Source:                 program_rom/ram_1k_generate.akv7.kcpsm6_rom/CLKARDCLK
                            (rising edge-triggered cell RAMB18E1 clocked by ClkPort  {rise@0.000ns fall@5.000ns period=10.000ns})
  Destination:            processor/run_flop/D
                            (rising edge-triggered cell FDRE clocked by ClkPort  {rise@0.000ns fall@5.000ns period=10.000ns})
  Path Group:             ClkPort
  Path Type:              Setup (Max at Slow Process Corner)
  Requirement:            10.000ns  (ClkPort rise@10.000ns - ClkPort rise@0.000ns)
  Data Path Delay:        8.127ns  (logic 4.087ns (50.291%)  route 4.040ns (49.709%))
  Logic Levels:           6  (CARRY4=2 LUT5=3 LUT6=1)
  Clock Path Skew:        -0.066ns (DCD - SCD + CPR)
    Destination Clock Delay (DCD):    4.940ns = ( 14.940 - 10.000 ) 
    Source Clock Delay      (SCD):    5.283ns
    Clock Pessimism Removal (CPR):    0.277ns
  Clock Uncertainty:      0.035ns  ((TSJ^2 + TIJ^2)^1/2 + DJ) / 2 + PE
    Total System Jitter     (TSJ):    0.071ns
    Total Input Jitter      (TIJ):    0.000ns
    Discrete Jitter          (DJ):    0.000ns
    Phase Error              (PE):    0.000ns

    Location             Delay type                Incr(ns)  Path(ns)    Netlist Resource(s)
  -------------------------------------------------------------------    -------------------
                         (clock ClkPort rise edge)    0.000     0.000 r  
    E3                                                0.000     0.000 r  ClkPort (IN)
                         net (fo=0)                   0.000     0.000    ClkPort
    E3                   IBUF (Prop_ibuf_I_O)         1.482     1.482 r  ClkPort_IBUF_inst/O
                         net (fo=1, routed)           2.025     3.506    ClkPort_IBUF
    BUFGCTRL_X0Y16       BUFG (Prop_bufg_I_O)         0.096     3.602 r  ClkPort_IBUF_BUFG_inst/O
                         net (fo=157, routed)         1.681     5.283    program_rom/ClkPort_IBUF_BUFG
    RAMB18_X0Y32         RAMB18E1                                     r  program_rom/ram_1k_generate.akv7.kcpsm6_rom/CLKARDCLK
  -------------------------------------------------------------------    -------------------
    RAMB18_X0Y32         RAMB18E1 (Prop_ramb18e1_CLKARDCLK_DOADO[12])
                                                      2.454     7.737 r  program_rom/ram_1k_generate.akv7.kcpsm6_rom/DOADO[12]
                         net (fo=30, routed)          1.714     9.451    processor/move_type_lut/I0
    SLICE_X8Y83          LUT6 (Prop_lut6_I0_O)        0.124     9.575 f  processor/move_type_lut/LUT6/O
                         net (fo=4, routed)           0.810    10.385    processor/push_pop_lut/I2
    SLICE_X8Y83          LUT5 (Prop_lut5_I2_O)        0.153    10.538 f  processor/push_pop_lut/LUT5/O
                         net (fo=5, routed)           0.715    11.254    processor/pop_stack
    SLICE_X10Y82         LUT5 (Prop_lut5_I1_O)        0.331    11.585 r  processor/stack_loop[3].upper_stack.stack_pointer_lut/O
                         net (fo=1, routed)           0.000    11.585    processor/half_pointer_value_3
    SLICE_X10Y82         CARRY4 (Prop_carry4_S[3]_CO[3])
                                                      0.376    11.961 r  processor/stack_loop[0].lsb_stack.stack_muxcy_CARRY4/CO[3]
                         net (fo=1, routed)           0.000    11.961    processor/stack_pointer_carry_3
    SLICE_X10Y83         CARRY4 (Prop_carry4_CI_CO[0])
                                                      0.254    12.215 f  processor/stack_loop[4].upper_stack.stack_muxcy_CARRY4/CO[0]
                         net (fo=2, routed)           0.800    13.015    processor/reset_lut/I2
    SLICE_X9Y83          LUT5 (Prop_lut5_I2_O)        0.395    13.410 r  processor/reset_lut/LUT5/O
                         net (fo=1, routed)           0.000    13.410    processor/run_value
    SLICE_X9Y83          FDRE                                         r  processor/run_flop/D
  -------------------------------------------------------------------    -------------------

                         (clock ClkPort rise edge)   10.000    10.000 r  
    E3                                                0.000    10.000 r  ClkPort (IN)
                         net (fo=0)                   0.000    10.000    ClkPort
    E3                   IBUF (Prop_ibuf_I_O)         1.411    11.411 r  ClkPort_IBUF_inst/O
                         net (fo=1, routed)           1.920    13.331    ClkPort_IBUF
    BUFGCTRL_X0Y16       BUFG (Prop_bufg_I_O)         0.091    13.422 r  ClkPort_IBUF_BUFG_inst/O
                         net (fo=157, routed)         1.517    14.940    processor/ClkPort_IBUF_BUFG
    SLICE_X9Y83          FDRE                                         r  processor/run_flop/C
                         clock pessimism              0.277    15.217    
                         clock uncertainty           -0.035    15.181    
    SLICE_X9Y83          FDRE (Setup_fdre_C_D)        0.075    15.256    processor/run_flop
  -------------------------------------------------------------------
                         required time                         15.256    
                         arrival time                         -13.410    
  -------------------------------------------------------------------
                         slack                                  1.846    

Slack (MET) :             1.921ns  (required time - arrival time)
  Source:                 program_rom/ram_1k_generate.akv7.kcpsm6_rom/CLKARDCLK
                            (rising edge-triggered cell RAMB18E1 clocked by ClkPort  {rise@0.000ns fall@5.000ns period=10.000ns})
  Destination:            processor/lower_reg_banks/RAMC_D1/I
                            (rising edge-triggered cell RAMD32 clocked by ClkPort  {rise@0.000ns fall@5.000ns period=10.000ns})
  Path Group:             ClkPort
  Path Type:              Setup (Max at Slow Process Corner)
  Requirement:            10.000ns  (ClkPort rise@10.000ns - ClkPort rise@0.000ns)
  Data Path Delay:        7.725ns  (logic 3.612ns (46.759%)  route 4.113ns (53.241%))
  Logic Levels:           4  (LUT4=1 LUT5=1 LUT6=1 RAMD32=1)
  Clock Path Skew:        -0.069ns (DCD - SCD + CPR)
    Destination Clock Delay (DCD):    4.937ns = ( 14.937 - 10.000 ) 
    Source Clock Delay      (SCD):    5.283ns
    Clock Pessimism Removal (CPR):    0.277ns
  Clock Uncertainty:      0.035ns  ((TSJ^2 + TIJ^2)^1/2 + DJ) / 2 + PE
    Total System Jitter     (TSJ):    0.071ns
    Total Input Jitter      (TIJ):    0.000ns
    Discrete Jitter          (DJ):    0.000ns
    Phase Error              (PE):    0.000ns

    Location             Delay type                Incr(ns)  Path(ns)    Netlist Resource(s)
  -------------------------------------------------------------------    -------------------
                         (clock ClkPort rise edge)    0.000     0.000 r  
    E3                                                0.000     0.000 r  ClkPort (IN)
                         net (fo=0)                   0.000     0.000    ClkPort
    E3                   IBUF (Prop_ibuf_I_O)         1.482     1.482 r  ClkPort_IBUF_inst/O
                         net (fo=1, routed)           2.025     3.506    ClkPort_IBUF
    BUFGCTRL_X0Y16       BUFG (Prop_bufg_I_O)         0.096     3.602 r  ClkPort_IBUF_BUFG_inst/O
                         net (fo=157, routed)         1.681     5.283    program_rom/ClkPort_IBUF_BUFG
    RAMB18_X0Y32         RAMB18E1                                     r  program_rom/ram_1k_generate.akv7.kcpsm6_rom/CLKARDCLK
  -------------------------------------------------------------------    -------------------
    RAMB18_X0Y32         RAMB18E1 (Prop_ramb18e1_CLKARDCLK_DOADO[4])
                                                      2.454     7.737 r  program_rom/ram_1k_generate.akv7.kcpsm6_rom/DOADO[4]
                         net (fo=14, routed)          1.188     8.925    processor/lower_reg_banks/ADDRA0
    SLICE_X8Y81          RAMD32 (Prop_ramd32_RADR0_O)
                                                      0.150     9.075 r  processor/lower_reg_banks/RAMA/O
                         net (fo=3, routed)           0.994    10.068    processor/data_path_loop[0].output_data.sy_kk_mux_lut/I0
    SLICE_X11Y79         LUT5 (Prop_lut5_I0_O)        0.356    10.424 r  processor/data_path_loop[0].output_data.sy_kk_mux_lut/LUT5/O
                         net (fo=33, routed)          0.900    11.324    processor/data_path_loop[0].output_data.sy_kk_mux_lut_n_0
    SLICE_X2Y81          LUT4 (Prop_lut4_I0_O)        0.324    11.648 r  processor/data_path_loop[3].alu_mux_lut_i_1/O
                         net (fo=1, routed)           0.444    12.093    processor/data_path_loop[3].alu_mux_lut_i_1_n_0
    SLICE_X5Y80          LUT6 (Prop_lut6_I2_O)        0.328    12.421 r  processor/data_path_loop[3].alu_mux_lut/O
                         net (fo=3, routed)           0.587    13.008    processor/lower_reg_banks/DIC1
    SLICE_X8Y81          RAMD32                                       r  processor/lower_reg_banks/RAMC_D1/I
  -------------------------------------------------------------------    -------------------

                         (clock ClkPort rise edge)   10.000    10.000 r  
    E3                                                0.000    10.000 r  ClkPort (IN)
                         net (fo=0)                   0.000    10.000    ClkPort
    E3                   IBUF (Prop_ibuf_I_O)         1.411    11.411 r  ClkPort_IBUF_inst/O
                         net (fo=1, routed)           1.920    13.331    ClkPort_IBUF
    BUFGCTRL_X0Y16       BUFG (Prop_bufg_I_O)         0.091    13.422 r  ClkPort_IBUF_BUFG_inst/O
                         net (fo=157, routed)         1.514    14.937    processor/lower_reg_banks/WCLK
    SLICE_X8Y81          RAMD32                                       r  processor/lower_reg_banks/RAMC_D1/CLK
                         clock pessimism              0.277    15.214    
                         clock uncertainty           -0.035    15.178    
    SLICE_X8Y81          RAMD32 (Setup_ramd32_CLK_I)
                                                     -0.249    14.929    processor/lower_reg_banks/RAMC_D1
  -------------------------------------------------------------------
                         required time                         14.929    
                         arrival time                         -13.008    
  -------------------------------------------------------------------
                         slack                                  1.921    

Slack (MET) :             1.962ns  (required time - arrival time)
  Source:                 program_rom/ram_1k_generate.akv7.kcpsm6_rom/CLKARDCLK
                            (rising edge-triggered cell RAMB18E1 clocked by ClkPort  {rise@0.000ns fall@5.000ns period=10.000ns})
  Destination:            processor/lower_reg_banks/RAMD_D1/I
                            (rising edge-triggered cell RAMS32 clocked by ClkPort  {rise@0.000ns fall@5.000ns period=10.000ns})
  Path Group:             ClkPort
  Path Type:              Setup (Max at Slow Process Corner)
  Requirement:            10.000ns  (ClkPort rise@10.000ns - ClkPort rise@0.000ns)
  Data Path Delay:        7.725ns  (logic 3.612ns (46.759%)  route 4.113ns (53.241%))
  Logic Levels:           4  (LUT4=1 LUT5=1 LUT6=1 RAMD32=1)
  Clock Path Skew:        -0.069ns (DCD - SCD + CPR)
    Destination Clock Delay (DCD):    4.937ns = ( 14.937 - 10.000 ) 
    Source Clock Delay      (SCD):    5.283ns
    Clock Pessimism Removal (CPR):    0.277ns
  Clock Uncertainty:      0.035ns  ((TSJ^2 + TIJ^2)^1/2 + DJ) / 2 + PE
    Total System Jitter     (TSJ):    0.071ns
    Total Input Jitter      (TIJ):    0.000ns
    Discrete Jitter          (DJ):    0.000ns
    Phase Error              (PE):    0.000ns

    Location             Delay type                Incr(ns)  Path(ns)    Netlist Resource(s)
  -------------------------------------------------------------------    -------------------
                         (clock ClkPort rise edge)    0.000     0.000 r  
    E3                                                0.000     0.000 r  ClkPort (IN)
                         net (fo=0)                   0.000     0.000    ClkPort
    E3                   IBUF (Prop_ibuf_I_O)         1.482     1.482 r  ClkPort_IBUF_inst/O
                         net (fo=1, routed)           2.025     3.506    ClkPort_IBUF
    BUFGCTRL_X0Y16       BUFG (Prop_bufg_I_O)         0.096     3.602 r  ClkPort_IBUF_BUFG_inst/O
                         net (fo=157, routed)         1.681     5.283    program_rom/ClkPort_IBUF_BUFG
    RAMB18_X0Y32         RAMB18E1                                     r  program_rom/ram_1k_generate.akv7.kcpsm6_rom/CLKARDCLK
  -------------------------------------------------------------------    -------------------
    RAMB18_X0Y32         RAMB18E1 (Prop_ramb18e1_CLKARDCLK_DOADO[4])
                                                      2.454     7.737 r  program_rom/ram_1k_generate.akv7.kcpsm6_rom/DOADO[4]
                         net (fo=14, routed)          1.188     8.925    processor/lower_reg_banks/ADDRA0
    SLICE_X8Y81          RAMD32 (Prop_ramd32_RADR0_O)
                                                      0.150     9.075 r  processor/lower_reg_banks/RAMA/O
                         net (fo=3, routed)           0.994    10.068    processor/data_path_loop[0].output_data.sy_kk_mux_lut/I0
    SLICE_X11Y79         LUT5 (Prop_lut5_I0_O)        0.356    10.424 r  processor/data_path_loop[0].output_data.sy_kk_mux_lut/LUT5/O
                         net (fo=33, routed)          0.900    11.324    processor/data_path_loop[0].output_data.sy_kk_mux_lut_n_0
    SLICE_X2Y81          LUT4 (Prop_lut4_I0_O)        0.324    11.648 r  processor/data_path_loop[3].alu_mux_lut_i_1/O
                         net (fo=1, routed)           0.444    12.093    processor/data_path_loop[3].alu_mux_lut_i_1_n_0
    SLICE_X5Y80          LUT6 (Prop_lut6_I2_O)        0.328    12.421 r  processor/data_path_loop[3].alu_mux_lut/O
                         net (fo=3, routed)           0.587    13.008    processor/lower_reg_banks/DID1
    SLICE_X8Y81          RAMS32                                       r  processor/lower_reg_banks/RAMD_D1/I
  -------------------------------------------------------------------    -------------------

                         (clock ClkPort rise edge)   10.000    10.000 r  
    E3                                                0.000    10.000 r  ClkPort (IN)
                         net (fo=0)                   0.000    10.000    ClkPort
    E3                   IBUF (Prop_ibuf_I_O)         1.411    11.411 r  ClkPort_IBUF_inst/O
                         net (fo=1, routed)           1.920    13.331    ClkPort_IBUF
    BUFGCTRL_X0Y16       BUFG (Prop_bufg_I_O)         0.091    13.422 r  ClkPort_IBUF_BUFG_inst/O
                         net (fo=157, routed)         1.514    14.937    processor/lower_reg_banks/WCLK
    SLICE_X8Y81          RAMS32                                       r  processor/lower_reg_banks/RAMD_D1/CLK
                         clock pessimism              0.277    15.214    
                         clock uncertainty           -0.035    15.178    
    SLICE_X8Y81          RAMS32 (Setup_rams32_CLK_I)
                                                     -0.208    14.970    processor/lower_reg_banks/RAMD_D1
  -------------------------------------------------------------------
                         required time                         14.970    
                         arrival time                         -13.008    
  -------------------------------------------------------------------
                         slack                                  1.962    

Slack (MET) :             1.982ns  (required time - arrival time)
  Source:                 program_rom/ram_1k_generate.akv7.kcpsm6_rom/CLKARDCLK
                            (rising edge-triggered cell RAMB18E1 clocked by ClkPort  {rise@0.000ns fall@5.000ns period=10.000ns})
  Destination:            processor/upper_reg_banks/RAMB_D1/I
                            (rising edge-triggered cell RAMD32 clocked by ClkPort  {rise@0.000ns fall@5.000ns period=10.000ns})
  Path Group:             ClkPort
  Path Type:              Setup (Max at Slow Process Corner)
  Requirement:            10.000ns  (ClkPort rise@10.000ns - ClkPort rise@0.000ns)
  Data Path Delay:        7.745ns  (logic 3.615ns (46.673%)  route 4.130ns (53.327%))
  Logic Levels:           4  (LUT4=1 LUT5=1 LUT6=1 RAMD32=1)
  Clock Path Skew:        -0.009ns (DCD - SCD + CPR)
    Destination Clock Delay (DCD):    5.015ns = ( 15.015 - 10.000 ) 
    Source Clock Delay      (SCD):    5.283ns
    Clock Pessimism Removal (CPR):    0.259ns
  Clock Uncertainty:      0.035ns  ((TSJ^2 + TIJ^2)^1/2 + DJ) / 2 + PE
    Total System Jitter     (TSJ):    0.071ns
    Total Input Jitter      (TIJ):    0.000ns
    Discrete Jitter          (DJ):    0.000ns
    Phase Error              (PE):    0.000ns

    Location             Delay type                Incr(ns)  Path(ns)    Netlist Resource(s)
  -------------------------------------------------------------------    -------------------
                         (clock ClkPort rise edge)    0.000     0.000 r  
    E3                                                0.000     0.000 r  ClkPort (IN)
                         net (fo=0)                   0.000     0.000    ClkPort
    E3                   IBUF (Prop_ibuf_I_O)         1.482     1.482 r  ClkPort_IBUF_inst/O
                         net (fo=1, routed)           2.025     3.506    ClkPort_IBUF
    BUFGCTRL_X0Y16       BUFG (Prop_bufg_I_O)         0.096     3.602 r  ClkPort_IBUF_BUFG_inst/O
                         net (fo=157, routed)         1.681     5.283    program_rom/ClkPort_IBUF_BUFG
    RAMB18_X0Y32         RAMB18E1                                     r  program_rom/ram_1k_generate.akv7.kcpsm6_rom/CLKARDCLK
  -------------------------------------------------------------------    -------------------
    RAMB18_X0Y32         RAMB18E1 (Prop_ramb18e1_CLKARDCLK_DOADO[4])
                                                      2.454     7.737 r  program_rom/ram_1k_generate.akv7.kcpsm6_rom/DOADO[4]
                         net (fo=14, routed)          1.188     8.925    processor/lower_reg_banks/ADDRA0
    SLICE_X8Y81          RAMD32 (Prop_ramd32_RADR0_O)
                                                      0.150     9.075 r  processor/lower_reg_banks/RAMA/O
                         net (fo=3, routed)           0.994    10.068    processor/data_path_loop[0].output_data.sy_kk_mux_lut/I0
    SLICE_X11Y79         LUT5 (Prop_lut5_I0_O)        0.356    10.424 r  processor/data_path_loop[0].output_data.sy_kk_mux_lut/LUT5/O
                         net (fo=33, routed)          1.016    11.441    processor/data_path_loop[0].output_data.sy_kk_mux_lut_n_0
    SLICE_X3Y81          LUT4 (Prop_lut4_I0_O)        0.328    11.769 r  processor/data_path_loop[5].alu_mux_lut_i_1/O
                         net (fo=1, routed)           0.445    12.214    processor/data_path_loop[5].alu_mux_lut_i_1_n_0
    SLICE_X5Y79          LUT6 (Prop_lut6_I2_O)        0.327    12.541 r  processor/data_path_loop[5].alu_mux_lut/O
                         net (fo=3, routed)           0.487    13.029    processor/upper_reg_banks/DIB1
    SLICE_X6Y80          RAMD32                                       r  processor/upper_reg_banks/RAMB_D1/I
  -------------------------------------------------------------------    -------------------

                         (clock ClkPort rise edge)   10.000    10.000 r  
    E3                                                0.000    10.000 r  ClkPort (IN)
                         net (fo=0)                   0.000    10.000    ClkPort
    E3                   IBUF (Prop_ibuf_I_O)         1.411    11.411 r  ClkPort_IBUF_inst/O
                         net (fo=1, routed)           1.920    13.331    ClkPort_IBUF
    BUFGCTRL_X0Y16       BUFG (Prop_bufg_I_O)         0.091    13.422 r  ClkPort_IBUF_BUFG_inst/O
                         net (fo=157, routed)         1.592    15.015    processor/upper_reg_banks/WCLK
    SLICE_X6Y80          RAMD32                                       r  processor/upper_reg_banks/RAMB_D1/CLK
                         clock pessimism              0.259    15.274    
                         clock uncertainty           -0.035    15.238    
    SLICE_X6Y80          RAMD32 (Setup_ramd32_CLK_I)
                                                     -0.228    15.010    processor/upper_reg_banks/RAMB_D1
  -------------------------------------------------------------------
                         required time                         15.010    
                         arrival time                         -13.029    
  -------------------------------------------------------------------
                         slack                                  1.982    

Slack (MET) :             2.015ns  (required time - arrival time)
  Source:                 program_rom/ram_1k_generate.akv7.kcpsm6_rom/CLKARDCLK
                            (rising edge-triggered cell RAMB18E1 clocked by ClkPort  {rise@0.000ns fall@5.000ns period=10.000ns})
  Destination:            processor/upper_reg_banks/RAMC_D1/I
                            (rising edge-triggered cell RAMD32 clocked by ClkPort  {rise@0.000ns fall@5.000ns period=10.000ns})
  Path Group:             ClkPort
  Path Type:              Setup (Max at Slow Process Corner)
  Requirement:            10.000ns  (ClkPort rise@10.000ns - ClkPort rise@0.000ns)
  Data Path Delay:        7.691ns  (logic 3.416ns (44.416%)  route 4.275ns (55.584%))
  Logic Levels:           4  (LUT4=1 LUT5=1 LUT6=1 RAMD32=1)
  Clock Path Skew:        -0.009ns (DCD - SCD + CPR)
    Destination Clock Delay (DCD):    5.015ns = ( 15.015 - 10.000 ) 
    Source Clock Delay      (SCD):    5.283ns
    Clock Pessimism Removal (CPR):    0.259ns
  Clock Uncertainty:      0.035ns  ((TSJ^2 + TIJ^2)^1/2 + DJ) / 2 + PE
    Total System Jitter     (TSJ):    0.071ns
    Total Input Jitter      (TIJ):    0.000ns
    Discrete Jitter          (DJ):    0.000ns
    Phase Error              (PE):    0.000ns

    Location             Delay type                Incr(ns)  Path(ns)    Netlist Resource(s)
  -------------------------------------------------------------------    -------------------
                         (clock ClkPort rise edge)    0.000     0.000 r  
    E3                                                0.000     0.000 r  ClkPort (IN)
                         net (fo=0)                   0.000     0.000    ClkPort
    E3                   IBUF (Prop_ibuf_I_O)         1.482     1.482 r  ClkPort_IBUF_inst/O
                         net (fo=1, routed)           2.025     3.506    ClkPort_IBUF
    BUFGCTRL_X0Y16       BUFG (Prop_bufg_I_O)         0.096     3.602 r  ClkPort_IBUF_BUFG_inst/O
                         net (fo=157, routed)         1.681     5.283    program_rom/ClkPort_IBUF_BUFG
    RAMB18_X0Y32         RAMB18E1                                     r  program_rom/ram_1k_generate.akv7.kcpsm6_rom/CLKARDCLK
  -------------------------------------------------------------------    -------------------
    RAMB18_X0Y32         RAMB18E1 (Prop_ramb18e1_CLKARDCLK_DOADO[4])
                                                      2.454     7.737 r  program_rom/ram_1k_generate.akv7.kcpsm6_rom/DOADO[4]
                         net (fo=14, routed)          1.188     8.925    processor/lower_reg_banks/ADDRA0
    SLICE_X8Y81          RAMD32 (Prop_ramd32_RADR0_O)
                                                      0.150     9.075 r  processor/lower_reg_banks/RAMA/O
                         net (fo=3, routed)           0.994    10.068    processor/data_path_loop[0].output_data.sy_kk_mux_lut/I0
    SLICE_X11Y79         LUT5 (Prop_lut5_I0_O)        0.356    10.424 r  processor/data_path_loop[0].output_data.sy_kk_mux_lut/LUT5/O
                         net (fo=33, routed)          1.004    11.428    processor/data_path_loop[0].output_data.sy_kk_mux_lut_n_0
    SLICE_X2Y80          LUT4 (Prop_lut4_I0_O)        0.332    11.760 r  processor/data_path_loop[7].alu_mux_lut_i_1/O
                         net (fo=1, routed)           0.442    12.202    processor/data_path_loop[7].alu_mux_lut_i_1_n_0
    SLICE_X4Y79          LUT6 (Prop_lut6_I2_O)        0.124    12.326 r  processor/data_path_loop[7].alu_mux_lut/O
                         net (fo=3, routed)           0.649    12.974    processor/upper_reg_banks/DIC1
    SLICE_X6Y80          RAMD32                                       r  processor/upper_reg_banks/RAMC_D1/I
  -------------------------------------------------------------------    -------------------

                         (clock ClkPort rise edge)   10.000    10.000 r  
    E3                                                0.000    10.000 r  ClkPort (IN)
                         net (fo=0)                   0.000    10.000    ClkPort
    E3                   IBUF (Prop_ibuf_I_O)         1.411    11.411 r  ClkPort_IBUF_inst/O
                         net (fo=1, routed)           1.920    13.331    ClkPort_IBUF
    BUFGCTRL_X0Y16       BUFG (Prop_bufg_I_O)         0.091    13.422 r  ClkPort_IBUF_BUFG_inst/O
                         net (fo=157, routed)         1.592    15.015    processor/upper_reg_banks/WCLK
    SLICE_X6Y80          RAMD32                                       r  processor/upper_reg_banks/RAMC_D1/CLK
                         clock pessimism              0.259    15.274    
                         clock uncertainty           -0.035    15.238    
    SLICE_X6Y80          RAMD32 (Setup_ramd32_CLK_I)
                                                     -0.249    14.989    processor/upper_reg_banks/RAMC_D1
  -------------------------------------------------------------------
                         required time                         14.989    
                         arrival time                         -12.974    
  -------------------------------------------------------------------
                         slack                                  2.015    

Slack (MET) :             2.026ns  (required time - arrival time)
  Source:                 program_rom/ram_1k_generate.akv7.kcpsm6_rom/CLKARDCLK
                            (rising edge-triggered cell RAMB18E1 clocked by ClkPort  {rise@0.000ns fall@5.000ns period=10.000ns})
  Destination:            processor/lower_reg_banks/RAMA_D1/I
                            (rising edge-triggered cell RAMD32 clocked by ClkPort  {rise@0.000ns fall@5.000ns period=10.000ns})
  Path Group:             ClkPort
  Path Type:              Setup (Max at Slow Process Corner)
  Requirement:            10.000ns  (ClkPort rise@10.000ns - ClkPort rise@0.000ns)
  Data Path Delay:        7.611ns  (logic 3.416ns (44.882%)  route 4.195ns (55.118%))
  Logic Levels:           4  (LUT5=2 LUT6=1 RAMD32=1)
  Clock Path Skew:        -0.069ns (DCD - SCD + CPR)
    Destination Clock Delay (DCD):    4.937ns = ( 14.937 - 10.000 ) 
    Source Clock Delay      (SCD):    5.283ns
    Clock Pessimism Removal (CPR):    0.277ns
  Clock Uncertainty:      0.035ns  ((TSJ^2 + TIJ^2)^1/2 + DJ) / 2 + PE
    Total System Jitter     (TSJ):    0.071ns
    Total Input Jitter      (TIJ):    0.000ns
    Discrete Jitter          (DJ):    0.000ns
    Phase Error              (PE):    0.000ns

    Location             Delay type                Incr(ns)  Path(ns)    Netlist Resource(s)
  -------------------------------------------------------------------    -------------------
                         (clock ClkPort rise edge)    0.000     0.000 r  
    E3                                                0.000     0.000 r  ClkPort (IN)
                         net (fo=0)                   0.000     0.000    ClkPort
    E3                   IBUF (Prop_ibuf_I_O)         1.482     1.482 r  ClkPort_IBUF_inst/O
                         net (fo=1, routed)           2.025     3.506    ClkPort_IBUF
    BUFGCTRL_X0Y16       BUFG (Prop_bufg_I_O)         0.096     3.602 r  ClkPort_IBUF_BUFG_inst/O
                         net (fo=157, routed)         1.681     5.283    program_rom/ClkPort_IBUF_BUFG
    RAMB18_X0Y32         RAMB18E1                                     r  program_rom/ram_1k_generate.akv7.kcpsm6_rom/CLKARDCLK
  -------------------------------------------------------------------    -------------------
    RAMB18_X0Y32         RAMB18E1 (Prop_ramb18e1_CLKARDCLK_DOADO[4])
                                                      2.454     7.737 r  program_rom/ram_1k_generate.akv7.kcpsm6_rom/DOADO[4]
                         net (fo=14, routed)          1.188     8.925    processor/lower_reg_banks/ADDRA0
    SLICE_X8Y81          RAMD32 (Prop_ramd32_RADR0_O)
                                                      0.150     9.075 r  processor/lower_reg_banks/RAMA/O
                         net (fo=3, routed)           0.994    10.068    processor/data_path_loop[0].output_data.sy_kk_mux_lut/I0
    SLICE_X11Y79         LUT5 (Prop_lut5_I0_O)        0.356    10.424 r  processor/data_path_loop[0].output_data.sy_kk_mux_lut/LUT5/O
                         net (fo=33, routed)          0.870    11.294    processor/data_path_loop[0].output_data.sy_kk_mux_lut_n_0
    SLICE_X2Y81          LUT5 (Prop_lut5_I2_O)        0.332    11.626 r  processor/data_path_loop[1].alu_mux_lut_i_1/O
                         net (fo=1, routed)           0.544    12.170    processor/data_path_loop[1].alu_mux_lut_i_1_n_0
    SLICE_X7Y81          LUT6 (Prop_lut6_I2_O)        0.124    12.294 r  processor/data_path_loop[1].alu_mux_lut/O
                         net (fo=3, routed)           0.600    12.894    processor/lower_reg_banks/DIA1
    SLICE_X8Y81          RAMD32                                       r  processor/lower_reg_banks/RAMA_D1/I
  -------------------------------------------------------------------    -------------------

                         (clock ClkPort rise edge)   10.000    10.000 r  
    E3                                                0.000    10.000 r  ClkPort (IN)
                         net (fo=0)                   0.000    10.000    ClkPort
    E3                   IBUF (Prop_ibuf_I_O)         1.411    11.411 r  ClkPort_IBUF_inst/O
                         net (fo=1, routed)           1.920    13.331    ClkPort_IBUF
    BUFGCTRL_X0Y16       BUFG (Prop_bufg_I_O)         0.091    13.422 r  ClkPort_IBUF_BUFG_inst/O
                         net (fo=157, routed)         1.514    14.937    processor/lower_reg_banks/WCLK
    SLICE_X8Y81          RAMD32                                       r  processor/lower_reg_banks/RAMA_D1/CLK
                         clock pessimism              0.277    15.214    
                         clock uncertainty           -0.035    15.178    
    SLICE_X8Y81          RAMD32 (Setup_ramd32_CLK_I)
                                                     -0.258    14.920    processor/lower_reg_banks/RAMA_D1
  -------------------------------------------------------------------
                         required time                         14.920    
                         arrival time                         -12.894    
  -------------------------------------------------------------------
                         slack                                  2.026    





Min Delay Paths
--------------------------------------------------------------------------------------
Slack (MET) :             0.071ns  (arrival time - required time)
  Source:                 processor/address_loop[8].pc_flop/C
                            (rising edge-triggered cell FDRE clocked by ClkPort  {rise@0.000ns fall@5.000ns period=10.000ns})
  Destination:            program_rom/ram_1k_generate.akv7.kcpsm6_rom/ADDRARDADDR[12]
                            (rising edge-triggered cell RAMB18E1 clocked by ClkPort  {rise@0.000ns fall@5.000ns period=10.000ns})
  Path Group:             ClkPort
  Path Type:              Hold (Min at Fast Process Corner)
  Requirement:            0.000ns  (ClkPort rise@0.000ns - ClkPort rise@0.000ns)
  Data Path Delay:        0.313ns  (logic 0.141ns (45.089%)  route 0.172ns (54.911%))
  Logic Levels:           0  
  Clock Path Skew:        0.058ns (DCD - SCD - CPR)
    Destination Clock Delay (DCD):    2.046ns
    Source Clock Delay      (SCD):    1.487ns
    Clock Pessimism Removal (CPR):    0.500ns

    Location             Delay type                Incr(ns)  Path(ns)    Netlist Resource(s)
  -------------------------------------------------------------------    -------------------
                         (clock ClkPort rise edge)    0.000     0.000 r  
    E3                                                0.000     0.000 r  ClkPort (IN)
                         net (fo=0)                   0.000     0.000    ClkPort
    E3                   IBUF (Prop_ibuf_I_O)         0.250     0.250 r  ClkPort_IBUF_inst/O
                         net (fo=1, routed)           0.644     0.894    ClkPort_IBUF
    BUFGCTRL_X0Y16       BUFG (Prop_bufg_I_O)         0.026     0.920 r  ClkPort_IBUF_BUFG_inst/O
                         net (fo=157, routed)         0.568     1.487    processor/ClkPort_IBUF_BUFG
    SLICE_X9Y81          FDRE                                         r  processor/address_loop[8].pc_flop/C
  -------------------------------------------------------------------    -------------------
    SLICE_X9Y81          FDRE (Prop_fdre_C_Q)         0.141     1.628 r  processor/address_loop[8].pc_flop/Q
                         net (fo=3, routed)           0.172     1.800    program_rom/address[8]
    RAMB18_X0Y32         RAMB18E1                                     r  program_rom/ram_1k_generate.akv7.kcpsm6_rom/ADDRARDADDR[12]
  -------------------------------------------------------------------    -------------------

                         (clock ClkPort rise edge)    0.000     0.000 r  
    E3                                                0.000     0.000 r  ClkPort (IN)
                         net (fo=0)                   0.000     0.000    ClkPort
    E3                   IBUF (Prop_ibuf_I_O)         0.438     0.438 r  ClkPort_IBUF_inst/O
                         net (fo=1, routed)           0.699     1.136    ClkPort_IBUF
    BUFGCTRL_X0Y16       BUFG (Prop_bufg_I_O)         0.029     1.165 r  ClkPort_IBUF_BUFG_inst/O
                         net (fo=157, routed)         0.881     2.046    program_rom/ClkPort_IBUF_BUFG
    RAMB18_X0Y32         RAMB18E1                                     r  program_rom/ram_1k_generate.akv7.kcpsm6_rom/CLKARDCLK
                         clock pessimism             -0.500     1.546    
    RAMB18_X0Y32         RAMB18E1 (Hold_ramb18e1_CLKARDCLK_ADDRARDADDR[12])
                                                      0.183     1.729    program_rom/ram_1k_generate.akv7.kcpsm6_rom
  -------------------------------------------------------------------
                         required time                         -1.729    
                         arrival time                           1.800    
  -------------------------------------------------------------------
                         slack                                  0.071    

Slack (MET) :             0.096ns  (arrival time - required time)
  Source:                 processor/address_loop[4].pc_flop/C
                            (rising edge-triggered cell FDRE clocked by ClkPort  {rise@0.000ns fall@5.000ns period=10.000ns})
  Destination:            processor/stack_ram_high/RAMA/I
                            (rising edge-triggered cell RAMD32 clocked by ClkPort  {rise@0.000ns fall@5.000ns period=10.000ns})
  Path Group:             ClkPort
  Path Type:              Hold (Min at Fast Process Corner)
  Requirement:            0.000ns  (ClkPort rise@0.000ns - ClkPort rise@0.000ns)
  Data Path Delay:        0.279ns  (logic 0.141ns (50.614%)  route 0.138ns (49.386%))
  Logic Levels:           0  
  Clock Path Skew:        0.036ns (DCD - SCD - CPR)
    Destination Clock Delay (DCD):    2.002ns
    Source Clock Delay      (SCD):    1.486ns
    Clock Pessimism Removal (CPR):    0.479ns

    Location             Delay type                Incr(ns)  Path(ns)    Netlist Resource(s)
  -------------------------------------------------------------------    -------------------
                         (clock ClkPort rise edge)    0.000     0.000 r  
    E3                                                0.000     0.000 r  ClkPort (IN)
                         net (fo=0)                   0.000     0.000    ClkPort
    E3                   IBUF (Prop_ibuf_I_O)         0.250     0.250 r  ClkPort_IBUF_inst/O
                         net (fo=1, routed)           0.644     0.894    ClkPort_IBUF
    BUFGCTRL_X0Y16       BUFG (Prop_bufg_I_O)         0.026     0.920 r  ClkPort_IBUF_BUFG_inst/O
                         net (fo=157, routed)         0.567     1.486    processor/ClkPort_IBUF_BUFG
    SLICE_X9Y80          FDRE                                         r  processor/address_loop[4].pc_flop/C
  -------------------------------------------------------------------    -------------------
    SLICE_X9Y80          FDRE (Prop_fdre_C_Q)         0.141     1.627 r  processor/address_loop[4].pc_flop/Q
                         net (fo=3, routed)           0.138     1.765    processor/stack_ram_high/DIA0
    SLICE_X10Y81         RAMD32                                       r  processor/stack_ram_high/RAMA/I
  -------------------------------------------------------------------    -------------------

                         (clock ClkPort rise edge)    0.000     0.000 r  
    E3                                                0.000     0.000 r  ClkPort (IN)
                         net (fo=0)                   0.000     0.000    ClkPort
    E3                   IBUF (Prop_ibuf_I_O)         0.438     0.438 r  ClkPort_IBUF_inst/O
                         net (fo=1, routed)           0.699     1.136    ClkPort_IBUF
    BUFGCTRL_X0Y16       BUFG (Prop_bufg_I_O)         0.029     1.165 r  ClkPort_IBUF_BUFG_inst/O
                         net (fo=157, routed)         0.837     2.002    processor/stack_ram_high/WCLK
    SLICE_X10Y81         RAMD32                                       r  processor/stack_ram_high/RAMA/CLK
                         clock pessimism             -0.479     1.522    
    SLICE_X10Y81         RAMD32 (Hold_ramd32_CLK_I)
                                                      0.147     1.669    processor/stack_ram_high/RAMA
  -------------------------------------------------------------------
                         required time                         -1.669    
                         arrival time                           1.765    
  -------------------------------------------------------------------
                         slack                                  0.096    

Slack (MET) :             0.123ns  (arrival time - required time)
  Source:                 processor/address_loop[5].pc_flop/C
                            (rising edge-triggered cell FDRE clocked by ClkPort  {rise@0.000ns fall@5.000ns period=10.000ns})
  Destination:            processor/stack_ram_high/RAMA_D1/I
                            (rising edge-triggered cell RAMD32 clocked by ClkPort  {rise@0.000ns fall@5.000ns period=10.000ns})
  Path Group:             ClkPort
  Path Type:              Hold (Min at Fast Process Corner)
  Requirement:            0.000ns  (ClkPort rise@0.000ns - ClkPort rise@0.000ns)
  Data Path Delay:        0.279ns  (logic 0.141ns (50.625%)  route 0.138ns (49.375%))
  Logic Levels:           0  
  Clock Path Skew:        0.036ns (DCD - SCD - CPR)
    Destination Clock Delay (DCD):    2.002ns
    Source Clock Delay      (SCD):    1.486ns
    Clock Pessimism Removal (CPR):    0.479ns

    Location             Delay type                Incr(ns)  Path(ns)    Netlist Resource(s)
  -------------------------------------------------------------------    -------------------
                         (clock ClkPort rise edge)    0.000     0.000 r  
    E3                                                0.000     0.000 r  ClkPort (IN)
                         net (fo=0)                   0.000     0.000    ClkPort
    E3                   IBUF (Prop_ibuf_I_O)         0.250     0.250 r  ClkPort_IBUF_inst/O
                         net (fo=1, routed)           0.644     0.894    ClkPort_IBUF
    BUFGCTRL_X0Y16       BUFG (Prop_bufg_I_O)         0.026     0.920 r  ClkPort_IBUF_BUFG_inst/O
                         net (fo=157, routed)         0.567     1.486    processor/ClkPort_IBUF_BUFG
    SLICE_X9Y80          FDRE                                         r  processor/address_loop[5].pc_flop/C
  -------------------------------------------------------------------    -------------------
    SLICE_X9Y80          FDRE (Prop_fdre_C_Q)         0.141     1.627 r  processor/address_loop[5].pc_flop/Q
                         net (fo=3, routed)           0.138     1.765    processor/stack_ram_high/DIA1
    SLICE_X10Y81         RAMD32                                       r  processor/stack_ram_high/RAMA_D1/I
  -------------------------------------------------------------------    -------------------

                         (clock ClkPort rise edge)    0.000     0.000 r  
    E3                                                0.000     0.000 r  ClkPort (IN)
                         net (fo=0)                   0.000     0.000    ClkPort
    E3                   IBUF (Prop_ibuf_I_O)         0.438     0.438 r  ClkPort_IBUF_inst/O
                         net (fo=1, routed)           0.699     1.136    ClkPort_IBUF
    BUFGCTRL_X0Y16       BUFG (Prop_bufg_I_O)         0.029     1.165 r  ClkPort_IBUF_BUFG_inst/O
                         net (fo=157, routed)         0.837     2.002    processor/stack_ram_high/WCLK
    SLICE_X10Y81         RAMD32                                       r  processor/stack_ram_high/RAMA_D1/CLK
                         clock pessimism             -0.479     1.522    
    SLICE_X10Y81         RAMD32 (Hold_ramd32_CLK_I)
                                                      0.120     1.642    processor/stack_ram_high/RAMA_D1
  -------------------------------------------------------------------
                         required time                         -1.642    
                         arrival time                           1.765    
  -------------------------------------------------------------------
                         slack                                  0.123    

Slack (MET) :             0.123ns  (arrival time - required time)
  Source:                 processor/address_loop[3].pc_flop/C
                            (rising edge-triggered cell FDRE clocked by ClkPort  {rise@0.000ns fall@5.000ns period=10.000ns})
  Destination:            processor/stack_ram_low/RAMD_D1/I
                            (rising edge-triggered cell RAMS32 clocked by ClkPort  {rise@0.000ns fall@5.000ns period=10.000ns})
  Path Group:             ClkPort
  Path Type:              Hold (Min at Fast Process Corner)
  Requirement:            0.000ns  (ClkPort rise@0.000ns - ClkPort rise@0.000ns)
  Data Path Delay:        0.280ns  (logic 0.141ns (50.433%)  route 0.139ns (49.567%))
  Logic Levels:           0  
  Clock Path Skew:        0.036ns (DCD - SCD - CPR)
    Destination Clock Delay (DCD):    2.001ns
    Source Clock Delay      (SCD):    1.485ns
    Clock Pessimism Removal (CPR):    0.479ns

    Location             Delay type                Incr(ns)  Path(ns)    Netlist Resource(s)
  -------------------------------------------------------------------    -------------------
                         (clock ClkPort rise edge)    0.000     0.000 r  
    E3                                                0.000     0.000 r  ClkPort (IN)
                         net (fo=0)                   0.000     0.000    ClkPort
    E3                   IBUF (Prop_ibuf_I_O)         0.250     0.250 r  ClkPort_IBUF_inst/O
                         net (fo=1, routed)           0.644     0.894    ClkPort_IBUF
    BUFGCTRL_X0Y16       BUFG (Prop_bufg_I_O)         0.026     0.920 r  ClkPort_IBUF_BUFG_inst/O
                         net (fo=157, routed)         0.566     1.485    processor/ClkPort_IBUF_BUFG
    SLICE_X9Y79          FDRE                                         r  processor/address_loop[3].pc_flop/C
  -------------------------------------------------------------------    -------------------
    SLICE_X9Y79          FDRE (Prop_fdre_C_Q)         0.141     1.626 r  processor/address_loop[3].pc_flop/Q
                         net (fo=3, routed)           0.139     1.765    processor/stack_ram_low/DID1
    SLICE_X10Y80         RAMS32                                       r  processor/stack_ram_low/RAMD_D1/I
  -------------------------------------------------------------------    -------------------

                         (clock ClkPort rise edge)    0.000     0.000 r  
    E3                                                0.000     0.000 r  ClkPort (IN)
                         net (fo=0)                   0.000     0.000    ClkPort
    E3                   IBUF (Prop_ibuf_I_O)         0.438     0.438 r  ClkPort_IBUF_inst/O
                         net (fo=1, routed)           0.699     1.136    ClkPort_IBUF
    BUFGCTRL_X0Y16       BUFG (Prop_bufg_I_O)         0.029     1.165 r  ClkPort_IBUF_BUFG_inst/O
                         net (fo=157, routed)         0.836     2.001    processor/stack_ram_low/WCLK
    SLICE_X10Y80         RAMS32                                       r  processor/stack_ram_low/RAMD_D1/CLK
                         clock pessimism             -0.479     1.521    
    SLICE_X10Y80         RAMS32 (Hold_rams32_CLK_I)
                                                      0.121     1.642    processor/stack_ram_low/RAMD_D1
  -------------------------------------------------------------------
                         required time                         -1.642    
                         arrival time                           1.765    
  -------------------------------------------------------------------
                         slack                                  0.123    

Slack (MET) :             0.125ns  (arrival time - required time)
  Source:                 processor/address_loop[3].pc_flop/C
                            (rising edge-triggered cell FDRE clocked by ClkPort  {rise@0.000ns fall@5.000ns period=10.000ns})
  Destination:            program_rom/ram_1k_generate.akv7.kcpsm6_rom/ADDRARDADDR[7]
                            (rising edge-triggered cell RAMB18E1 clocked by ClkPort  {rise@0.000ns fall@5.000ns period=10.000ns})
  Path Group:             ClkPort
  Path Type:              Hold (Min at Fast Process Corner)
  Requirement:            0.000ns  (ClkPort rise@0.000ns - ClkPort rise@0.000ns)
  Data Path Delay:        0.369ns  (logic 0.141ns (38.245%)  route 0.228ns (61.755%))
  Logic Levels:           0  
  Clock Path Skew:        0.060ns (DCD - SCD - CPR)
    Destination Clock Delay (DCD):    2.046ns
    Source Clock Delay      (SCD):    1.485ns
    Clock Pessimism Removal (CPR):    0.500ns

    Location             Delay type                Incr(ns)  Path(ns)    Netlist Resource(s)
  -------------------------------------------------------------------    -------------------
                         (clock ClkPort rise edge)    0.000     0.000 r  
    E3                                                0.000     0.000 r  ClkPort (IN)
                         net (fo=0)                   0.000     0.000    ClkPort
    E3                   IBUF (Prop_ibuf_I_O)         0.250     0.250 r  ClkPort_IBUF_inst/O
                         net (fo=1, routed)           0.644     0.894    ClkPort_IBUF
    BUFGCTRL_X0Y16       BUFG (Prop_bufg_I_O)         0.026     0.920 r  ClkPort_IBUF_BUFG_inst/O
                         net (fo=157, routed)         0.566     1.485    processor/ClkPort_IBUF_BUFG
    SLICE_X9Y79          FDRE                                         r  processor/address_loop[3].pc_flop/C
  -------------------------------------------------------------------    -------------------
    SLICE_X9Y79          FDRE (Prop_fdre_C_Q)         0.141     1.626 r  processor/address_loop[3].pc_flop/Q
                         net (fo=3, routed)           0.228     1.854    program_rom/address[3]
    RAMB18_X0Y32         RAMB18E1                                     r  program_rom/ram_1k_generate.akv7.kcpsm6_rom/ADDRARDADDR[7]
  -------------------------------------------------------------------    -------------------

                         (clock ClkPort rise edge)    0.000     0.000 r  
    E3                                                0.000     0.000 r  ClkPort (IN)
                         net (fo=0)                   0.000     0.000    ClkPort
    E3                   IBUF (Prop_ibuf_I_O)         0.438     0.438 r  ClkPort_IBUF_inst/O
                         net (fo=1, routed)           0.699     1.136    ClkPort_IBUF
    BUFGCTRL_X0Y16       BUFG (Prop_bufg_I_O)         0.029     1.165 r  ClkPort_IBUF_BUFG_inst/O
                         net (fo=157, routed)         0.881     2.046    program_rom/ClkPort_IBUF_BUFG
    RAMB18_X0Y32         RAMB18E1                                     r  program_rom/ram_1k_generate.akv7.kcpsm6_rom/CLKARDCLK
                         clock pessimism             -0.500     1.546    
    RAMB18_X0Y32         RAMB18E1 (Hold_ramb18e1_CLKARDCLK_ADDRARDADDR[7])
                                                      0.183     1.729    program_rom/ram_1k_generate.akv7.kcpsm6_rom
  -------------------------------------------------------------------
                         required time                         -1.729    
                         arrival time                           1.854    
  -------------------------------------------------------------------
                         slack                                  0.125    

Slack (MET) :             0.131ns  (arrival time - required time)
  Source:                 processor/address_loop[6].pc_flop/C
                            (rising edge-triggered cell FDRE clocked by ClkPort  {rise@0.000ns fall@5.000ns period=10.000ns})
  Destination:            program_rom/ram_1k_generate.akv7.kcpsm6_rom/ADDRARDADDR[10]
                            (rising edge-triggered cell RAMB18E1 clocked by ClkPort  {rise@0.000ns fall@5.000ns period=10.000ns})
  Path Group:             ClkPort
  Path Type:              Hold (Min at Fast Process Corner)
  Requirement:            0.000ns  (ClkPort rise@0.000ns - ClkPort rise@0.000ns)
  Data Path Delay:        0.373ns  (logic 0.141ns (37.754%)  route 0.232ns (62.246%))
  Logic Levels:           0  
  Clock Path Skew:        0.059ns (DCD - SCD - CPR)
    Destination Clock Delay (DCD):    2.046ns
    Source Clock Delay      (SCD):    1.486ns
    Clock Pessimism Removal (CPR):    0.500ns

    Location             Delay type                Incr(ns)  Path(ns)    Netlist Resource(s)
  -------------------------------------------------------------------    -------------------
                         (clock ClkPort rise edge)    0.000     0.000 r  
    E3                                                0.000     0.000 r  ClkPort (IN)
                         net (fo=0)                   0.000     0.000    ClkPort
    E3                   IBUF (Prop_ibuf_I_O)         0.250     0.250 r  ClkPort_IBUF_inst/O
                         net (fo=1, routed)           0.644     0.894    ClkPort_IBUF
    BUFGCTRL_X0Y16       BUFG (Prop_bufg_I_O)         0.026     0.920 r  ClkPort_IBUF_BUFG_inst/O
                         net (fo=157, routed)         0.567     1.486    processor/ClkPort_IBUF_BUFG
    SLICE_X9Y80          FDRE                                         r  processor/address_loop[6].pc_flop/C
  -------------------------------------------------------------------    -------------------
    SLICE_X9Y80          FDRE (Prop_fdre_C_Q)         0.141     1.627 r  processor/address_loop[6].pc_flop/Q
                         net (fo=3, routed)           0.232     1.860    program_rom/address[6]
    RAMB18_X0Y32         RAMB18E1                                     r  program_rom/ram_1k_generate.akv7.kcpsm6_rom/ADDRARDADDR[10]
  -------------------------------------------------------------------    -------------------

                         (clock ClkPort rise edge)    0.000     0.000 r  
    E3                                                0.000     0.000 r  ClkPort (IN)
                         net (fo=0)                   0.000     0.000    ClkPort
    E3                   IBUF (Prop_ibuf_I_O)         0.438     0.438 r  ClkPort_IBUF_inst/O
                         net (fo=1, routed)           0.699     1.136    ClkPort_IBUF
    BUFGCTRL_X0Y16       BUFG (Prop_bufg_I_O)         0.029     1.165 r  ClkPort_IBUF_BUFG_inst/O
                         net (fo=157, routed)         0.881     2.046    program_rom/ClkPort_IBUF_BUFG
    RAMB18_X0Y32         RAMB18E1                                     r  program_rom/ram_1k_generate.akv7.kcpsm6_rom/CLKARDCLK
                         clock pessimism             -0.500     1.546    
    RAMB18_X0Y32         RAMB18E1 (Hold_ramb18e1_CLKARDCLK_ADDRARDADDR[10])
                                                      0.183     1.729    program_rom/ram_1k_generate.akv7.kcpsm6_rom
  -------------------------------------------------------------------
                         required time                         -1.729    
                         arrival time                           1.860    
  -------------------------------------------------------------------
                         slack                                  0.131    

Slack (MET) :             0.132ns  (arrival time - required time)
  Source:                 processor/address_loop[9].pc_flop/C
                            (rising edge-triggered cell FDRE clocked by ClkPort  {rise@0.000ns fall@5.000ns period=10.000ns})
  Destination:            processor/stack_ram_high/RAMC_D1/I
                            (rising edge-triggered cell RAMD32 clocked by ClkPort  {rise@0.000ns fall@5.000ns period=10.000ns})
  Path Group:             ClkPort
  Path Type:              Hold (Min at Fast Process Corner)
  Requirement:            0.000ns  (ClkPort rise@0.000ns - ClkPort rise@0.000ns)
  Data Path Delay:        0.281ns  (logic 0.141ns (50.153%)  route 0.140ns (49.847%))
  Logic Levels:           0  
  Clock Path Skew:        0.035ns (DCD - SCD - CPR)
    Destination Clock Delay (DCD):    2.002ns
    Source Clock Delay      (SCD):    1.487ns
    Clock Pessimism Removal (CPR):    0.479ns

    Location             Delay type                Incr(ns)  Path(ns)    Netlist Resource(s)
  -------------------------------------------------------------------    -------------------
                         (clock ClkPort rise edge)    0.000     0.000 r  
    E3                                                0.000     0.000 r  ClkPort (IN)
                         net (fo=0)                   0.000     0.000    ClkPort
    E3                   IBUF (Prop_ibuf_I_O)         0.250     0.250 r  ClkPort_IBUF_inst/O
                         net (fo=1, routed)           0.644     0.894    ClkPort_IBUF
    BUFGCTRL_X0Y16       BUFG (Prop_bufg_I_O)         0.026     0.920 r  ClkPort_IBUF_BUFG_inst/O
                         net (fo=157, routed)         0.568     1.487    processor/ClkPort_IBUF_BUFG
    SLICE_X9Y81          FDRE                                         r  processor/address_loop[9].pc_flop/C
  -------------------------------------------------------------------    -------------------
    SLICE_X9Y81          FDRE (Prop_fdre_C_Q)         0.141     1.628 r  processor/address_loop[9].pc_flop/Q
                         net (fo=3, routed)           0.140     1.768    processor/stack_ram_high/DIC1
    SLICE_X10Y81         RAMD32                                       r  processor/stack_ram_high/RAMC_D1/I
  -------------------------------------------------------------------    -------------------

                         (clock ClkPort rise edge)    0.000     0.000 r  
    E3                                                0.000     0.000 r  ClkPort (IN)
                         net (fo=0)                   0.000     0.000    ClkPort
    E3                   IBUF (Prop_ibuf_I_O)         0.438     0.438 r  ClkPort_IBUF_inst/O
                         net (fo=1, routed)           0.699     1.136    ClkPort_IBUF
    BUFGCTRL_X0Y16       BUFG (Prop_bufg_I_O)         0.029     1.165 r  ClkPort_IBUF_BUFG_inst/O
                         net (fo=157, routed)         0.837     2.002    processor/stack_ram_high/WCLK
    SLICE_X10Y81         RAMD32                                       r  processor/stack_ram_high/RAMC_D1/CLK
                         clock pessimism             -0.479     1.522    
    SLICE_X10Y81         RAMD32 (Hold_ramd32_CLK_I)
                                                      0.114     1.636    processor/stack_ram_high/RAMC_D1
  -------------------------------------------------------------------
                         required time                         -1.636    
                         arrival time                           1.768    
  -------------------------------------------------------------------
                         slack                                  0.132    

Slack (MET) :             0.132ns  (arrival time - required time)
  Source:                 processor/address_loop[5].pc_flop/C
                            (rising edge-triggered cell FDRE clocked by ClkPort  {rise@0.000ns fall@5.000ns period=10.000ns})
  Destination:            program_rom/ram_1k_generate.akv7.kcpsm6_rom/ADDRARDADDR[9]
                            (rising edge-triggered cell RAMB18E1 clocked by ClkPort  {rise@0.000ns fall@5.000ns period=10.000ns})
  Path Group:             ClkPort
  Path Type:              Hold (Min at Fast Process Corner)
  Requirement:            0.000ns  (ClkPort rise@0.000ns - ClkPort rise@0.000ns)
  Data Path Delay:        0.375ns  (logic 0.141ns (37.636%)  route 0.234ns (62.364%))
  Logic Levels:           0  
  Clock Path Skew:        0.059ns (DCD - SCD - CPR)
    Destination Clock Delay (DCD):    2.046ns
    Source Clock Delay      (SCD):    1.486ns
    Clock Pessimism Removal (CPR):    0.500ns

    Location             Delay type                Incr(ns)  Path(ns)    Netlist Resource(s)
  -------------------------------------------------------------------    -------------------
                         (clock ClkPort rise edge)    0.000     0.000 r  
    E3                                                0.000     0.000 r  ClkPort (IN)
                         net (fo=0)                   0.000     0.000    ClkPort
    E3                   IBUF (Prop_ibuf_I_O)         0.250     0.250 r  ClkPort_IBUF_inst/O
                         net (fo=1, routed)           0.644     0.894    ClkPort_IBUF
    BUFGCTRL_X0Y16       BUFG (Prop_bufg_I_O)         0.026     0.920 r  ClkPort_IBUF_BUFG_inst/O
                         net (fo=157, routed)         0.567     1.486    processor/ClkPort_IBUF_BUFG
    SLICE_X9Y80          FDRE                                         r  processor/address_loop[5].pc_flop/C
  -------------------------------------------------------------------    -------------------
    SLICE_X9Y80          FDRE (Prop_fdre_C_Q)         0.141     1.627 r  processor/address_loop[5].pc_flop/Q
                         net (fo=3, routed)           0.234     1.861    program_rom/address[5]
    RAMB18_X0Y32         RAMB18E1                                     r  program_rom/ram_1k_generate.akv7.kcpsm6_rom/ADDRARDADDR[9]
  -------------------------------------------------------------------    -------------------

                         (clock ClkPort rise edge)    0.000     0.000 r  
    E3                                                0.000     0.000 r  ClkPort (IN)
                         net (fo=0)                   0.000     0.000    ClkPort
    E3                   IBUF (Prop_ibuf_I_O)         0.438     0.438 r  ClkPort_IBUF_inst/O
                         net (fo=1, routed)           0.699     1.136    ClkPort_IBUF
    BUFGCTRL_X0Y16       BUFG (Prop_bufg_I_O)         0.029     1.165 r  ClkPort_IBUF_BUFG_inst/O
                         net (fo=157, routed)         0.881     2.046    program_rom/ClkPort_IBUF_BUFG
    RAMB18_X0Y32         RAMB18E1                                     r  program_rom/ram_1k_generate.akv7.kcpsm6_rom/CLKARDCLK
                         clock pessimism             -0.500     1.546    
    RAMB18_X0Y32         RAMB18E1 (Hold_ramb18e1_CLKARDCLK_ADDRARDADDR[9])
                                                      0.183     1.729    program_rom/ram_1k_generate.akv7.kcpsm6_rom
  -------------------------------------------------------------------
                         required time                         -1.729    
                         arrival time                           1.861    
  -------------------------------------------------------------------
                         slack                                  0.132    

Slack (MET) :             0.132ns  (arrival time - required time)
  Source:                 processor/stack_loop[1].upper_stack.pointer_flop/C
                            (rising edge-triggered cell FDRE clocked by ClkPort  {rise@0.000ns fall@5.000ns period=10.000ns})
  Destination:            processor/stack_ram_high/RAMA/WADR1
                            (rising edge-triggered cell RAMD32 clocked by ClkPort  {rise@0.000ns fall@5.000ns period=10.000ns})
  Path Group:             ClkPort
  Path Type:              Hold (Min at Fast Process Corner)
  Requirement:            0.000ns  (ClkPort rise@0.000ns - ClkPort rise@0.000ns)
  Data Path Delay:        0.454ns  (logic 0.164ns (36.096%)  route 0.290ns (63.904%))
  Logic Levels:           0  
  Clock Path Skew:        0.013ns (DCD - SCD - CPR)
    Destination Clock Delay (DCD):    2.002ns
    Source Clock Delay      (SCD):    1.488ns
    Clock Pessimism Removal (CPR):    0.500ns

    Location             Delay type                Incr(ns)  Path(ns)    Netlist Resource(s)
  -------------------------------------------------------------------    -------------------
                         (clock ClkPort rise edge)    0.000     0.000 r  
    E3                                                0.000     0.000 r  ClkPort (IN)
                         net (fo=0)                   0.000     0.000    ClkPort
    E3                   IBUF (Prop_ibuf_I_O)         0.250     0.250 r  ClkPort_IBUF_inst/O
                         net (fo=1, routed)           0.644     0.894    ClkPort_IBUF
    BUFGCTRL_X0Y16       BUFG (Prop_bufg_I_O)         0.026     0.920 r  ClkPort_IBUF_BUFG_inst/O
                         net (fo=157, routed)         0.569     1.488    processor/ClkPort_IBUF_BUFG
    SLICE_X10Y82         FDRE                                         r  processor/stack_loop[1].upper_stack.pointer_flop/C
  -------------------------------------------------------------------    -------------------
    SLICE_X10Y82         FDRE (Prop_fdre_C_Q)         0.164     1.652 r  processor/stack_loop[1].upper_stack.pointer_flop/Q
                         net (fo=30, routed)          0.290     1.943    processor/stack_ram_high/ADDRD1
    SLICE_X10Y81         RAMD32                                       r  processor/stack_ram_high/RAMA/WADR1
  -------------------------------------------------------------------    -------------------

                         (clock ClkPort rise edge)    0.000     0.000 r  
    E3                                                0.000     0.000 r  ClkPort (IN)
                         net (fo=0)                   0.000     0.000    ClkPort
    E3                   IBUF (Prop_ibuf_I_O)         0.438     0.438 r  ClkPort_IBUF_inst/O
                         net (fo=1, routed)           0.699     1.136    ClkPort_IBUF
    BUFGCTRL_X0Y16       BUFG (Prop_bufg_I_O)         0.029     1.165 r  ClkPort_IBUF_BUFG_inst/O
                         net (fo=157, routed)         0.837     2.002    processor/stack_ram_high/WCLK
    SLICE_X10Y81         RAMD32                                       r  processor/stack_ram_high/RAMA/CLK
                         clock pessimism             -0.500     1.501    
    SLICE_X10Y81         RAMD32 (Hold_ramd32_CLK_WADR1)
                                                      0.309     1.810    processor/stack_ram_high/RAMA
  -------------------------------------------------------------------
                         required time                         -1.810    
                         arrival time                           1.943    
  -------------------------------------------------------------------
                         slack                                  0.132    

Slack (MET) :             0.132ns  (arrival time - required time)
  Source:                 processor/stack_loop[1].upper_stack.pointer_flop/C
                            (rising edge-triggered cell FDRE clocked by ClkPort  {rise@0.000ns fall@5.000ns period=10.000ns})
  Destination:            processor/stack_ram_high/RAMA_D1/WADR1
                            (rising edge-triggered cell RAMD32 clocked by ClkPort  {rise@0.000ns fall@5.000ns period=10.000ns})
  Path Group:             ClkPort
  Path Type:              Hold (Min at Fast Process Corner)
  Requirement:            0.000ns  (ClkPort rise@0.000ns - ClkPort rise@0.000ns)
  Data Path Delay:        0.454ns  (logic 0.164ns (36.096%)  route 0.290ns (63.904%))
  Logic Levels:           0  
  Clock Path Skew:        0.013ns (DCD - SCD - CPR)
    Destination Clock Delay (DCD):    2.002ns
    Source Clock Delay      (SCD):    1.488ns
    Clock Pessimism Removal (CPR):    0.500ns

    Location             Delay type                Incr(ns)  Path(ns)    Netlist Resource(s)
  -------------------------------------------------------------------    -------------------
                         (clock ClkPort rise edge)    0.000     0.000 r  
    E3                                                0.000     0.000 r  ClkPort (IN)
                         net (fo=0)                   0.000     0.000    ClkPort
    E3                   IBUF (Prop_ibuf_I_O)         0.250     0.250 r  ClkPort_IBUF_inst/O
                         net (fo=1, routed)           0.644     0.894    ClkPort_IBUF
    BUFGCTRL_X0Y16       BUFG (Prop_bufg_I_O)         0.026     0.920 r  ClkPort_IBUF_BUFG_inst/O
                         net (fo=157, routed)         0.569     1.488    processor/ClkPort_IBUF_BUFG
    SLICE_X10Y82         FDRE                                         r  processor/stack_loop[1].upper_stack.pointer_flop/C
  -------------------------------------------------------------------    -------------------
    SLICE_X10Y82         FDRE (Prop_fdre_C_Q)         0.164     1.652 r  processor/stack_loop[1].upper_stack.pointer_flop/Q
                         net (fo=30, routed)          0.290     1.943    processor/stack_ram_high/ADDRD1
    SLICE_X10Y81         RAMD32                                       r  processor/stack_ram_high/RAMA_D1/WADR1
  -------------------------------------------------------------------    -------------------

                         (clock ClkPort rise edge)    0.000     0.000 r  
    E3                                                0.000     0.000 r  ClkPort (IN)
                         net (fo=0)                   0.000     0.000    ClkPort
    E3                   IBUF (Prop_ibuf_I_O)         0.438     0.438 r  ClkPort_IBUF_inst/O
                         net (fo=1, routed)           0.699     1.136    ClkPort_IBUF
    BUFGCTRL_X0Y16       BUFG (Prop_bufg_I_O)         0.029     1.165 r  ClkPort_IBUF_BUFG_inst/O
                         net (fo=157, routed)         0.837     2.002    processor/stack_ram_high/WCLK
    SLICE_X10Y81         RAMD32                                       r  processor/stack_ram_high/RAMA_D1/CLK
                         clock pessimism             -0.500     1.501    
    SLICE_X10Y81         RAMD32 (Hold_ramd32_CLK_WADR1)
                                                      0.309     1.810    processor/stack_ram_high/RAMA_D1
  -------------------------------------------------------------------
                         required time                         -1.810    
                         arrival time                           1.943    
  -------------------------------------------------------------------
                         slack                                  0.132    





Pulse Width Checks
--------------------------------------------------------------------------------------
Clock Name:         ClkPort
Waveform(ns):       { 0.000 5.000 }
Period(ns):         10.000
Sources:            { ClkPort }

Check Type        Corner  Lib Pin             Reference Pin  Required(ns)  Actual(ns)  Slack(ns)  Location        Pin
Min Period        n/a     RAMB18E1/CLKARDCLK  n/a            2.576         10.000      7.424      RAMB18_X0Y32    program_rom/ram_1k_generate.akv7.kcpsm6_rom/CLKARDCLK
Min Period        n/a     BUFG/I              n/a            2.155         10.000      7.845      BUFGCTRL_X0Y16  ClkPort_IBUF_BUFG_inst/I
Min Period        n/a     FDCE/C              n/a            1.000         10.000      9.000      SLICE_X4Y82     DIV_CLK_reg[0]/C
Min Period        n/a     FDCE/C              n/a            1.000         10.000      9.000      SLICE_X4Y84     DIV_CLK_reg[10]/C
Min Period        n/a     FDCE/C              n/a            1.000         10.000      9.000      SLICE_X4Y84     DIV_CLK_reg[11]/C
Min Period        n/a     FDCE/C              n/a            1.000         10.000      9.000      SLICE_X4Y85     DIV_CLK_reg[12]/C
Min Period        n/a     FDCE/C              n/a            1.000         10.000      9.000      SLICE_X4Y85     DIV_CLK_reg[13]/C
Min Period        n/a     FDCE/C              n/a            1.000         10.000      9.000      SLICE_X4Y85     DIV_CLK_reg[14]/C
Min Period        n/a     FDCE/C              n/a            1.000         10.000      9.000      SLICE_X4Y85     DIV_CLK_reg[15]/C
Min Period        n/a     FDCE/C              n/a            1.000         10.000      9.000      SLICE_X4Y86     DIV_CLK_reg[16]/C
Low Pulse Width   Slow    RAMD64E/CLK         n/a            1.250         5.000       3.750      SLICE_X6Y81     processor/data_path_loop[0].small_spm.small_spm_ram.spm_ram/RAMA/CLK
Low Pulse Width   Fast    RAMD64E/CLK         n/a            1.250         5.000       3.750      SLICE_X6Y81     processor/data_path_loop[0].small_spm.small_spm_ram.spm_ram/RAMA/CLK
Low Pulse Width   Slow    RAMD64E/CLK         n/a            1.250         5.000       3.750      SLICE_X6Y81     processor/data_path_loop[0].small_spm.small_spm_ram.spm_ram/RAMB/CLK
Low Pulse Width   Fast    RAMD64E/CLK         n/a            1.250         5.000       3.750      SLICE_X6Y81     processor/data_path_loop[0].small_spm.small_spm_ram.spm_ram/RAMB/CLK
Low Pulse Width   Slow    RAMD64E/CLK         n/a            1.250         5.000       3.750      SLICE_X6Y81     processor/data_path_loop[0].small_spm.small_spm_ram.spm_ram/RAMC/CLK
Low Pulse Width   Fast    RAMD64E/CLK         n/a            1.250         5.000       3.750      SLICE_X6Y81     processor/data_path_loop[0].small_spm.small_spm_ram.spm_ram/RAMC/CLK
Low Pulse Width   Slow    RAMD64E/CLK         n/a            1.250         5.000       3.750      SLICE_X6Y81     processor/data_path_loop[0].small_spm.small_spm_ram.spm_ram/RAMD/CLK
Low Pulse Width   Fast    RAMD64E/CLK         n/a            1.250         5.000       3.750      SLICE_X6Y81     processor/data_path_loop[0].small_spm.small_spm_ram.spm_ram/RAMD/CLK
Low Pulse Width   Slow    RAMD64E/CLK         n/a            1.250         5.000       3.750      SLICE_X6Y79     processor/data_path_loop[4].small_spm.small_spm_ram.spm_ram/RAMA/CLK
Low Pulse Width   Fast    RAMD64E/CLK         n/a            1.250         5.000       3.750      SLICE_X6Y79     processor/data_path_loop[4].small_spm.small_spm_ram.spm_ram/RAMA/CLK
High Pulse Width  Slow    RAMD64E/CLK         n/a            1.250         5.000       3.750      SLICE_X6Y81     processor/data_path_loop[0].small_spm.small_spm_ram.spm_ram/RAMA/CLK
High Pulse Width  Fast    RAMD64E/CLK         n/a            1.250         5.000       3.750      SLICE_X6Y81     processor/data_path_loop[0].small_spm.small_spm_ram.spm_ram/RAMA/CLK
High Pulse Width  Slow    RAMD64E/CLK         n/a            1.250         5.000       3.750      SLICE_X6Y81     processor/data_path_loop[0].small_spm.small_spm_ram.spm_ram/RAMB/CLK
High Pulse Width  Fast    RAMD64E/CLK         n/a            1.250         5.000       3.750      SLICE_X6Y81     processor/data_path_loop[0].small_spm.small_spm_ram.spm_ram/RAMB/CLK
High Pulse Width  Slow    RAMD64E/CLK         n/a            1.250         5.000       3.750      SLICE_X6Y81     processor/data_path_loop[0].small_spm.small_spm_ram.spm_ram/RAMC/CLK
High Pulse Width  Fast    RAMD64E/CLK         n/a            1.250         5.000       3.750      SLICE_X6Y81     processor/data_path_loop[0].small_spm.small_spm_ram.spm_ram/RAMC/CLK
High Pulse Width  Slow    RAMD64E/CLK         n/a            1.250         5.000       3.750      SLICE_X6Y81     processor/data_path_loop[0].small_spm.small_spm_ram.spm_ram/RAMD/CLK
High Pulse Width  Fast    RAMD64E/CLK         n/a            1.250         5.000       3.750      SLICE_X6Y81     processor/data_path_loop[0].small_spm.small_spm_ram.spm_ram/RAMD/CLK
High Pulse Width  Slow    RAMD64E/CLK         n/a            1.250         5.000       3.750      SLICE_X6Y79     processor/data_path_loop[4].small_spm.small_spm_ram.spm_ram/RAMA/CLK
High Pulse Width  Fast    RAMD64E/CLK         n/a            1.250         5.000       3.750      SLICE_X6Y79     processor/data_path_loop[4].small_spm.small_spm_ram.spm_ram/RAMA/CLK



--------------------------------------------------------------------------------------
Path Group:  (none)
From Clock:  
  To Clock:  

Max Delay           112 Endpoints
Min Delay           112 Endpoints
--------------------------------------------------------------------------------------


Max Delay Paths
--------------------------------------------------------------------------------------
Slack:                    inf
  Source:                 Sw8
                            (input port)
  Destination:            Ca
                            (output port)
  Path Group:             (none)
  Path Type:              Max at Slow Process Corner
  Data Path Delay:        14.674ns  (logic 5.950ns (40.548%)  route 8.724ns (59.452%))
  Logic Levels:           5  (IBUF=1 LUT4=1 LUT6=1 MUXF7=1 OBUF=1)

    Location             Delay type                Incr(ns)  Path(ns)    Netlist Resource(s)
  -------------------------------------------------------------------    -------------------
    T8                                                0.000     0.000 r  Sw8 (IN)
                         net (fo=0)                   0.000     0.000    Sw8
    T8                   IBUF (Prop_ibuf_I_O)         1.497     1.497 r  Sw8_IBUF_inst/O
                         net (fo=2, routed)           4.973     6.470    Sw8_IBUF
    SLICE_X3Y80          LUT6 (Prop_lut6_I1_O)        0.124     6.594 r  Ca_OBUF_inst_i_11/O
                         net (fo=1, routed)           0.000     6.594    Ca_OBUF_inst_i_11_n_0
    SLICE_X3Y80          MUXF7 (Prop_muxf7_I1_O)      0.217     6.811 r  Ca_OBUF_inst_i_4/O
                         net (fo=7, routed)           1.018     7.829    sel0[0]
    SLICE_X2Y82          LUT4 (Prop_lut4_I2_O)        0.328     8.157 r  Ca_OBUF_inst_i_1/O
                         net (fo=1, routed)           2.733    10.890    Ca_OBUF
    T10                  OBUF (Prop_obuf_I_O)         3.784    14.674 r  Ca_OBUF_inst/O
                         net (fo=0)                   0.000    14.674    Ca
    T10                                                               r  Ca (OUT)
  -------------------------------------------------------------------    -------------------

Slack:                    inf
  Source:                 Sw8
                            (input port)
  Destination:            Cb
                            (output port)
  Path Group:             (none)
  Path Type:              Max at Slow Process Corner
  Data Path Delay:        14.379ns  (logic 5.693ns (39.589%)  route 8.686ns (60.411%))
  Logic Levels:           5  (IBUF=1 LUT4=1 LUT6=1 MUXF7=1 OBUF=1)

    Location             Delay type                Incr(ns)  Path(ns)    Netlist Resource(s)
  -------------------------------------------------------------------    -------------------
    T8                                                0.000     0.000 r  Sw8 (IN)
                         net (fo=0)                   0.000     0.000    Sw8
    T8                   IBUF (Prop_ibuf_I_O)         1.497     1.497 r  Sw8_IBUF_inst/O
                         net (fo=2, routed)           4.973     6.470    Sw8_IBUF
    SLICE_X3Y80          LUT6 (Prop_lut6_I1_O)        0.124     6.594 r  Ca_OBUF_inst_i_11/O
                         net (fo=1, routed)           0.000     6.594    Ca_OBUF_inst_i_11_n_0
    SLICE_X3Y80          MUXF7 (Prop_muxf7_I1_O)      0.217     6.811 r  Ca_OBUF_inst_i_4/O
                         net (fo=7, routed)           0.813     7.623    sel0[0]
    SLICE_X3Y81          LUT4 (Prop_lut4_I2_O)        0.299     7.922 r  Cb_OBUF_inst_i_1/O
                         net (fo=1, routed)           2.901    10.823    Cb_OBUF
    R10                  OBUF (Prop_obuf_I_O)         3.555    14.379 r  Cb_OBUF_inst/O
                         net (fo=0)                   0.000    14.379    Cb
    R10                                                               r  Cb (OUT)
  -------------------------------------------------------------------    -------------------

Slack:                    inf
  Source:                 Sw8
                            (input port)
  Destination:            Cd
                            (output port)
  Path Group:             (none)
  Path Type:              Max at Slow Process Corner
  Data Path Delay:        14.188ns  (logic 5.687ns (40.087%)  route 8.500ns (59.913%))
  Logic Levels:           5  (IBUF=1 LUT4=1 LUT6=1 MUXF7=1 OBUF=1)

    Location             Delay type                Incr(ns)  Path(ns)    Netlist Resource(s)
  -------------------------------------------------------------------    -------------------
    T8                                                0.000     0.000 r  Sw8 (IN)
                         net (fo=0)                   0.000     0.000    Sw8
    T8                   IBUF (Prop_ibuf_I_O)         1.497     1.497 r  Sw8_IBUF_inst/O
                         net (fo=2, routed)           4.973     6.470    Sw8_IBUF
    SLICE_X3Y80          LUT6 (Prop_lut6_I1_O)        0.124     6.594 r  Ca_OBUF_inst_i_11/O
                         net (fo=1, routed)           0.000     6.594    Ca_OBUF_inst_i_11_n_0
    SLICE_X3Y80          MUXF7 (Prop_muxf7_I1_O)      0.217     6.811 r  Ca_OBUF_inst_i_4/O
                         net (fo=7, routed)           0.831     7.641    sel0[0]
    SLICE_X2Y82          LUT4 (Prop_lut4_I2_O)        0.299     7.940 r  Cd_OBUF_inst_i_1/O
                         net (fo=1, routed)           2.697    10.637    Cd_OBUF
    K13                  OBUF (Prop_obuf_I_O)         3.550    14.188 r  Cd_OBUF_inst/O
                         net (fo=0)                   0.000    14.188    Cd
    K13                                                               r  Cd (OUT)
  -------------------------------------------------------------------    -------------------

Slack:                    inf
  Source:                 Sw8
                            (input port)
  Destination:            Cf
                            (output port)
  Path Group:             (none)
  Path Type:              Max at Slow Process Corner
  Data Path Delay:        14.121ns  (logic 5.948ns (42.119%)  route 8.174ns (57.881%))
  Logic Levels:           5  (IBUF=1 LUT4=1 LUT6=1 MUXF7=1 OBUF=1)

    Location             Delay type                Incr(ns)  Path(ns)    Netlist Resource(s)
  -------------------------------------------------------------------    -------------------
    T8                                                0.000     0.000 r  Sw8 (IN)
                         net (fo=0)                   0.000     0.000    Sw8
    T8                   IBUF (Prop_ibuf_I_O)         1.497     1.497 r  Sw8_IBUF_inst/O
                         net (fo=2, routed)           4.973     6.470    Sw8_IBUF
    SLICE_X3Y80          LUT6 (Prop_lut6_I1_O)        0.124     6.594 r  Ca_OBUF_inst_i_11/O
                         net (fo=1, routed)           0.000     6.594    Ca_OBUF_inst_i_11_n_0
    SLICE_X3Y80          MUXF7 (Prop_muxf7_I1_O)      0.217     6.811 r  Ca_OBUF_inst_i_4/O
                         net (fo=7, routed)           0.831     7.641    sel0[0]
    SLICE_X2Y82          LUT4 (Prop_lut4_I2_O)        0.325     7.966 r  Cf_OBUF_inst_i_1/O
                         net (fo=1, routed)           2.370    10.337    Cf_OBUF
    T11                  OBUF (Prop_obuf_I_O)         3.785    14.121 r  Cf_OBUF_inst/O
                         net (fo=0)                   0.000    14.121    Cf
    T11                                                               r  Cf (OUT)
  -------------------------------------------------------------------    -------------------

Slack:                    inf
  Source:                 Sw8
                            (input port)
  Destination:            Cc
                            (output port)
  Path Group:             (none)
  Path Type:              Max at Slow Process Corner
  Data Path Delay:        13.690ns  (logic 5.630ns (41.126%)  route 8.060ns (58.874%))
  Logic Levels:           5  (IBUF=1 LUT4=1 LUT6=1 MUXF7=1 OBUF=1)

    Location             Delay type                Incr(ns)  Path(ns)    Netlist Resource(s)
  -------------------------------------------------------------------    -------------------
    T8                                                0.000     0.000 f  Sw8 (IN)
                         net (fo=0)                   0.000     0.000    Sw8
    T8                   IBUF (Prop_ibuf_I_O)         1.497     1.497 f  Sw8_IBUF_inst/O
                         net (fo=2, routed)           4.973     6.470    Sw8_IBUF
    SLICE_X3Y80          LUT6 (Prop_lut6_I1_O)        0.124     6.594 f  Ca_OBUF_inst_i_11/O
                         net (fo=1, routed)           0.000     6.594    Ca_OBUF_inst_i_11_n_0
    SLICE_X3Y80          MUXF7 (Prop_muxf7_I1_O)      0.217     6.811 f  Ca_OBUF_inst_i_4/O
                         net (fo=7, routed)           0.833     7.643    sel0[0]
    SLICE_X2Y82          LUT4 (Prop_lut4_I1_O)        0.299     7.942 r  Cc_OBUF_inst_i_1/O
                         net (fo=1, routed)           2.255    10.197    Cc_OBUF
    K16                  OBUF (Prop_obuf_I_O)         3.493    13.690 r  Cc_OBUF_inst/O
                         net (fo=0)                   0.000    13.690    Cc
    K16                                                               r  Cc (OUT)
  -------------------------------------------------------------------    -------------------

Slack:                    inf
  Source:                 Sw8
                            (input port)
  Destination:            Ce
                            (output port)
  Path Group:             (none)
  Path Type:              Max at Slow Process Corner
  Data Path Delay:        13.655ns  (logic 5.899ns (43.196%)  route 7.757ns (56.804%))
  Logic Levels:           5  (IBUF=1 LUT4=1 LUT6=1 MUXF7=1 OBUF=1)

    Location             Delay type                Incr(ns)  Path(ns)    Netlist Resource(s)
  -------------------------------------------------------------------    -------------------
    T8                                                0.000     0.000 r  Sw8 (IN)
                         net (fo=0)                   0.000     0.000    Sw8
    T8                   IBUF (Prop_ibuf_I_O)         1.497     1.497 r  Sw8_IBUF_inst/O
                         net (fo=2, routed)           4.973     6.470    Sw8_IBUF
    SLICE_X3Y80          LUT6 (Prop_lut6_I1_O)        0.124     6.594 r  Ca_OBUF_inst_i_11/O
                         net (fo=1, routed)           0.000     6.594    Ca_OBUF_inst_i_11_n_0
    SLICE_X3Y80          MUXF7 (Prop_muxf7_I1_O)      0.217     6.811 r  Ca_OBUF_inst_i_4/O
                         net (fo=7, routed)           0.833     7.643    sel0[0]
    SLICE_X2Y82          LUT4 (Prop_lut4_I3_O)        0.323     7.966 r  Ce_OBUF_inst_i_1/O
                         net (fo=1, routed)           1.952     9.918    Ce_OBUF
    P15                  OBUF (Prop_obuf_I_O)         3.738    13.655 r  Ce_OBUF_inst/O
                         net (fo=0)                   0.000    13.655    Ce
    P15                                                               r  Ce (OUT)
  -------------------------------------------------------------------    -------------------

Slack:                    inf
  Source:                 Sw8
                            (input port)
  Destination:            Cg
                            (output port)
  Path Group:             (none)
  Path Type:              Max at Slow Process Corner
  Data Path Delay:        13.598ns  (logic 5.674ns (41.729%)  route 7.924ns (58.271%))
  Logic Levels:           5  (IBUF=1 LUT4=1 LUT6=1 MUXF7=1 OBUF=1)

    Location             Delay type                Incr(ns)  Path(ns)    Netlist Resource(s)
  -------------------------------------------------------------------    -------------------
    T8                                                0.000     0.000 r  Sw8 (IN)
                         net (fo=0)                   0.000     0.000    Sw8
    T8                   IBUF (Prop_ibuf_I_O)         1.497     1.497 r  Sw8_IBUF_inst/O
                         net (fo=2, routed)           4.973     6.470    Sw8_IBUF
    SLICE_X3Y80          LUT6 (Prop_lut6_I1_O)        0.124     6.594 r  Ca_OBUF_inst_i_11/O
                         net (fo=1, routed)           0.000     6.594    Ca_OBUF_inst_i_11_n_0
    SLICE_X3Y80          MUXF7 (Prop_muxf7_I1_O)      0.217     6.811 r  Ca_OBUF_inst_i_4/O
                         net (fo=7, routed)           1.018     7.829    sel0[0]
    SLICE_X2Y82          LUT4 (Prop_lut4_I1_O)        0.299     8.128 r  Cg_OBUF_inst_i_1/O
                         net (fo=1, routed)           1.933    10.061    Cg_OBUF
    L18                  OBUF (Prop_obuf_I_O)         3.537    13.598 r  Cg_OBUF_inst/O
                         net (fo=0)                   0.000    13.598    Cg
    L18                                                               r  Cg (OUT)
  -------------------------------------------------------------------    -------------------

Slack:                    inf
  Source:                 BtnD
                            (input port)
  Destination:            Ld0
                            (output port)
  Path Group:             (none)
  Path Type:              Max at Slow Process Corner
  Data Path Delay:        8.055ns  (logic 5.000ns (62.078%)  route 3.055ns (37.922%))
  Logic Levels:           2  (IBUF=1 OBUF=1)

    Location             Delay type                Incr(ns)  Path(ns)    Netlist Resource(s)
  -------------------------------------------------------------------    -------------------
    P18                                               0.000     0.000 r  BtnD (IN)
                         net (fo=0)                   0.000     0.000    BtnD
    P18                  IBUF (Prop_ibuf_I_O)         1.480     1.480 r  BtnD_IBUF_inst/O
                         net (fo=1, routed)           3.055     4.535    Ld0_OBUF
    H17                  OBUF (Prop_obuf_I_O)         3.520     8.055 r  Ld0_OBUF_inst/O
                         net (fo=0)                   0.000     8.055    Ld0
    H17                                                               r  Ld0 (OUT)
  -------------------------------------------------------------------    -------------------

Slack:                    inf
  Source:                 BtnR
                            (input port)
  Destination:            Ld1
                            (output port)
  Path Group:             (none)
  Path Type:              Max at Slow Process Corner
  Data Path Delay:        7.738ns  (logic 5.003ns (64.647%)  route 2.736ns (35.353%))
  Logic Levels:           2  (IBUF=1 OBUF=1)

    Location             Delay type                Incr(ns)  Path(ns)    Netlist Resource(s)
  -------------------------------------------------------------------    -------------------
    M17                                               0.000     0.000 r  BtnR (IN)
                         net (fo=0)                   0.000     0.000    BtnR
    M17                  IBUF (Prop_ibuf_I_O)         1.467     1.467 r  BtnR_IBUF_inst/O
                         net (fo=2, routed)           2.736     4.203    Ld1_OBUF
    K15                  OBUF (Prop_obuf_I_O)         3.535     7.738 r  Ld1_OBUF_inst/O
                         net (fo=0)                   0.000     7.738    Ld1
    K15                                                               r  Ld1 (OUT)
  -------------------------------------------------------------------    -------------------

Slack:                    inf
  Source:                 BtnU
                            (input port)
  Destination:            Ld2
                            (output port)
  Path Group:             (none)
  Path Type:              Max at Slow Process Corner
  Data Path Delay:        7.613ns  (logic 5.038ns (66.179%)  route 2.575ns (33.821%))
  Logic Levels:           2  (IBUF=1 OBUF=1)

    Location             Delay type                Incr(ns)  Path(ns)    Netlist Resource(s)
  -------------------------------------------------------------------    -------------------
    M18                                               0.000     0.000 r  BtnU (IN)
                         net (fo=0)                   0.000     0.000    BtnU
    M18                  IBUF (Prop_ibuf_I_O)         1.486     1.486 r  BtnU_IBUF_inst/O
                         net (fo=1, routed)           2.575     4.061    Ld2_OBUF
    J13                  OBUF (Prop_obuf_I_O)         3.553     7.613 r  Ld2_OBUF_inst/O
                         net (fo=0)                   0.000     7.613    Ld2
    J13                                                               r  Ld2 (OUT)
  -------------------------------------------------------------------    -------------------





Min Delay Paths
--------------------------------------------------------------------------------------
Slack:                    inf
  Source:                 program_rom/instantiate_loader.jtag_loader_6_inst/jtag_loader_gen.loop1[4].jtag_addr_int_reg[5]/C
                            (rising edge-triggered cell FDRE)
  Destination:            program_rom/instantiate_loader.jtag_loader_6_inst/jtag_loader_gen.loop1[5].jtag_addr_int_reg[6]/D
  Path Group:             (none)
  Path Type:              Min at Fast Process Corner
  Data Path Delay:        0.265ns  (logic 0.141ns (53.167%)  route 0.124ns (46.833%))
  Logic Levels:           1  (FDRE=1)

    Location             Delay type                Incr(ns)  Path(ns)    Netlist Resource(s)
  -------------------------------------------------------------------    -------------------
    SLICE_X11Y78         FDRE                         0.000     0.000 r  program_rom/instantiate_loader.jtag_loader_6_inst/jtag_loader_gen.loop1[4].jtag_addr_int_reg[5]/C
    SLICE_X11Y78         FDRE (Prop_fdre_C_Q)         0.141     0.141 r  program_rom/instantiate_loader.jtag_loader_6_inst/jtag_loader_gen.loop1[4].jtag_addr_int_reg[5]/Q
                         net (fo=2, routed)           0.124     0.265    program_rom/instantiate_loader.jtag_loader_6_inst/address_b[5]
    SLICE_X10Y78         FDRE                                         r  program_rom/instantiate_loader.jtag_loader_6_inst/jtag_loader_gen.loop1[5].jtag_addr_int_reg[6]/D
  -------------------------------------------------------------------    -------------------

Slack:                    inf
  Source:                 program_rom/instantiate_loader.jtag_loader_6_inst/jtag_loader_gen.loop2[4].jtag_din_int_reg[5]/C
                            (rising edge-triggered cell FDRE)
  Destination:            program_rom/ram_1k_generate.akv7.kcpsm6_rom/DIBDI[5]
  Path Group:             (none)
  Path Type:              Min at Fast Process Corner
  Data Path Delay:        0.316ns  (logic 0.141ns (44.649%)  route 0.175ns (55.351%))
  Logic Levels:           1  (FDRE=1)

    Location             Delay type                Incr(ns)  Path(ns)    Netlist Resource(s)
  -------------------------------------------------------------------    -------------------
    SLICE_X9Y82          FDRE                         0.000     0.000 r  program_rom/instantiate_loader.jtag_loader_6_inst/jtag_loader_gen.loop2[4].jtag_din_int_reg[5]/C
    SLICE_X9Y82          FDRE (Prop_fdre_C_Q)         0.141     0.141 r  program_rom/instantiate_loader.jtag_loader_6_inst/jtag_loader_gen.loop2[4].jtag_din_int_reg[5]/Q
                         net (fo=2, routed)           0.175     0.316    program_rom/data_in_b[5]
    RAMB18_X0Y32         RAMB18E1                                     r  program_rom/ram_1k_generate.akv7.kcpsm6_rom/DIBDI[5]
  -------------------------------------------------------------------    -------------------

Slack:                    inf
  Source:                 program_rom/instantiate_loader.jtag_loader_6_inst/jtag_loader_gen.loop2[5].jtag_din_int_reg[6]/C
                            (rising edge-triggered cell FDRE)
  Destination:            program_rom/ram_1k_generate.akv7.kcpsm6_rom/DIBDI[6]
  Path Group:             (none)
  Path Type:              Min at Fast Process Corner
  Data Path Delay:        0.317ns  (logic 0.141ns (44.537%)  route 0.176ns (55.463%))
  Logic Levels:           1  (FDRE=1)

    Location             Delay type                Incr(ns)  Path(ns)    Netlist Resource(s)
  -------------------------------------------------------------------    -------------------
    SLICE_X9Y82          FDRE                         0.000     0.000 r  program_rom/instantiate_loader.jtag_loader_6_inst/jtag_loader_gen.loop2[5].jtag_din_int_reg[6]/C
    SLICE_X9Y82          FDRE (Prop_fdre_C_Q)         0.141     0.141 r  program_rom/instantiate_loader.jtag_loader_6_inst/jtag_loader_gen.loop2[5].jtag_din_int_reg[6]/Q
                         net (fo=2, routed)           0.176     0.317    program_rom/data_in_b[6]
    RAMB18_X0Y32         RAMB18E1                                     r  program_rom/ram_1k_generate.akv7.kcpsm6_rom/DIBDI[6]
  -------------------------------------------------------------------    -------------------

Slack:                    inf
  Source:                 program_rom/instantiate_loader.jtag_loader_6_inst/jtag_loader_gen.loop2[10].jtag_din_int_reg[11]/C
                            (rising edge-triggered cell FDRE)
  Destination:            program_rom/ram_1k_generate.akv7.kcpsm6_rom/DIBDI[11]
  Path Group:             (none)
  Path Type:              Min at Fast Process Corner
  Data Path Delay:        0.321ns  (logic 0.141ns (43.878%)  route 0.180ns (56.122%))
  Logic Levels:           1  (FDRE=1)

    Location             Delay type                Incr(ns)  Path(ns)    Netlist Resource(s)
  -------------------------------------------------------------------    -------------------
    SLICE_X11Y80         FDRE                         0.000     0.000 r  program_rom/instantiate_loader.jtag_loader_6_inst/jtag_loader_gen.loop2[10].jtag_din_int_reg[11]/C
    SLICE_X11Y80         FDRE (Prop_fdre_C_Q)         0.141     0.141 r  program_rom/instantiate_loader.jtag_loader_6_inst/jtag_loader_gen.loop2[10].jtag_din_int_reg[11]/Q
                         net (fo=2, routed)           0.180     0.321    program_rom/data_in_b[11]
    RAMB18_X0Y32         RAMB18E1                                     r  program_rom/ram_1k_generate.akv7.kcpsm6_rom/DIBDI[11]
  -------------------------------------------------------------------    -------------------

Slack:                    inf
  Source:                 program_rom/instantiate_loader.jtag_loader_6_inst/jtag_loader_gen.loop2[15].jtag_din_int_reg[16]/C
                            (rising edge-triggered cell FDRE)
  Destination:            program_rom/instantiate_loader.jtag_loader_6_inst/jtag_loader_gen.loop2[16].jtag_din_int_reg[17]/D
  Path Group:             (none)
  Path Type:              Min at Fast Process Corner
  Data Path Delay:        0.328ns  (logic 0.209ns (63.668%)  route 0.119ns (36.332%))
  Logic Levels:           2  (FDRE=1 LUT6=1)

    Location             Delay type                Incr(ns)  Path(ns)    Netlist Resource(s)
  -------------------------------------------------------------------    -------------------
    SLICE_X8Y82          FDRE                         0.000     0.000 r  program_rom/instantiate_loader.jtag_loader_6_inst/jtag_loader_gen.loop2[15].jtag_din_int_reg[16]/C
    SLICE_X8Y82          FDRE (Prop_fdre_C_Q)         0.164     0.164 r  program_rom/instantiate_loader.jtag_loader_6_inst/jtag_loader_gen.loop2[15].jtag_din_int_reg[16]/Q
                         net (fo=2, routed)           0.119     0.283    program_rom/instantiate_loader.jtag_loader_6_inst/data_in_b[16]
    SLICE_X11Y82         LUT6 (Prop_lut6_I0_O)        0.045     0.328 r  program_rom/instantiate_loader.jtag_loader_6_inst/jtag_loader_gen.loop2[16].jtag_din_int[17]_i_1/O
                         net (fo=1, routed)           0.000     0.328    program_rom/instantiate_loader.jtag_loader_6_inst/jtag_loader_gen.loop2[16].jtag_din_int[17]_i_1_n_0
    SLICE_X11Y82         FDRE                                         r  program_rom/instantiate_loader.jtag_loader_6_inst/jtag_loader_gen.loop2[16].jtag_din_int_reg[17]/D
  -------------------------------------------------------------------    -------------------

Slack:                    inf
  Source:                 program_rom/instantiate_loader.jtag_loader_6_inst/jtag_loader_gen.loop2[8].jtag_din_int_reg[9]/C
                            (rising edge-triggered cell FDRE)
  Destination:            program_rom/ram_1k_generate.akv7.kcpsm6_rom/DIBDI[9]
  Path Group:             (none)
  Path Type:              Min at Fast Process Corner
  Data Path Delay:        0.331ns  (logic 0.141ns (42.592%)  route 0.190ns (57.408%))
  Logic Levels:           1  (FDRE=1)

    Location             Delay type                Incr(ns)  Path(ns)    Netlist Resource(s)
  -------------------------------------------------------------------    -------------------
    SLICE_X11Y79         FDRE                         0.000     0.000 r  program_rom/instantiate_loader.jtag_loader_6_inst/jtag_loader_gen.loop2[8].jtag_din_int_reg[9]/C
    SLICE_X11Y79         FDRE (Prop_fdre_C_Q)         0.141     0.141 r  program_rom/instantiate_loader.jtag_loader_6_inst/jtag_loader_gen.loop2[8].jtag_din_int_reg[9]/Q
                         net (fo=2, routed)           0.190     0.331    program_rom/data_in_b[9]
    RAMB18_X0Y32         RAMB18E1                                     r  program_rom/ram_1k_generate.akv7.kcpsm6_rom/DIBDI[9]
  -------------------------------------------------------------------    -------------------

Slack:                    inf
  Source:                 program_rom/instantiate_loader.jtag_loader_6_inst/jtag_loader_gen.loop2[0].jtag_din_int_reg[1]/C
                            (rising edge-triggered cell FDRE)
  Destination:            program_rom/ram_1k_generate.akv7.kcpsm6_rom/DIBDI[1]
  Path Group:             (none)
  Path Type:              Min at Fast Process Corner
  Data Path Delay:        0.335ns  (logic 0.141ns (42.040%)  route 0.194ns (57.960%))
  Logic Levels:           1  (FDRE=1)

    Location             Delay type                Incr(ns)  Path(ns)    Netlist Resource(s)
  -------------------------------------------------------------------    -------------------
    SLICE_X11Y82         FDRE                         0.000     0.000 r  program_rom/instantiate_loader.jtag_loader_6_inst/jtag_loader_gen.loop2[0].jtag_din_int_reg[1]/C
    SLICE_X11Y82         FDRE (Prop_fdre_C_Q)         0.141     0.141 r  program_rom/instantiate_loader.jtag_loader_6_inst/jtag_loader_gen.loop2[0].jtag_din_int_reg[1]/Q
                         net (fo=2, routed)           0.194     0.335    program_rom/data_in_b[1]
    RAMB18_X0Y32         RAMB18E1                                     r  program_rom/ram_1k_generate.akv7.kcpsm6_rom/DIBDI[1]
  -------------------------------------------------------------------    -------------------

Slack:                    inf
  Source:                 program_rom/instantiate_loader.jtag_loader_6_inst/jtag_loader_gen.jtag_addr_int_reg[0]/C
                            (rising edge-triggered cell FDRE)
  Destination:            program_rom/instantiate_loader.jtag_loader_6_inst/jtag_loader_gen.loop1[0].jtag_addr_int_reg[1]/D
  Path Group:             (none)
  Path Type:              Min at Fast Process Corner
  Data Path Delay:        0.336ns  (logic 0.141ns (42.021%)  route 0.195ns (57.979%))
  Logic Levels:           1  (FDRE=1)

    Location             Delay type                Incr(ns)  Path(ns)    Netlist Resource(s)
  -------------------------------------------------------------------    -------------------
    SLICE_X11Y84         FDRE                         0.000     0.000 r  program_rom/instantiate_loader.jtag_loader_6_inst/jtag_loader_gen.jtag_addr_int_reg[0]/C
    SLICE_X11Y84         FDRE (Prop_fdre_C_Q)         0.141     0.141 r  program_rom/instantiate_loader.jtag_loader_6_inst/jtag_loader_gen.jtag_addr_int_reg[0]/Q
                         net (fo=6, routed)           0.195     0.336    program_rom/instantiate_loader.jtag_loader_6_inst/address_b[0]
    SLICE_X10Y84         FDRE                                         r  program_rom/instantiate_loader.jtag_loader_6_inst/jtag_loader_gen.loop1[0].jtag_addr_int_reg[1]/D
  -------------------------------------------------------------------    -------------------

Slack:                    inf
  Source:                 program_rom/instantiate_loader.jtag_loader_6_inst/jtag_loader_gen.loop2[1].jtag_din_int_reg[2]/C
                            (rising edge-triggered cell FDRE)
  Destination:            program_rom/ram_1k_generate.akv7.kcpsm6_rom/DIBDI[2]
  Path Group:             (none)
  Path Type:              Min at Fast Process Corner
  Data Path Delay:        0.337ns  (logic 0.141ns (41.782%)  route 0.196ns (58.218%))
  Logic Levels:           1  (FDRE=1)

    Location             Delay type                Incr(ns)  Path(ns)    Netlist Resource(s)
  -------------------------------------------------------------------    -------------------
    SLICE_X11Y80         FDRE                         0.000     0.000 r  program_rom/instantiate_loader.jtag_loader_6_inst/jtag_loader_gen.loop2[1].jtag_din_int_reg[2]/C
    SLICE_X11Y80         FDRE (Prop_fdre_C_Q)         0.141     0.141 r  program_rom/instantiate_loader.jtag_loader_6_inst/jtag_loader_gen.loop2[1].jtag_din_int_reg[2]/Q
                         net (fo=2, routed)           0.196     0.337    program_rom/data_in_b[2]
    RAMB18_X0Y32         RAMB18E1                                     r  program_rom/ram_1k_generate.akv7.kcpsm6_rom/DIBDI[2]
  -------------------------------------------------------------------    -------------------

Slack:                    inf
  Source:                 program_rom/instantiate_loader.jtag_loader_6_inst/jtag_loader_gen.loop2[13].jtag_din_int_reg[14]/C
                            (rising edge-triggered cell FDRE)
  Destination:            program_rom/ram_1k_generate.akv7.kcpsm6_rom/DIBDI[14]
  Path Group:             (none)
  Path Type:              Min at Fast Process Corner
  Data Path Delay:        0.341ns  (logic 0.164ns (48.057%)  route 0.177ns (51.943%))
  Logic Levels:           1  (FDRE=1)

    Location             Delay type                Incr(ns)  Path(ns)    Netlist Resource(s)
  -------------------------------------------------------------------    -------------------
    SLICE_X8Y82          FDRE                         0.000     0.000 r  program_rom/instantiate_loader.jtag_loader_6_inst/jtag_loader_gen.loop2[13].jtag_din_int_reg[14]/C
    SLICE_X8Y82          FDRE (Prop_fdre_C_Q)         0.164     0.164 r  program_rom/instantiate_loader.jtag_loader_6_inst/jtag_loader_gen.loop2[13].jtag_din_int_reg[14]/Q
                         net (fo=2, routed)           0.177     0.341    program_rom/data_in_b[14]
    RAMB18_X0Y32         RAMB18E1                                     r  program_rom/ram_1k_generate.akv7.kcpsm6_rom/DIBDI[14]
  -------------------------------------------------------------------    -------------------





--------------------------------------------------------------------------------------
Path Group:  (none)
From Clock:  ClkPort
  To Clock:  

Max Delay            19 Endpoints
Min Delay            19 Endpoints
--------------------------------------------------------------------------------------


Max Delay Paths
--------------------------------------------------------------------------------------
Slack:                    inf
  Source:                 DIV_CLK_reg[17]/C
                            (rising edge-triggered cell FDCE clocked by ClkPort  {rise@0.000ns fall@5.000ns period=10.000ns})
  Destination:            Cb
                            (output port)
  Path Group:             (none)
  Path Type:              Max at Slow Process Corner
  Data Path Delay:        10.596ns  (logic 4.641ns (43.802%)  route 5.955ns (56.198%))
  Logic Levels:           4  (LUT4=1 LUT6=1 MUXF7=1 OBUF=1)
  Clock Uncertainty:      0.025ns  ((TSJ^2 + TIJ^2)^1/2 + DJ) / 2 + PE
    Total System Jitter     (TSJ):    0.050ns
    Total Input Jitter      (TIJ):    0.000ns
    Discrete Jitter          (DJ):    0.000ns
    Phase Error              (PE):    0.000ns

    Location             Delay type                Incr(ns)  Path(ns)    Netlist Resource(s)
  -------------------------------------------------------------------    -------------------
                         (clock ClkPort rise edge)    0.000     0.000 r  
    E3                                                0.000     0.000 r  ClkPort (IN)
                         net (fo=0)                   0.000     0.000    ClkPort
    E3                   IBUF (Prop_ibuf_I_O)         1.482     1.482 r  ClkPort_IBUF_inst/O
                         net (fo=1, routed)           2.025     3.506    ClkPort_IBUF
    BUFGCTRL_X0Y16       BUFG (Prop_bufg_I_O)         0.096     3.602 r  ClkPort_IBUF_BUFG_inst/O
                         net (fo=157, routed)         1.719     5.322    ClkPort_IBUF_BUFG
    SLICE_X4Y86          FDCE                                         r  DIV_CLK_reg[17]/C
  -------------------------------------------------------------------    -------------------
    SLICE_X4Y86          FDCE (Prop_fdce_C_Q)         0.456     5.778 r  DIV_CLK_reg[17]/Q
                         net (fo=17, routed)          1.806     7.583    DIV_CLK_reg_n_0_[17]
    SLICE_X2Y80          LUT6 (Prop_lut6_I4_O)        0.124     7.707 r  Ca_OBUF_inst_i_8/O
                         net (fo=1, routed)           0.000     7.707    Ca_OBUF_inst_i_8_n_0
    SLICE_X2Y80          MUXF7 (Prop_muxf7_I0_O)      0.209     7.916 r  Ca_OBUF_inst_i_3/O
                         net (fo=7, routed)           1.248     9.165    sel0[2]
    SLICE_X3Y81          LUT4 (Prop_lut4_I1_O)        0.297     9.462 r  Cb_OBUF_inst_i_1/O
                         net (fo=1, routed)           2.901    12.363    Cb_OBUF
    R10                  OBUF (Prop_obuf_I_O)         3.555    15.918 r  Cb_OBUF_inst/O
                         net (fo=0)                   0.000    15.918    Cb
    R10                                                               r  Cb (OUT)
  -------------------------------------------------------------------    -------------------

Slack:                    inf
  Source:                 DIV_CLK_reg[17]/C
                            (rising edge-triggered cell FDCE clocked by ClkPort  {rise@0.000ns fall@5.000ns period=10.000ns})
  Destination:            Ca
                            (output port)
  Path Group:             (none)
  Path Type:              Max at Slow Process Corner
  Data Path Delay:        10.483ns  (logic 4.899ns (46.734%)  route 5.584ns (53.266%))
  Logic Levels:           4  (LUT4=1 LUT6=1 MUXF7=1 OBUF=1)
  Clock Uncertainty:      0.025ns  ((TSJ^2 + TIJ^2)^1/2 + DJ) / 2 + PE
    Total System Jitter     (TSJ):    0.050ns
    Total Input Jitter      (TIJ):    0.000ns
    Discrete Jitter          (DJ):    0.000ns
    Phase Error              (PE):    0.000ns

    Location             Delay type                Incr(ns)  Path(ns)    Netlist Resource(s)
  -------------------------------------------------------------------    -------------------
                         (clock ClkPort rise edge)    0.000     0.000 r  
    E3                                                0.000     0.000 r  ClkPort (IN)
                         net (fo=0)                   0.000     0.000    ClkPort
    E3                   IBUF (Prop_ibuf_I_O)         1.482     1.482 r  ClkPort_IBUF_inst/O
                         net (fo=1, routed)           2.025     3.506    ClkPort_IBUF
    BUFGCTRL_X0Y16       BUFG (Prop_bufg_I_O)         0.096     3.602 r  ClkPort_IBUF_BUFG_inst/O
                         net (fo=157, routed)         1.719     5.322    ClkPort_IBUF_BUFG
    SLICE_X4Y86          FDCE                                         r  DIV_CLK_reg[17]/C
  -------------------------------------------------------------------    -------------------
    SLICE_X4Y86          FDCE (Prop_fdce_C_Q)         0.456     5.778 r  DIV_CLK_reg[17]/Q
                         net (fo=17, routed)          1.806     7.583    DIV_CLK_reg_n_0_[17]
    SLICE_X2Y80          LUT6 (Prop_lut6_I4_O)        0.124     7.707 r  Ca_OBUF_inst_i_8/O
                         net (fo=1, routed)           0.000     7.707    Ca_OBUF_inst_i_8_n_0
    SLICE_X2Y80          MUXF7 (Prop_muxf7_I0_O)      0.209     7.916 r  Ca_OBUF_inst_i_3/O
                         net (fo=7, routed)           1.045     8.961    sel0[2]
    SLICE_X2Y82          LUT4 (Prop_lut4_I1_O)        0.326     9.287 r  Ca_OBUF_inst_i_1/O
                         net (fo=1, routed)           2.733    12.021    Ca_OBUF
    T10                  OBUF (Prop_obuf_I_O)         3.784    15.805 r  Ca_OBUF_inst/O
                         net (fo=0)                   0.000    15.805    Ca
    T10                                                               r  Ca (OUT)
  -------------------------------------------------------------------    -------------------

Slack:                    inf
  Source:                 DIV_CLK_reg[18]/C
                            (rising edge-triggered cell FDCE clocked by ClkPort  {rise@0.000ns fall@5.000ns period=10.000ns})
  Destination:            An6
                            (output port)
  Path Group:             (none)
  Path Type:              Max at Slow Process Corner
  Data Path Delay:        10.223ns  (logic 4.098ns (40.080%)  route 6.126ns (59.920%))
  Logic Levels:           2  (LUT3=1 OBUF=1)
  Clock Uncertainty:      0.025ns  ((TSJ^2 + TIJ^2)^1/2 + DJ) / 2 + PE
    Total System Jitter     (TSJ):    0.050ns
    Total Input Jitter      (TIJ):    0.000ns
    Discrete Jitter          (DJ):    0.000ns
    Phase Error              (PE):    0.000ns

    Location             Delay type                Incr(ns)  Path(ns)    Netlist Resource(s)
  -------------------------------------------------------------------    -------------------
                         (clock ClkPort rise edge)    0.000     0.000 r  
    E3                                                0.000     0.000 r  ClkPort (IN)
                         net (fo=0)                   0.000     0.000    ClkPort
    E3                   IBUF (Prop_ibuf_I_O)         1.482     1.482 r  ClkPort_IBUF_inst/O
                         net (fo=1, routed)           2.025     3.506    ClkPort_IBUF
    BUFGCTRL_X0Y16       BUFG (Prop_bufg_I_O)         0.096     3.602 r  ClkPort_IBUF_BUFG_inst/O
                         net (fo=157, routed)         1.719     5.322    ClkPort_IBUF_BUFG
    SLICE_X4Y86          FDCE                                         r  DIV_CLK_reg[18]/C
  -------------------------------------------------------------------    -------------------
    SLICE_X4Y86          FDCE (Prop_fdce_C_Q)         0.456     5.778 f  DIV_CLK_reg[18]/Q
                         net (fo=17, routed)          1.264     7.041    p_0_in11_in
    SLICE_X0Y84          LUT3 (Prop_lut3_I1_O)        0.124     7.165 r  An6_OBUF_inst_i_1/O
                         net (fo=1, routed)           4.862    12.028    An6_OBUF
    K2                   OBUF (Prop_obuf_I_O)         3.518    15.545 r  An6_OBUF_inst/O
                         net (fo=0)                   0.000    15.545    An6
    K2                                                                r  An6 (OUT)
  -------------------------------------------------------------------    -------------------

Slack:                    inf
  Source:                 DIV_CLK_reg[18]/C
                            (rising edge-triggered cell FDCE clocked by ClkPort  {rise@0.000ns fall@5.000ns period=10.000ns})
  Destination:            Cd
                            (output port)
  Path Group:             (none)
  Path Type:              Max at Slow Process Corner
  Data Path Delay:        10.119ns  (logic 4.641ns (45.867%)  route 5.478ns (54.133%))
  Logic Levels:           4  (LUT4=1 LUT6=1 MUXF7=1 OBUF=1)
  Clock Uncertainty:      0.025ns  ((TSJ^2 + TIJ^2)^1/2 + DJ) / 2 + PE
    Total System Jitter     (TSJ):    0.050ns
    Total Input Jitter      (TIJ):    0.000ns
    Discrete Jitter          (DJ):    0.000ns
    Phase Error              (PE):    0.000ns

    Location             Delay type                Incr(ns)  Path(ns)    Netlist Resource(s)
  -------------------------------------------------------------------    -------------------
                         (clock ClkPort rise edge)    0.000     0.000 r  
    E3                                                0.000     0.000 r  ClkPort (IN)
                         net (fo=0)                   0.000     0.000    ClkPort
    E3                   IBUF (Prop_ibuf_I_O)         1.482     1.482 r  ClkPort_IBUF_inst/O
                         net (fo=1, routed)           2.025     3.506    ClkPort_IBUF
    BUFGCTRL_X0Y16       BUFG (Prop_bufg_I_O)         0.096     3.602 r  ClkPort_IBUF_BUFG_inst/O
                         net (fo=157, routed)         1.719     5.322    ClkPort_IBUF_BUFG
    SLICE_X4Y86          FDCE                                         r  DIV_CLK_reg[18]/C
  -------------------------------------------------------------------    -------------------
    SLICE_X4Y86          FDCE (Prop_fdce_C_Q)         0.456     5.778 r  DIV_CLK_reg[18]/Q
                         net (fo=17, routed)          2.010     7.788    p_0_in11_in
    SLICE_X4Y81          LUT6 (Prop_lut6_I2_O)        0.124     7.912 r  Ca_OBUF_inst_i_12/O
                         net (fo=1, routed)           0.000     7.912    Ca_OBUF_inst_i_12_n_0
    SLICE_X4Y81          MUXF7 (Prop_muxf7_I0_O)      0.212     8.124 r  Ca_OBUF_inst_i_5/O
                         net (fo=7, routed)           0.770     8.894    sel0[1]
    SLICE_X2Y82          LUT4 (Prop_lut4_I3_O)        0.299     9.193 r  Cd_OBUF_inst_i_1/O
                         net (fo=1, routed)           2.697    11.890    Cd_OBUF
    K13                  OBUF (Prop_obuf_I_O)         3.550    15.441 r  Cd_OBUF_inst/O
                         net (fo=0)                   0.000    15.441    Cd
    K13                                                               r  Cd (OUT)
  -------------------------------------------------------------------    -------------------

Slack:                    inf
  Source:                 DIV_CLK_reg[18]/C
                            (rising edge-triggered cell FDCE clocked by ClkPort  {rise@0.000ns fall@5.000ns period=10.000ns})
  Destination:            Cf
                            (output port)
  Path Group:             (none)
  Path Type:              Max at Slow Process Corner
  Data Path Delay:        10.053ns  (logic 4.902ns (48.760%)  route 5.151ns (51.240%))
  Logic Levels:           4  (LUT4=1 LUT6=1 MUXF7=1 OBUF=1)
  Clock Uncertainty:      0.025ns  ((TSJ^2 + TIJ^2)^1/2 + DJ) / 2 + PE
    Total System Jitter     (TSJ):    0.050ns
    Total Input Jitter      (TIJ):    0.000ns
    Discrete Jitter          (DJ):    0.000ns
    Phase Error              (PE):    0.000ns

    Location             Delay type                Incr(ns)  Path(ns)    Netlist Resource(s)
  -------------------------------------------------------------------    -------------------
                         (clock ClkPort rise edge)    0.000     0.000 r  
    E3                                                0.000     0.000 r  ClkPort (IN)
                         net (fo=0)                   0.000     0.000    ClkPort
    E3                   IBUF (Prop_ibuf_I_O)         1.482     1.482 r  ClkPort_IBUF_inst/O
                         net (fo=1, routed)           2.025     3.506    ClkPort_IBUF
    BUFGCTRL_X0Y16       BUFG (Prop_bufg_I_O)         0.096     3.602 r  ClkPort_IBUF_BUFG_inst/O
                         net (fo=157, routed)         1.719     5.322    ClkPort_IBUF_BUFG
    SLICE_X4Y86          FDCE                                         r  DIV_CLK_reg[18]/C
  -------------------------------------------------------------------    -------------------
    SLICE_X4Y86          FDCE (Prop_fdce_C_Q)         0.456     5.778 r  DIV_CLK_reg[18]/Q
                         net (fo=17, routed)          2.010     7.788    p_0_in11_in
    SLICE_X4Y81          LUT6 (Prop_lut6_I2_O)        0.124     7.912 r  Ca_OBUF_inst_i_12/O
                         net (fo=1, routed)           0.000     7.912    Ca_OBUF_inst_i_12_n_0
    SLICE_X4Y81          MUXF7 (Prop_muxf7_I0_O)      0.212     8.124 r  Ca_OBUF_inst_i_5/O
                         net (fo=7, routed)           0.770     8.894    sel0[1]
    SLICE_X2Y82          LUT4 (Prop_lut4_I3_O)        0.325     9.219 r  Cf_OBUF_inst_i_1/O
                         net (fo=1, routed)           2.370    11.590    Cf_OBUF
    T11                  OBUF (Prop_obuf_I_O)         3.785    15.374 r  Cf_OBUF_inst/O
                         net (fo=0)                   0.000    15.374    Cf
    T11                                                               r  Cf (OUT)
  -------------------------------------------------------------------    -------------------

Slack:                    inf
  Source:                 DIV_CLK_reg[18]/C
                            (rising edge-triggered cell FDCE clocked by ClkPort  {rise@0.000ns fall@5.000ns period=10.000ns})
  Destination:            Cc
                            (output port)
  Path Group:             (none)
  Path Type:              Max at Slow Process Corner
  Data Path Delay:        9.622ns  (logic 4.584ns (47.640%)  route 5.038ns (52.360%))
  Logic Levels:           4  (LUT4=1 LUT6=1 MUXF7=1 OBUF=1)
  Clock Uncertainty:      0.025ns  ((TSJ^2 + TIJ^2)^1/2 + DJ) / 2 + PE
    Total System Jitter     (TSJ):    0.050ns
    Total Input Jitter      (TIJ):    0.000ns
    Discrete Jitter          (DJ):    0.000ns
    Phase Error              (PE):    0.000ns

    Location             Delay type                Incr(ns)  Path(ns)    Netlist Resource(s)
  -------------------------------------------------------------------    -------------------
                         (clock ClkPort rise edge)    0.000     0.000 r  
    E3                                                0.000     0.000 r  ClkPort (IN)
                         net (fo=0)                   0.000     0.000    ClkPort
    E3                   IBUF (Prop_ibuf_I_O)         1.482     1.482 r  ClkPort_IBUF_inst/O
                         net (fo=1, routed)           2.025     3.506    ClkPort_IBUF
    BUFGCTRL_X0Y16       BUFG (Prop_bufg_I_O)         0.096     3.602 r  ClkPort_IBUF_BUFG_inst/O
                         net (fo=157, routed)         1.719     5.322    ClkPort_IBUF_BUFG
    SLICE_X4Y86          FDCE                                         r  DIV_CLK_reg[18]/C
  -------------------------------------------------------------------    -------------------
    SLICE_X4Y86          FDCE (Prop_fdce_C_Q)         0.456     5.778 r  DIV_CLK_reg[18]/Q
                         net (fo=17, routed)          2.010     7.788    p_0_in11_in
    SLICE_X4Y81          LUT6 (Prop_lut6_I2_O)        0.124     7.912 r  Ca_OBUF_inst_i_12/O
                         net (fo=1, routed)           0.000     7.912    Ca_OBUF_inst_i_12_n_0
    SLICE_X4Y81          MUXF7 (Prop_muxf7_I0_O)      0.212     8.124 r  Ca_OBUF_inst_i_5/O
                         net (fo=7, routed)           0.773     8.897    sel0[1]
    SLICE_X2Y82          LUT4 (Prop_lut4_I2_O)        0.299     9.196 r  Cc_OBUF_inst_i_1/O
                         net (fo=1, routed)           2.255    11.451    Cc_OBUF
    K16                  OBUF (Prop_obuf_I_O)         3.493    14.944 r  Cc_OBUF_inst/O
                         net (fo=0)                   0.000    14.944    Cc
    K16                                                               r  Cc (OUT)
  -------------------------------------------------------------------    -------------------

Slack:                    inf
  Source:                 DIV_CLK_reg[18]/C
                            (rising edge-triggered cell FDCE clocked by ClkPort  {rise@0.000ns fall@5.000ns period=10.000ns})
  Destination:            Ce
                            (output port)
  Path Group:             (none)
  Path Type:              Max at Slow Process Corner
  Data Path Delay:        9.590ns  (logic 4.855ns (50.622%)  route 4.735ns (49.378%))
  Logic Levels:           4  (LUT4=1 LUT6=1 MUXF7=1 OBUF=1)
  Clock Uncertainty:      0.025ns  ((TSJ^2 + TIJ^2)^1/2 + DJ) / 2 + PE
    Total System Jitter     (TSJ):    0.050ns
    Total Input Jitter      (TIJ):    0.000ns
    Discrete Jitter          (DJ):    0.000ns
    Phase Error              (PE):    0.000ns

    Location             Delay type                Incr(ns)  Path(ns)    Netlist Resource(s)
  -------------------------------------------------------------------    -------------------
                         (clock ClkPort rise edge)    0.000     0.000 r  
    E3                                                0.000     0.000 r  ClkPort (IN)
                         net (fo=0)                   0.000     0.000    ClkPort
    E3                   IBUF (Prop_ibuf_I_O)         1.482     1.482 r  ClkPort_IBUF_inst/O
                         net (fo=1, routed)           2.025     3.506    ClkPort_IBUF
    BUFGCTRL_X0Y16       BUFG (Prop_bufg_I_O)         0.096     3.602 r  ClkPort_IBUF_BUFG_inst/O
                         net (fo=157, routed)         1.719     5.322    ClkPort_IBUF_BUFG
    SLICE_X4Y86          FDCE                                         r  DIV_CLK_reg[18]/C
  -------------------------------------------------------------------    -------------------
    SLICE_X4Y86          FDCE (Prop_fdce_C_Q)         0.456     5.778 r  DIV_CLK_reg[18]/Q
                         net (fo=17, routed)          2.010     7.788    p_0_in11_in
    SLICE_X4Y81          LUT6 (Prop_lut6_I2_O)        0.124     7.912 f  Ca_OBUF_inst_i_12/O
                         net (fo=1, routed)           0.000     7.912    Ca_OBUF_inst_i_12_n_0
    SLICE_X4Y81          MUXF7 (Prop_muxf7_I0_O)      0.212     8.124 f  Ca_OBUF_inst_i_5/O
                         net (fo=7, routed)           0.773     8.897    sel0[1]
    SLICE_X2Y82          LUT4 (Prop_lut4_I1_O)        0.325     9.222 r  Ce_OBUF_inst_i_1/O
                         net (fo=1, routed)           1.952    11.174    Ce_OBUF
    P15                  OBUF (Prop_obuf_I_O)         3.738    14.911 r  Ce_OBUF_inst/O
                         net (fo=0)                   0.000    14.911    Ce
    P15                                                               r  Ce (OUT)
  -------------------------------------------------------------------    -------------------

Slack:                    inf
  Source:                 DIV_CLK_reg[17]/C
                            (rising edge-triggered cell FDCE clocked by ClkPort  {rise@0.000ns fall@5.000ns period=10.000ns})
  Destination:            Cg
                            (output port)
  Path Group:             (none)
  Path Type:              Max at Slow Process Corner
  Data Path Delay:        9.407ns  (logic 4.623ns (49.148%)  route 4.784ns (50.852%))
  Logic Levels:           4  (LUT4=1 LUT6=1 MUXF7=1 OBUF=1)
  Clock Uncertainty:      0.025ns  ((TSJ^2 + TIJ^2)^1/2 + DJ) / 2 + PE
    Total System Jitter     (TSJ):    0.050ns
    Total Input Jitter      (TIJ):    0.000ns
    Discrete Jitter          (DJ):    0.000ns
    Phase Error              (PE):    0.000ns

    Location             Delay type                Incr(ns)  Path(ns)    Netlist Resource(s)
  -------------------------------------------------------------------    -------------------
                         (clock ClkPort rise edge)    0.000     0.000 r  
    E3                                                0.000     0.000 r  ClkPort (IN)
                         net (fo=0)                   0.000     0.000    ClkPort
    E3                   IBUF (Prop_ibuf_I_O)         1.482     1.482 r  ClkPort_IBUF_inst/O
                         net (fo=1, routed)           2.025     3.506    ClkPort_IBUF
    BUFGCTRL_X0Y16       BUFG (Prop_bufg_I_O)         0.096     3.602 r  ClkPort_IBUF_BUFG_inst/O
                         net (fo=157, routed)         1.719     5.322    ClkPort_IBUF_BUFG
    SLICE_X4Y86          FDCE                                         r  DIV_CLK_reg[17]/C
  -------------------------------------------------------------------    -------------------
    SLICE_X4Y86          FDCE (Prop_fdce_C_Q)         0.456     5.778 r  DIV_CLK_reg[17]/Q
                         net (fo=17, routed)          1.806     7.583    DIV_CLK_reg_n_0_[17]
    SLICE_X2Y80          LUT6 (Prop_lut6_I4_O)        0.124     7.707 r  Ca_OBUF_inst_i_8/O
                         net (fo=1, routed)           0.000     7.707    Ca_OBUF_inst_i_8_n_0
    SLICE_X2Y80          MUXF7 (Prop_muxf7_I0_O)      0.209     7.916 r  Ca_OBUF_inst_i_3/O
                         net (fo=7, routed)           1.045     8.961    sel0[2]
    SLICE_X2Y82          LUT4 (Prop_lut4_I2_O)        0.297     9.258 r  Cg_OBUF_inst_i_1/O
                         net (fo=1, routed)           1.933    11.191    Cg_OBUF
    L18                  OBUF (Prop_obuf_I_O)         3.537    14.729 r  Cg_OBUF_inst/O
                         net (fo=0)                   0.000    14.729    Cg
    L18                                                               r  Cg (OUT)
  -------------------------------------------------------------------    -------------------

Slack:                    inf
  Source:                 DIV_CLK_reg[18]/C
                            (rising edge-triggered cell FDCE clocked by ClkPort  {rise@0.000ns fall@5.000ns period=10.000ns})
  Destination:            An7
                            (output port)
  Path Group:             (none)
  Path Type:              Max at Slow Process Corner
  Data Path Delay:        8.502ns  (logic 4.369ns (51.391%)  route 4.133ns (48.609%))
  Logic Levels:           2  (LUT3=1 OBUF=1)
  Clock Uncertainty:      0.025ns  ((TSJ^2 + TIJ^2)^1/2 + DJ) / 2 + PE
    Total System Jitter     (TSJ):    0.050ns
    Total Input Jitter      (TIJ):    0.000ns
    Discrete Jitter          (DJ):    0.000ns
    Phase Error              (PE):    0.000ns

    Location             Delay type                Incr(ns)  Path(ns)    Netlist Resource(s)
  -------------------------------------------------------------------    -------------------
                         (clock ClkPort rise edge)    0.000     0.000 r  
    E3                                                0.000     0.000 r  ClkPort (IN)
                         net (fo=0)                   0.000     0.000    ClkPort
    E3                   IBUF (Prop_ibuf_I_O)         1.482     1.482 r  ClkPort_IBUF_inst/O
                         net (fo=1, routed)           2.025     3.506    ClkPort_IBUF
    BUFGCTRL_X0Y16       BUFG (Prop_bufg_I_O)         0.096     3.602 r  ClkPort_IBUF_BUFG_inst/O
                         net (fo=157, routed)         1.719     5.322    ClkPort_IBUF_BUFG
    SLICE_X4Y86          FDCE                                         r  DIV_CLK_reg[18]/C
  -------------------------------------------------------------------    -------------------
    SLICE_X4Y86          FDCE (Prop_fdce_C_Q)         0.456     5.778 f  DIV_CLK_reg[18]/Q
                         net (fo=17, routed)          1.264     7.041    p_0_in11_in
    SLICE_X0Y84          LUT3 (Prop_lut3_I1_O)        0.152     7.193 r  An7_OBUF_inst_i_1/O
                         net (fo=1, routed)           2.869    10.063    An7_OBUF
    U13                  OBUF (Prop_obuf_I_O)         3.761    13.824 r  An7_OBUF_inst/O
                         net (fo=0)                   0.000    13.824    An7
    U13                                                               r  An7 (OUT)
  -------------------------------------------------------------------    -------------------

Slack:                    inf
  Source:                 DIV_CLK_reg[18]/C
                            (rising edge-triggered cell FDCE clocked by ClkPort  {rise@0.000ns fall@5.000ns period=10.000ns})
  Destination:            An3
                            (output port)
  Path Group:             (none)
  Path Type:              Max at Slow Process Corner
  Data Path Delay:        8.296ns  (logic 4.362ns (52.579%)  route 3.934ns (47.421%))
  Logic Levels:           2  (LUT3=1 OBUF=1)
  Clock Uncertainty:      0.025ns  ((TSJ^2 + TIJ^2)^1/2 + DJ) / 2 + PE
    Total System Jitter     (TSJ):    0.050ns
    Total Input Jitter      (TIJ):    0.000ns
    Discrete Jitter          (DJ):    0.000ns
    Phase Error              (PE):    0.000ns

    Location             Delay type                Incr(ns)  Path(ns)    Netlist Resource(s)
  -------------------------------------------------------------------    -------------------
                         (clock ClkPort rise edge)    0.000     0.000 r  
    E3                                                0.000     0.000 r  ClkPort (IN)
                         net (fo=0)                   0.000     0.000    ClkPort
    E3                   IBUF (Prop_ibuf_I_O)         1.482     1.482 r  ClkPort_IBUF_inst/O
                         net (fo=1, routed)           2.025     3.506    ClkPort_IBUF
    BUFGCTRL_X0Y16       BUFG (Prop_bufg_I_O)         0.096     3.602 r  ClkPort_IBUF_BUFG_inst/O
                         net (fo=157, routed)         1.719     5.322    ClkPort_IBUF_BUFG
    SLICE_X4Y86          FDCE                                         r  DIV_CLK_reg[18]/C
  -------------------------------------------------------------------    -------------------
    SLICE_X4Y86          FDCE (Prop_fdce_C_Q)         0.456     5.778 f  DIV_CLK_reg[18]/Q
                         net (fo=17, routed)          1.261     7.039    p_0_in11_in
    SLICE_X0Y84          LUT3 (Prop_lut3_I2_O)        0.152     7.191 r  An3_OBUF_inst_i_1/O
                         net (fo=1, routed)           2.673     9.864    An3_OBUF
    J14                  OBUF (Prop_obuf_I_O)         3.754    13.618 r  An3_OBUF_inst/O
                         net (fo=0)                   0.000    13.618    An3
    J14                                                               r  An3 (OUT)
  -------------------------------------------------------------------    -------------------





Min Delay Paths
--------------------------------------------------------------------------------------
Slack:                    inf
  Source:                 Done_reg/C
                            (rising edge-triggered cell FDRE clocked by ClkPort  {rise@0.000ns fall@5.000ns period=10.000ns})
  Destination:            Ld4
                            (output port)
  Path Group:             (none)
  Path Type:              Min at Fast Process Corner
  Data Path Delay:        1.812ns  (logic 1.416ns (78.179%)  route 0.395ns (21.821%))
  Logic Levels:           1  (OBUF=1)
  Clock Uncertainty:      0.025ns  ((TSJ^2 + TIJ^2)^1/2 + DJ) / 2 + PE
    Total System Jitter     (TSJ):    0.050ns
    Total Input Jitter      (TIJ):    0.000ns
    Discrete Jitter          (DJ):    0.000ns
    Phase Error              (PE):    0.000ns

    Location             Delay type                Incr(ns)  Path(ns)    Netlist Resource(s)
  -------------------------------------------------------------------    -------------------
                         (clock ClkPort rise edge)    0.000     0.000 r  
    E3                                                0.000     0.000 r  ClkPort (IN)
                         net (fo=0)                   0.000     0.000    ClkPort
    E3                   IBUF (Prop_ibuf_I_O)         0.250     0.250 r  ClkPort_IBUF_inst/O
                         net (fo=1, routed)           0.644     0.894    ClkPort_IBUF
    BUFGCTRL_X0Y16       BUFG (Prop_bufg_I_O)         0.026     0.920 r  ClkPort_IBUF_BUFG_inst/O
                         net (fo=157, routed)         0.597     1.516    ClkPort_IBUF_BUFG
    SLICE_X2Y81          FDRE                                         r  Done_reg/C
  -------------------------------------------------------------------    -------------------
    SLICE_X2Y81          FDRE (Prop_fdre_C_Q)         0.164     1.680 r  Done_reg/Q
                         net (fo=1, routed)           0.395     2.076    Ld4_OBUF
    R18                  OBUF (Prop_obuf_I_O)         1.252     3.328 r  Ld4_OBUF_inst/O
                         net (fo=0)                   0.000     3.328    Ld4
    R18                                                               r  Ld4 (OUT)
  -------------------------------------------------------------------    -------------------

Slack:                    inf
  Source:                 Qc_reg/C
                            (rising edge-triggered cell FDRE clocked by ClkPort  {rise@0.000ns fall@5.000ns period=10.000ns})
  Destination:            Ld6
                            (output port)
  Path Group:             (none)
  Path Type:              Min at Fast Process Corner
  Data Path Delay:        1.980ns  (logic 1.420ns (71.700%)  route 0.560ns (28.300%))
  Logic Levels:           1  (OBUF=1)
  Clock Uncertainty:      0.025ns  ((TSJ^2 + TIJ^2)^1/2 + DJ) / 2 + PE
    Total System Jitter     (TSJ):    0.050ns
    Total Input Jitter      (TIJ):    0.000ns
    Discrete Jitter          (DJ):    0.000ns
    Phase Error              (PE):    0.000ns

    Location             Delay type                Incr(ns)  Path(ns)    Netlist Resource(s)
  -------------------------------------------------------------------    -------------------
                         (clock ClkPort rise edge)    0.000     0.000 r  
    E3                                                0.000     0.000 r  ClkPort (IN)
                         net (fo=0)                   0.000     0.000    ClkPort
    E3                   IBUF (Prop_ibuf_I_O)         0.250     0.250 r  ClkPort_IBUF_inst/O
                         net (fo=1, routed)           0.644     0.894    ClkPort_IBUF
    BUFGCTRL_X0Y16       BUFG (Prop_bufg_I_O)         0.026     0.920 r  ClkPort_IBUF_BUFG_inst/O
                         net (fo=157, routed)         0.597     1.516    ClkPort_IBUF_BUFG
    SLICE_X2Y81          FDRE                                         r  Qc_reg/C
  -------------------------------------------------------------------    -------------------
    SLICE_X2Y81          FDRE (Prop_fdre_C_Q)         0.164     1.680 r  Qc_reg/Q
                         net (fo=1, routed)           0.560     2.241    Ld6_OBUF
    U17                  OBUF (Prop_obuf_I_O)         1.256     3.496 r  Ld6_OBUF_inst/O
                         net (fo=0)                   0.000     3.496    Ld6
    U17                                                               r  Ld6 (OUT)
  -------------------------------------------------------------------    -------------------

Slack:                    inf
  Source:                 Qi_reg/C
                            (rising edge-triggered cell FDRE clocked by ClkPort  {rise@0.000ns fall@5.000ns period=10.000ns})
  Destination:            Ld7
                            (output port)
  Path Group:             (none)
  Path Type:              Min at Fast Process Corner
  Data Path Delay:        2.026ns  (logic 1.420ns (70.094%)  route 0.606ns (29.906%))
  Logic Levels:           1  (OBUF=1)
  Clock Uncertainty:      0.025ns  ((TSJ^2 + TIJ^2)^1/2 + DJ) / 2 + PE
    Total System Jitter     (TSJ):    0.050ns
    Total Input Jitter      (TIJ):    0.000ns
    Discrete Jitter          (DJ):    0.000ns
    Phase Error              (PE):    0.000ns

    Location             Delay type                Incr(ns)  Path(ns)    Netlist Resource(s)
  -------------------------------------------------------------------    -------------------
                         (clock ClkPort rise edge)    0.000     0.000 r  
    E3                                                0.000     0.000 r  ClkPort (IN)
                         net (fo=0)                   0.000     0.000    ClkPort
    E3                   IBUF (Prop_ibuf_I_O)         0.250     0.250 r  ClkPort_IBUF_inst/O
                         net (fo=1, routed)           0.644     0.894    ClkPort_IBUF
    BUFGCTRL_X0Y16       BUFG (Prop_bufg_I_O)         0.026     0.920 r  ClkPort_IBUF_BUFG_inst/O
                         net (fo=157, routed)         0.597     1.516    ClkPort_IBUF_BUFG
    SLICE_X2Y81          FDRE                                         r  Qi_reg/C
  -------------------------------------------------------------------    -------------------
    SLICE_X2Y81          FDRE (Prop_fdre_C_Q)         0.164     1.680 r  Qi_reg/Q
                         net (fo=1, routed)           0.606     2.286    Ld7_OBUF
    U16                  OBUF (Prop_obuf_I_O)         1.256     3.542 r  Ld7_OBUF_inst/O
                         net (fo=0)                   0.000     3.542    Ld7
    U16                                                               r  Ld7 (OUT)
  -------------------------------------------------------------------    -------------------

Slack:                    inf
  Source:                 Qd_reg/C
                            (rising edge-triggered cell FDRE clocked by ClkPort  {rise@0.000ns fall@5.000ns period=10.000ns})
  Destination:            Ld5
                            (output port)
  Path Group:             (none)
  Path Type:              Min at Fast Process Corner
  Data Path Delay:        2.033ns  (logic 1.416ns (69.688%)  route 0.616ns (30.312%))
  Logic Levels:           1  (OBUF=1)
  Clock Uncertainty:      0.025ns  ((TSJ^2 + TIJ^2)^1/2 + DJ) / 2 + PE
    Total System Jitter     (TSJ):    0.050ns
    Total Input Jitter      (TIJ):    0.000ns
    Discrete Jitter          (DJ):    0.000ns
    Phase Error              (PE):    0.000ns

    Location             Delay type                Incr(ns)  Path(ns)    Netlist Resource(s)
  -------------------------------------------------------------------    -------------------
                         (clock ClkPort rise edge)    0.000     0.000 r  
    E3                                                0.000     0.000 r  ClkPort (IN)
                         net (fo=0)                   0.000     0.000    ClkPort
    E3                   IBUF (Prop_ibuf_I_O)         0.250     0.250 r  ClkPort_IBUF_inst/O
                         net (fo=1, routed)           0.644     0.894    ClkPort_IBUF
    BUFGCTRL_X0Y16       BUFG (Prop_bufg_I_O)         0.026     0.920 r  ClkPort_IBUF_BUFG_inst/O
                         net (fo=157, routed)         0.597     1.516    ClkPort_IBUF_BUFG
    SLICE_X2Y81          FDRE                                         r  Qd_reg/C
  -------------------------------------------------------------------    -------------------
    SLICE_X2Y81          FDRE (Prop_fdre_C_Q)         0.164     1.680 r  Qd_reg/Q
                         net (fo=1, routed)           0.616     2.296    Ld5_OBUF
    V17                  OBUF (Prop_obuf_I_O)         1.252     3.549 r  Ld5_OBUF_inst/O
                         net (fo=0)                   0.000     3.549    Ld5
    V17                                                               r  Ld5 (OUT)
  -------------------------------------------------------------------    -------------------

Slack:                    inf
  Source:                 DIV_CLK_reg[19]/C
                            (rising edge-triggered cell FDCE clocked by ClkPort  {rise@0.000ns fall@5.000ns period=10.000ns})
  Destination:            An4
                            (output port)
  Path Group:             (none)
  Path Type:              Min at Fast Process Corner
  Data Path Delay:        2.218ns  (logic 1.437ns (64.785%)  route 0.781ns (35.215%))
  Logic Levels:           2  (LUT3=1 OBUF=1)
  Clock Uncertainty:      0.025ns  ((TSJ^2 + TIJ^2)^1/2 + DJ) / 2 + PE
    Total System Jitter     (TSJ):    0.050ns
    Total Input Jitter      (TIJ):    0.000ns
    Discrete Jitter          (DJ):    0.000ns
    Phase Error              (PE):    0.000ns

    Location             Delay type                Incr(ns)  Path(ns)    Netlist Resource(s)
  -------------------------------------------------------------------    -------------------
                         (clock ClkPort rise edge)    0.000     0.000 r  
    E3                                                0.000     0.000 r  ClkPort (IN)
                         net (fo=0)                   0.000     0.000    ClkPort
    E3                   IBUF (Prop_ibuf_I_O)         0.250     0.250 r  ClkPort_IBUF_inst/O
                         net (fo=1, routed)           0.644     0.894    ClkPort_IBUF
    BUFGCTRL_X0Y16       BUFG (Prop_bufg_I_O)         0.026     0.920 r  ClkPort_IBUF_BUFG_inst/O
                         net (fo=157, routed)         0.599     1.518    ClkPort_IBUF_BUFG
    SLICE_X4Y86          FDCE                                         r  DIV_CLK_reg[19]/C
  -------------------------------------------------------------------    -------------------
    SLICE_X4Y86          FDCE (Prop_fdce_C_Q)         0.141     1.659 f  DIV_CLK_reg[19]/Q
                         net (fo=13, routed)          0.462     2.122    p_0_in
    SLICE_X0Y82          LUT3 (Prop_lut3_I2_O)        0.045     2.167 r  An4_OBUF_inst_i_1/O
                         net (fo=1, routed)           0.319     2.485    An4_OBUF
    P14                  OBUF (Prop_obuf_I_O)         1.251     3.736 r  An4_OBUF_inst/O
                         net (fo=0)                   0.000     3.736    An4
    P14                                                               r  An4 (OUT)
  -------------------------------------------------------------------    -------------------

Slack:                    inf
  Source:                 DIV_CLK_reg[17]/C
                            (rising edge-triggered cell FDCE clocked by ClkPort  {rise@0.000ns fall@5.000ns period=10.000ns})
  Destination:            An1
                            (output port)
  Path Group:             (none)
  Path Type:              Min at Fast Process Corner
  Data Path Delay:        2.229ns  (logic 1.422ns (63.815%)  route 0.807ns (36.185%))
  Logic Levels:           2  (LUT3=1 OBUF=1)
  Clock Uncertainty:      0.025ns  ((TSJ^2 + TIJ^2)^1/2 + DJ) / 2 + PE
    Total System Jitter     (TSJ):    0.050ns
    Total Input Jitter      (TIJ):    0.000ns
    Discrete Jitter          (DJ):    0.000ns
    Phase Error              (PE):    0.000ns

    Location             Delay type                Incr(ns)  Path(ns)    Netlist Resource(s)
  -------------------------------------------------------------------    -------------------
                         (clock ClkPort rise edge)    0.000     0.000 r  
    E3                                                0.000     0.000 r  ClkPort (IN)
                         net (fo=0)                   0.000     0.000    ClkPort
    E3                   IBUF (Prop_ibuf_I_O)         0.250     0.250 r  ClkPort_IBUF_inst/O
                         net (fo=1, routed)           0.644     0.894    ClkPort_IBUF
    BUFGCTRL_X0Y16       BUFG (Prop_bufg_I_O)         0.026     0.920 r  ClkPort_IBUF_BUFG_inst/O
                         net (fo=157, routed)         0.599     1.518    ClkPort_IBUF_BUFG
    SLICE_X4Y86          FDCE                                         r  DIV_CLK_reg[17]/C
  -------------------------------------------------------------------    -------------------
    SLICE_X4Y86          FDCE (Prop_fdce_C_Q)         0.141     1.659 f  DIV_CLK_reg[17]/Q
                         net (fo=17, routed)          0.231     1.891    DIV_CLK_reg_n_0_[17]
    SLICE_X0Y86          LUT3 (Prop_lut3_I2_O)        0.045     1.936 r  An1_OBUF_inst_i_1/O
                         net (fo=1, routed)           0.575     2.511    An1_OBUF
    J18                  OBUF (Prop_obuf_I_O)         1.236     3.747 r  An1_OBUF_inst/O
                         net (fo=0)                   0.000     3.747    An1
    J18                                                               r  An1 (OUT)
  -------------------------------------------------------------------    -------------------

Slack:                    inf
  Source:                 DIV_CLK_reg[17]/C
                            (rising edge-triggered cell FDCE clocked by ClkPort  {rise@0.000ns fall@5.000ns period=10.000ns})
  Destination:            An0
                            (output port)
  Path Group:             (none)
  Path Type:              Min at Fast Process Corner
  Data Path Delay:        2.305ns  (logic 1.485ns (64.443%)  route 0.820ns (35.557%))
  Logic Levels:           2  (LUT3=1 OBUF=1)
  Clock Uncertainty:      0.025ns  ((TSJ^2 + TIJ^2)^1/2 + DJ) / 2 + PE
    Total System Jitter     (TSJ):    0.050ns
    Total Input Jitter      (TIJ):    0.000ns
    Discrete Jitter          (DJ):    0.000ns
    Phase Error              (PE):    0.000ns

    Location             Delay type                Incr(ns)  Path(ns)    Netlist Resource(s)
  -------------------------------------------------------------------    -------------------
                         (clock ClkPort rise edge)    0.000     0.000 r  
    E3                                                0.000     0.000 r  ClkPort (IN)
                         net (fo=0)                   0.000     0.000    ClkPort
    E3                   IBUF (Prop_ibuf_I_O)         0.250     0.250 r  ClkPort_IBUF_inst/O
                         net (fo=1, routed)           0.644     0.894    ClkPort_IBUF
    BUFGCTRL_X0Y16       BUFG (Prop_bufg_I_O)         0.026     0.920 r  ClkPort_IBUF_BUFG_inst/O
                         net (fo=157, routed)         0.599     1.518    ClkPort_IBUF_BUFG
    SLICE_X4Y86          FDCE                                         r  DIV_CLK_reg[17]/C
  -------------------------------------------------------------------    -------------------
    SLICE_X4Y86          FDCE (Prop_fdce_C_Q)         0.141     1.659 r  DIV_CLK_reg[17]/Q
                         net (fo=17, routed)          0.231     1.891    DIV_CLK_reg_n_0_[17]
    SLICE_X0Y86          LUT3 (Prop_lut3_I1_O)        0.046     1.937 r  An0_OBUF_inst_i_1/O
                         net (fo=1, routed)           0.588     2.525    An0_OBUF
    J17                  OBUF (Prop_obuf_I_O)         1.298     3.823 r  An0_OBUF_inst/O
                         net (fo=0)                   0.000     3.823    An0
    J17                                                               r  An0 (OUT)
  -------------------------------------------------------------------    -------------------

Slack:                    inf
  Source:                 Remainder_reg[2]/C
                            (rising edge-triggered cell FDRE clocked by ClkPort  {rise@0.000ns fall@5.000ns period=10.000ns})
  Destination:            Cc
                            (output port)
  Path Group:             (none)
  Path Type:              Min at Fast Process Corner
  Data Path Delay:        2.434ns  (logic 1.550ns (63.701%)  route 0.883ns (36.299%))
  Logic Levels:           4  (LUT4=1 LUT6=1 MUXF7=1 OBUF=1)
  Clock Uncertainty:      0.025ns  ((TSJ^2 + TIJ^2)^1/2 + DJ) / 2 + PE
    Total System Jitter     (TSJ):    0.050ns
    Total Input Jitter      (TIJ):    0.000ns
    Discrete Jitter          (DJ):    0.000ns
    Phase Error              (PE):    0.000ns

    Location             Delay type                Incr(ns)  Path(ns)    Netlist Resource(s)
  -------------------------------------------------------------------    -------------------
                         (clock ClkPort rise edge)    0.000     0.000 r  
    E3                                                0.000     0.000 r  ClkPort (IN)
                         net (fo=0)                   0.000     0.000    ClkPort
    E3                   IBUF (Prop_ibuf_I_O)         0.250     0.250 r  ClkPort_IBUF_inst/O
                         net (fo=1, routed)           0.644     0.894    ClkPort_IBUF
    BUFGCTRL_X0Y16       BUFG (Prop_bufg_I_O)         0.026     0.920 r  ClkPort_IBUF_BUFG_inst/O
                         net (fo=157, routed)         0.596     1.515    ClkPort_IBUF_BUFG
    SLICE_X3Y80          FDRE                                         r  Remainder_reg[2]/C
  -------------------------------------------------------------------    -------------------
    SLICE_X3Y80          FDRE (Prop_fdre_C_Q)         0.141     1.656 r  Remainder_reg[2]/Q
                         net (fo=1, routed)           0.054     1.710    Remainder_reg_n_0_[2]
    SLICE_X2Y80          LUT6 (Prop_lut6_I5_O)        0.045     1.755 r  Ca_OBUF_inst_i_8/O
                         net (fo=1, routed)           0.000     1.755    Ca_OBUF_inst_i_8_n_0
    SLICE_X2Y80          MUXF7 (Prop_muxf7_I0_O)      0.062     1.817 r  Ca_OBUF_inst_i_3/O
                         net (fo=7, routed)           0.250     2.067    sel0[2]
    SLICE_X2Y82          LUT4 (Prop_lut4_I3_O)        0.108     2.175 r  Cc_OBUF_inst_i_1/O
                         net (fo=1, routed)           0.580     2.755    Cc_OBUF
    K16                  OBUF (Prop_obuf_I_O)         1.194     3.949 r  Cc_OBUF_inst/O
                         net (fo=0)                   0.000     3.949    Cc
    K16                                                               r  Cc (OUT)
  -------------------------------------------------------------------    -------------------

Slack:                    inf
  Source:                 Remainder_reg[2]/C
                            (rising edge-triggered cell FDRE clocked by ClkPort  {rise@0.000ns fall@5.000ns period=10.000ns})
  Destination:            Ce
                            (output port)
  Path Group:             (none)
  Path Type:              Min at Fast Process Corner
  Data Path Delay:        2.440ns  (logic 1.659ns (68.015%)  route 0.780ns (31.985%))
  Logic Levels:           4  (LUT4=1 LUT6=1 MUXF7=1 OBUF=1)
  Clock Uncertainty:      0.025ns  ((TSJ^2 + TIJ^2)^1/2 + DJ) / 2 + PE
    Total System Jitter     (TSJ):    0.050ns
    Total Input Jitter      (TIJ):    0.000ns
    Discrete Jitter          (DJ):    0.000ns
    Phase Error              (PE):    0.000ns

    Location             Delay type                Incr(ns)  Path(ns)    Netlist Resource(s)
  -------------------------------------------------------------------    -------------------
                         (clock ClkPort rise edge)    0.000     0.000 r  
    E3                                                0.000     0.000 r  ClkPort (IN)
                         net (fo=0)                   0.000     0.000    ClkPort
    E3                   IBUF (Prop_ibuf_I_O)         0.250     0.250 r  ClkPort_IBUF_inst/O
                         net (fo=1, routed)           0.644     0.894    ClkPort_IBUF
    BUFGCTRL_X0Y16       BUFG (Prop_bufg_I_O)         0.026     0.920 r  ClkPort_IBUF_BUFG_inst/O
                         net (fo=157, routed)         0.596     1.515    ClkPort_IBUF_BUFG
    SLICE_X3Y80          FDRE                                         r  Remainder_reg[2]/C
  -------------------------------------------------------------------    -------------------
    SLICE_X3Y80          FDRE (Prop_fdre_C_Q)         0.141     1.656 r  Remainder_reg[2]/Q
                         net (fo=1, routed)           0.054     1.710    Remainder_reg_n_0_[2]
    SLICE_X2Y80          LUT6 (Prop_lut6_I5_O)        0.045     1.755 r  Ca_OBUF_inst_i_8/O
                         net (fo=1, routed)           0.000     1.755    Ca_OBUF_inst_i_8_n_0
    SLICE_X2Y80          MUXF7 (Prop_muxf7_I0_O)      0.062     1.817 r  Ca_OBUF_inst_i_3/O
                         net (fo=7, routed)           0.250     2.067    sel0[2]
    SLICE_X2Y82          LUT4 (Prop_lut4_I2_O)        0.111     2.178 r  Ce_OBUF_inst_i_1/O
                         net (fo=1, routed)           0.477     2.655    Ce_OBUF
    P15                  OBUF (Prop_obuf_I_O)         1.300     3.955 r  Ce_OBUF_inst/O
                         net (fo=0)                   0.000     3.955    Ce
    P15                                                               r  Ce (OUT)
  -------------------------------------------------------------------    -------------------

Slack:                    inf
  Source:                 DIV_CLK_reg[19]/C
                            (rising edge-triggered cell FDCE clocked by ClkPort  {rise@0.000ns fall@5.000ns period=10.000ns})
  Destination:            An5
                            (output port)
  Path Group:             (none)
  Path Type:              Min at Fast Process Corner
  Data Path Delay:        2.444ns  (logic 1.499ns (61.351%)  route 0.945ns (38.649%))
  Logic Levels:           2  (LUT3=1 OBUF=1)
  Clock Uncertainty:      0.025ns  ((TSJ^2 + TIJ^2)^1/2 + DJ) / 2 + PE
    Total System Jitter     (TSJ):    0.050ns
    Total Input Jitter      (TIJ):    0.000ns
    Discrete Jitter          (DJ):    0.000ns
    Phase Error              (PE):    0.000ns

    Location             Delay type                Incr(ns)  Path(ns)    Netlist Resource(s)
  -------------------------------------------------------------------    -------------------
                         (clock ClkPort rise edge)    0.000     0.000 r  
    E3                                                0.000     0.000 r  ClkPort (IN)
                         net (fo=0)                   0.000     0.000    ClkPort
    E3                   IBUF (Prop_ibuf_I_O)         0.250     0.250 r  ClkPort_IBUF_inst/O
                         net (fo=1, routed)           0.644     0.894    ClkPort_IBUF
    BUFGCTRL_X0Y16       BUFG (Prop_bufg_I_O)         0.026     0.920 r  ClkPort_IBUF_BUFG_inst/O
                         net (fo=157, routed)         0.599     1.518    ClkPort_IBUF_BUFG
    SLICE_X4Y86          FDCE                                         r  DIV_CLK_reg[19]/C
  -------------------------------------------------------------------    -------------------
    SLICE_X4Y86          FDCE (Prop_fdce_C_Q)         0.141     1.659 f  DIV_CLK_reg[19]/Q
                         net (fo=13, routed)          0.462     2.122    p_0_in
    SLICE_X0Y82          LUT3 (Prop_lut3_I2_O)        0.044     2.166 r  An5_OBUF_inst_i_1/O
                         net (fo=1, routed)           0.482     2.648    An5_OBUF
    T14                  OBUF (Prop_obuf_I_O)         1.314     3.962 r  An5_OBUF_inst/O
                         net (fo=0)                   0.000     3.962    An5
    T14                                                               r  An5 (OUT)
  -------------------------------------------------------------------    -------------------





--------------------------------------------------------------------------------------
Path Group:  (none)
From Clock:  
  To Clock:  ClkPort

Max Delay            63 Endpoints
Min Delay            63 Endpoints
--------------------------------------------------------------------------------------


Max Delay Paths
--------------------------------------------------------------------------------------
Slack:                    inf
  Source:                 Sw9
                            (input port)
  Destination:            processor/zero_flag_flop/D
                            (rising edge-triggered cell FDRE clocked by ClkPort  {rise@0.000ns fall@5.000ns period=10.000ns})
  Path Group:             (none)
  Path Type:              Setup (Max at Slow Process Corner)
  Data Path Delay:        8.905ns  (logic 2.336ns (26.232%)  route 6.569ns (73.768%))
  Logic Levels:           5  (CARRY4=1 IBUF=1 LUT5=2 LUT6=1)
  Clock Path Skew:        4.936ns (DCD - SCD + CPR)
    Destination Clock Delay (DCD):    4.936ns
    Source Clock Delay      (SCD):    0.000ns
    Clock Pessimism Removal (CPR):    0.000ns
  Clock Uncertainty:      0.025ns  ((TSJ^2 + TIJ^2)^1/2 + DJ) / 2 + PE
    Total System Jitter     (TSJ):    0.050ns
    Total Input Jitter      (TIJ):    0.000ns
    Discrete Jitter          (DJ):    0.000ns
    Phase Error              (PE):    0.000ns

    Location             Delay type                Incr(ns)  Path(ns)    Netlist Resource(s)
  -------------------------------------------------------------------    -------------------
    U8                                                0.000     0.000 f  Sw9 (IN)
                         net (fo=0)                   0.000     0.000    Sw9
    U8                   IBUF (Prop_ibuf_I_O)         1.482     1.482 f  Sw9_IBUF_inst/O
                         net (fo=2, routed)           4.969     6.451    processor/Sw9_IBUF
    SLICE_X2Y81          LUT5 (Prop_lut5_I3_O)        0.124     6.575 f  processor/data_path_loop[1].alu_mux_lut_i_1/O
                         net (fo=1, routed)           0.544     7.119    processor/data_path_loop[1].alu_mux_lut_i_1_n_0
    SLICE_X7Y81          LUT6 (Prop_lut6_I2_O)        0.124     7.243 f  processor/data_path_loop[1].alu_mux_lut/O
                         net (fo=3, routed)           1.056     8.299    processor/alu_result_1
    SLICE_X8Y80          LUT5 (Prop_lut5_I1_O)        0.152     8.451 r  processor/lower_zero_lut/O
                         net (fo=1, routed)           0.000     8.451    processor/lower_zero
    SLICE_X8Y80          CARRY4 (Prop_carry4_DI[1]_CO[3])
                                                      0.454     8.905 r  processor/init_zero_muxcy_CARRY4/CO[3]
                         net (fo=1, routed)           0.000     8.905    processor/zero_flag_value
    SLICE_X8Y80          FDRE                                         r  processor/zero_flag_flop/D
  -------------------------------------------------------------------    -------------------

                         (clock ClkPort rise edge)    0.000     0.000 r  
    E3                                                0.000     0.000 r  ClkPort (IN)
                         net (fo=0)                   0.000     0.000    ClkPort
    E3                   IBUF (Prop_ibuf_I_O)         1.411     1.411 r  ClkPort_IBUF_inst/O
                         net (fo=1, routed)           1.920     3.331    ClkPort_IBUF
    BUFGCTRL_X0Y16       BUFG (Prop_bufg_I_O)         0.091     3.422 r  ClkPort_IBUF_BUFG_inst/O
                         net (fo=157, routed)         1.513     4.936    processor/ClkPort_IBUF_BUFG
    SLICE_X8Y80          FDRE                                         r  processor/zero_flag_flop/C

Slack:                    inf
  Source:                 Sw9
                            (input port)
  Destination:            processor/lower_reg_banks/RAMA_D1/I
                            (rising edge-triggered cell RAMD32 clocked by ClkPort  {rise@0.000ns fall@5.000ns period=10.000ns})
  Path Group:             (none)
  Path Type:              Setup (Max at Slow Process Corner)
  Data Path Delay:        7.843ns  (logic 1.730ns (22.057%)  route 6.113ns (77.943%))
  Logic Levels:           3  (IBUF=1 LUT5=1 LUT6=1)
  Clock Path Skew:        4.937ns (DCD - SCD + CPR)
    Destination Clock Delay (DCD):    4.937ns
    Source Clock Delay      (SCD):    0.000ns
    Clock Pessimism Removal (CPR):    0.000ns
  Clock Uncertainty:      0.025ns  ((TSJ^2 + TIJ^2)^1/2 + DJ) / 2 + PE
    Total System Jitter     (TSJ):    0.050ns
    Total Input Jitter      (TIJ):    0.000ns
    Discrete Jitter          (DJ):    0.000ns
    Phase Error              (PE):    0.000ns

    Location             Delay type                Incr(ns)  Path(ns)    Netlist Resource(s)
  -------------------------------------------------------------------    -------------------
    U8                                                0.000     0.000 r  Sw9 (IN)
                         net (fo=0)                   0.000     0.000    Sw9
    U8                   IBUF (Prop_ibuf_I_O)         1.482     1.482 r  Sw9_IBUF_inst/O
                         net (fo=2, routed)           4.969     6.451    processor/Sw9_IBUF
    SLICE_X2Y81          LUT5 (Prop_lut5_I3_O)        0.124     6.575 r  processor/data_path_loop[1].alu_mux_lut_i_1/O
                         net (fo=1, routed)           0.544     7.119    processor/data_path_loop[1].alu_mux_lut_i_1_n_0
    SLICE_X7Y81          LUT6 (Prop_lut6_I2_O)        0.124     7.243 r  processor/data_path_loop[1].alu_mux_lut/O
                         net (fo=3, routed)           0.600     7.843    processor/lower_reg_banks/DIA1
    SLICE_X8Y81          RAMD32                                       r  processor/lower_reg_banks/RAMA_D1/I
  -------------------------------------------------------------------    -------------------

                         (clock ClkPort rise edge)    0.000     0.000 r  
    E3                                                0.000     0.000 r  ClkPort (IN)
                         net (fo=0)                   0.000     0.000    ClkPort
    E3                   IBUF (Prop_ibuf_I_O)         1.411     1.411 r  ClkPort_IBUF_inst/O
                         net (fo=1, routed)           1.920     3.331    ClkPort_IBUF
    BUFGCTRL_X0Y16       BUFG (Prop_bufg_I_O)         0.091     3.422 r  ClkPort_IBUF_BUFG_inst/O
                         net (fo=157, routed)         1.514     4.937    processor/lower_reg_banks/WCLK
    SLICE_X8Y81          RAMD32                                       r  processor/lower_reg_banks/RAMA_D1/CLK

Slack:                    inf
  Source:                 Sw9
                            (input port)
  Destination:            processor/lower_reg_banks/RAMB_D1/I
                            (rising edge-triggered cell RAMD32 clocked by ClkPort  {rise@0.000ns fall@5.000ns period=10.000ns})
  Path Group:             (none)
  Path Type:              Setup (Max at Slow Process Corner)
  Data Path Delay:        7.689ns  (logic 1.730ns (22.499%)  route 5.959ns (77.501%))
  Logic Levels:           3  (IBUF=1 LUT5=1 LUT6=1)
  Clock Path Skew:        4.937ns (DCD - SCD + CPR)
    Destination Clock Delay (DCD):    4.937ns
    Source Clock Delay      (SCD):    0.000ns
    Clock Pessimism Removal (CPR):    0.000ns
  Clock Uncertainty:      0.025ns  ((TSJ^2 + TIJ^2)^1/2 + DJ) / 2 + PE
    Total System Jitter     (TSJ):    0.050ns
    Total Input Jitter      (TIJ):    0.000ns
    Discrete Jitter          (DJ):    0.000ns
    Phase Error              (PE):    0.000ns

    Location             Delay type                Incr(ns)  Path(ns)    Netlist Resource(s)
  -------------------------------------------------------------------    -------------------
    U8                                                0.000     0.000 r  Sw9 (IN)
                         net (fo=0)                   0.000     0.000    Sw9
    U8                   IBUF (Prop_ibuf_I_O)         1.482     1.482 r  Sw9_IBUF_inst/O
                         net (fo=2, routed)           4.969     6.451    processor/Sw9_IBUF
    SLICE_X2Y81          LUT5 (Prop_lut5_I3_O)        0.124     6.575 r  processor/data_path_loop[1].alu_mux_lut_i_1/O
                         net (fo=1, routed)           0.544     7.119    processor/data_path_loop[1].alu_mux_lut_i_1_n_0
    SLICE_X7Y81          LUT6 (Prop_lut6_I2_O)        0.124     7.243 r  processor/data_path_loop[1].alu_mux_lut/O
                         net (fo=3, routed)           0.446     7.689    processor/lower_reg_banks/DIB1
    SLICE_X8Y81          RAMD32                                       r  processor/lower_reg_banks/RAMB_D1/I
  -------------------------------------------------------------------    -------------------

                         (clock ClkPort rise edge)    0.000     0.000 r  
    E3                                                0.000     0.000 r  ClkPort (IN)
                         net (fo=0)                   0.000     0.000    ClkPort
    E3                   IBUF (Prop_ibuf_I_O)         1.411     1.411 r  ClkPort_IBUF_inst/O
                         net (fo=1, routed)           1.920     3.331    ClkPort_IBUF
    BUFGCTRL_X0Y16       BUFG (Prop_bufg_I_O)         0.091     3.422 r  ClkPort_IBUF_BUFG_inst/O
                         net (fo=157, routed)         1.514     4.937    processor/lower_reg_banks/WCLK
    SLICE_X8Y81          RAMD32                                       r  processor/lower_reg_banks/RAMB_D1/CLK

Slack:                    inf
  Source:                 Sw8
                            (input port)
  Destination:            processor/lower_reg_banks/RAMA/I
                            (rising edge-triggered cell RAMD32 clocked by ClkPort  {rise@0.000ns fall@5.000ns period=10.000ns})
  Path Group:             (none)
  Path Type:              Setup (Max at Slow Process Corner)
  Data Path Delay:        7.477ns  (logic 1.745ns (23.340%)  route 5.732ns (76.660%))
  Logic Levels:           3  (IBUF=1 LUT5=1 LUT6=1)
  Clock Path Skew:        4.937ns (DCD - SCD + CPR)
    Destination Clock Delay (DCD):    4.937ns
    Source Clock Delay      (SCD):    0.000ns
    Clock Pessimism Removal (CPR):    0.000ns
  Clock Uncertainty:      0.025ns  ((TSJ^2 + TIJ^2)^1/2 + DJ) / 2 + PE
    Total System Jitter     (TSJ):    0.050ns
    Total Input Jitter      (TIJ):    0.000ns
    Discrete Jitter          (DJ):    0.000ns
    Phase Error              (PE):    0.000ns

    Location             Delay type                Incr(ns)  Path(ns)    Netlist Resource(s)
  -------------------------------------------------------------------    -------------------
    T8                                                0.000     0.000 r  Sw8 (IN)
                         net (fo=0)                   0.000     0.000    Sw8
    T8                   IBUF (Prop_ibuf_I_O)         1.497     1.497 r  Sw8_IBUF_inst/O
                         net (fo=2, routed)           4.625     6.122    processor/Sw8_IBUF
    SLICE_X4Y79          LUT5 (Prop_lut5_I3_O)        0.124     6.246 r  processor/data_path_loop[0].alu_mux_lut_i_1/O
                         net (fo=1, routed)           0.404     6.650    processor/data_path_loop[0].alu_mux_lut_i_1_n_0
    SLICE_X5Y80          LUT6 (Prop_lut6_I2_O)        0.124     6.774 r  processor/data_path_loop[0].alu_mux_lut/O
                         net (fo=3, routed)           0.702     7.477    processor/lower_reg_banks/DIA0
    SLICE_X8Y81          RAMD32                                       r  processor/lower_reg_banks/RAMA/I
  -------------------------------------------------------------------    -------------------

                         (clock ClkPort rise edge)    0.000     0.000 r  
    E3                                                0.000     0.000 r  ClkPort (IN)
                         net (fo=0)                   0.000     0.000    ClkPort
    E3                   IBUF (Prop_ibuf_I_O)         1.411     1.411 r  ClkPort_IBUF_inst/O
                         net (fo=1, routed)           1.920     3.331    ClkPort_IBUF
    BUFGCTRL_X0Y16       BUFG (Prop_bufg_I_O)         0.091     3.422 r  ClkPort_IBUF_BUFG_inst/O
                         net (fo=157, routed)         1.514     4.937    processor/lower_reg_banks/WCLK
    SLICE_X8Y81          RAMD32                                       r  processor/lower_reg_banks/RAMA/CLK

Slack:                    inf
  Source:                 Sw8
                            (input port)
  Destination:            processor/lower_reg_banks/RAMB/I
                            (rising edge-triggered cell RAMD32 clocked by ClkPort  {rise@0.000ns fall@5.000ns period=10.000ns})
  Path Group:             (none)
  Path Type:              Setup (Max at Slow Process Corner)
  Data Path Delay:        7.477ns  (logic 1.745ns (23.340%)  route 5.732ns (76.660%))
  Logic Levels:           3  (IBUF=1 LUT5=1 LUT6=1)
  Clock Path Skew:        4.937ns (DCD - SCD + CPR)
    Destination Clock Delay (DCD):    4.937ns
    Source Clock Delay      (SCD):    0.000ns
    Clock Pessimism Removal (CPR):    0.000ns
  Clock Uncertainty:      0.025ns  ((TSJ^2 + TIJ^2)^1/2 + DJ) / 2 + PE
    Total System Jitter     (TSJ):    0.050ns
    Total Input Jitter      (TIJ):    0.000ns
    Discrete Jitter          (DJ):    0.000ns
    Phase Error              (PE):    0.000ns

    Location             Delay type                Incr(ns)  Path(ns)    Netlist Resource(s)
  -------------------------------------------------------------------    -------------------
    T8                                                0.000     0.000 r  Sw8 (IN)
                         net (fo=0)                   0.000     0.000    Sw8
    T8                   IBUF (Prop_ibuf_I_O)         1.497     1.497 r  Sw8_IBUF_inst/O
                         net (fo=2, routed)           4.625     6.122    processor/Sw8_IBUF
    SLICE_X4Y79          LUT5 (Prop_lut5_I3_O)        0.124     6.246 r  processor/data_path_loop[0].alu_mux_lut_i_1/O
                         net (fo=1, routed)           0.404     6.650    processor/data_path_loop[0].alu_mux_lut_i_1_n_0
    SLICE_X5Y80          LUT6 (Prop_lut6_I2_O)        0.124     6.774 r  processor/data_path_loop[0].alu_mux_lut/O
                         net (fo=3, routed)           0.702     7.477    processor/lower_reg_banks/DIB0
    SLICE_X8Y81          RAMD32                                       r  processor/lower_reg_banks/RAMB/I
  -------------------------------------------------------------------    -------------------

                         (clock ClkPort rise edge)    0.000     0.000 r  
    E3                                                0.000     0.000 r  ClkPort (IN)
                         net (fo=0)                   0.000     0.000    ClkPort
    E3                   IBUF (Prop_ibuf_I_O)         1.411     1.411 r  ClkPort_IBUF_inst/O
                         net (fo=1, routed)           1.920     3.331    ClkPort_IBUF
    BUFGCTRL_X0Y16       BUFG (Prop_bufg_I_O)         0.091     3.422 r  ClkPort_IBUF_BUFG_inst/O
                         net (fo=157, routed)         1.514     4.937    processor/lower_reg_banks/WCLK
    SLICE_X8Y81          RAMD32                                       r  processor/lower_reg_banks/RAMB/CLK

Slack:                    inf
  Source:                 Sw12
                            (input port)
  Destination:            processor/upper_reg_banks/RAMA/I
                            (rising edge-triggered cell RAMD32 clocked by ClkPort  {rise@0.000ns fall@5.000ns period=10.000ns})
  Path Group:             (none)
  Path Type:              Setup (Max at Slow Process Corner)
  Data Path Delay:        7.087ns  (logic 1.948ns (27.480%)  route 5.140ns (72.520%))
  Logic Levels:           3  (IBUF=1 LUT4=1 LUT6=1)
  Clock Path Skew:        5.015ns (DCD - SCD + CPR)
    Destination Clock Delay (DCD):    5.015ns
    Source Clock Delay      (SCD):    0.000ns
    Clock Pessimism Removal (CPR):    0.000ns
  Clock Uncertainty:      0.025ns  ((TSJ^2 + TIJ^2)^1/2 + DJ) / 2 + PE
    Total System Jitter     (TSJ):    0.050ns
    Total Input Jitter      (TIJ):    0.000ns
    Discrete Jitter          (DJ):    0.000ns
    Phase Error              (PE):    0.000ns

    Location             Delay type                Incr(ns)  Path(ns)    Netlist Resource(s)
  -------------------------------------------------------------------    -------------------
    H6                                                0.000     0.000 r  Sw12 (IN)
                         net (fo=0)                   0.000     0.000    Sw12
    H6                   IBUF (Prop_ibuf_I_O)         1.467     1.467 r  Sw12_IBUF_inst/O
                         net (fo=2, routed)           4.495     5.962    processor/Sw12_IBUF
    SLICE_X3Y80          LUT4 (Prop_lut4_I1_O)        0.154     6.116 r  processor/data_path_loop[4].alu_mux_lut_i_1/O
                         net (fo=1, routed)           0.311     6.426    processor/data_path_loop[4].alu_mux_lut_i_1_n_0
    SLICE_X4Y80          LUT6 (Prop_lut6_I2_O)        0.327     6.753 r  processor/data_path_loop[4].alu_mux_lut/O
                         net (fo=3, routed)           0.334     7.087    processor/upper_reg_banks/DIA0
    SLICE_X6Y80          RAMD32                                       r  processor/upper_reg_banks/RAMA/I
  -------------------------------------------------------------------    -------------------

                         (clock ClkPort rise edge)    0.000     0.000 r  
    E3                                                0.000     0.000 r  ClkPort (IN)
                         net (fo=0)                   0.000     0.000    ClkPort
    E3                   IBUF (Prop_ibuf_I_O)         1.411     1.411 r  ClkPort_IBUF_inst/O
                         net (fo=1, routed)           1.920     3.331    ClkPort_IBUF
    BUFGCTRL_X0Y16       BUFG (Prop_bufg_I_O)         0.091     3.422 r  ClkPort_IBUF_BUFG_inst/O
                         net (fo=157, routed)         1.592     5.015    processor/upper_reg_banks/WCLK
    SLICE_X6Y80          RAMD32                                       r  processor/upper_reg_banks/RAMA/CLK

Slack:                    inf
  Source:                 Sw12
                            (input port)
  Destination:            processor/upper_reg_banks/RAMB/I
                            (rising edge-triggered cell RAMD32 clocked by ClkPort  {rise@0.000ns fall@5.000ns period=10.000ns})
  Path Group:             (none)
  Path Type:              Setup (Max at Slow Process Corner)
  Data Path Delay:        7.087ns  (logic 1.948ns (27.480%)  route 5.140ns (72.520%))
  Logic Levels:           3  (IBUF=1 LUT4=1 LUT6=1)
  Clock Path Skew:        5.015ns (DCD - SCD + CPR)
    Destination Clock Delay (DCD):    5.015ns
    Source Clock Delay      (SCD):    0.000ns
    Clock Pessimism Removal (CPR):    0.000ns
  Clock Uncertainty:      0.025ns  ((TSJ^2 + TIJ^2)^1/2 + DJ) / 2 + PE
    Total System Jitter     (TSJ):    0.050ns
    Total Input Jitter      (TIJ):    0.000ns
    Discrete Jitter          (DJ):    0.000ns
    Phase Error              (PE):    0.000ns

    Location             Delay type                Incr(ns)  Path(ns)    Netlist Resource(s)
  -------------------------------------------------------------------    -------------------
    H6                                                0.000     0.000 r  Sw12 (IN)
                         net (fo=0)                   0.000     0.000    Sw12
    H6                   IBUF (Prop_ibuf_I_O)         1.467     1.467 r  Sw12_IBUF_inst/O
                         net (fo=2, routed)           4.495     5.962    processor/Sw12_IBUF
    SLICE_X3Y80          LUT4 (Prop_lut4_I1_O)        0.154     6.116 r  processor/data_path_loop[4].alu_mux_lut_i_1/O
                         net (fo=1, routed)           0.311     6.426    processor/data_path_loop[4].alu_mux_lut_i_1_n_0
    SLICE_X4Y80          LUT6 (Prop_lut6_I2_O)        0.327     6.753 r  processor/data_path_loop[4].alu_mux_lut/O
                         net (fo=3, routed)           0.334     7.087    processor/upper_reg_banks/DIB0
    SLICE_X6Y80          RAMD32                                       r  processor/upper_reg_banks/RAMB/I
  -------------------------------------------------------------------    -------------------

                         (clock ClkPort rise edge)    0.000     0.000 r  
    E3                                                0.000     0.000 r  ClkPort (IN)
                         net (fo=0)                   0.000     0.000    ClkPort
    E3                   IBUF (Prop_ibuf_I_O)         1.411     1.411 r  ClkPort_IBUF_inst/O
                         net (fo=1, routed)           1.920     3.331    ClkPort_IBUF
    BUFGCTRL_X0Y16       BUFG (Prop_bufg_I_O)         0.091     3.422 r  ClkPort_IBUF_BUFG_inst/O
                         net (fo=157, routed)         1.592     5.015    processor/upper_reg_banks/WCLK
    SLICE_X6Y80          RAMD32                                       r  processor/upper_reg_banks/RAMB/CLK

Slack:                    inf
  Source:                 Sw11
                            (input port)
  Destination:            processor/lower_reg_banks/RAMC_D1/I
                            (rising edge-triggered cell RAMD32 clocked by ClkPort  {rise@0.000ns fall@5.000ns period=10.000ns})
  Path Group:             (none)
  Path Type:              Setup (Max at Slow Process Corner)
  Data Path Delay:        5.571ns  (logic 1.976ns (35.473%)  route 3.595ns (64.527%))
  Logic Levels:           3  (IBUF=1 LUT4=1 LUT6=1)
  Clock Path Skew:        4.937ns (DCD - SCD + CPR)
    Destination Clock Delay (DCD):    4.937ns
    Source Clock Delay      (SCD):    0.000ns
    Clock Pessimism Removal (CPR):    0.000ns
  Clock Uncertainty:      0.025ns  ((TSJ^2 + TIJ^2)^1/2 + DJ) / 2 + PE
    Total System Jitter     (TSJ):    0.050ns
    Total Input Jitter      (TIJ):    0.000ns
    Discrete Jitter          (DJ):    0.000ns
    Phase Error              (PE):    0.000ns

    Location             Delay type                Incr(ns)  Path(ns)    Netlist Resource(s)
  -------------------------------------------------------------------    -------------------
    T13                                               0.000     0.000 r  Sw11 (IN)
                         net (fo=0)                   0.000     0.000    Sw11
    T13                  IBUF (Prop_ibuf_I_O)         1.502     1.502 r  Sw11_IBUF_inst/O
                         net (fo=2, routed)           2.563     4.065    processor/Sw11_IBUF
    SLICE_X2Y81          LUT4 (Prop_lut4_I1_O)        0.146     4.211 r  processor/data_path_loop[3].alu_mux_lut_i_1/O
                         net (fo=1, routed)           0.444     4.655    processor/data_path_loop[3].alu_mux_lut_i_1_n_0
    SLICE_X5Y80          LUT6 (Prop_lut6_I2_O)        0.328     4.983 r  processor/data_path_loop[3].alu_mux_lut/O
                         net (fo=3, routed)           0.587     5.571    processor/lower_reg_banks/DIC1
    SLICE_X8Y81          RAMD32                                       r  processor/lower_reg_banks/RAMC_D1/I
  -------------------------------------------------------------------    -------------------

                         (clock ClkPort rise edge)    0.000     0.000 r  
    E3                                                0.000     0.000 r  ClkPort (IN)
                         net (fo=0)                   0.000     0.000    ClkPort
    E3                   IBUF (Prop_ibuf_I_O)         1.411     1.411 r  ClkPort_IBUF_inst/O
                         net (fo=1, routed)           1.920     3.331    ClkPort_IBUF
    BUFGCTRL_X0Y16       BUFG (Prop_bufg_I_O)         0.091     3.422 r  ClkPort_IBUF_BUFG_inst/O
                         net (fo=157, routed)         1.514     4.937    processor/lower_reg_banks/WCLK
    SLICE_X8Y81          RAMD32                                       r  processor/lower_reg_banks/RAMC_D1/CLK

Slack:                    inf
  Source:                 Sw11
                            (input port)
  Destination:            processor/lower_reg_banks/RAMD_D1/I
                            (rising edge-triggered cell RAMS32 clocked by ClkPort  {rise@0.000ns fall@5.000ns period=10.000ns})
  Path Group:             (none)
  Path Type:              Setup (Max at Slow Process Corner)
  Data Path Delay:        5.571ns  (logic 1.976ns (35.473%)  route 3.595ns (64.527%))
  Logic Levels:           3  (IBUF=1 LUT4=1 LUT6=1)
  Clock Path Skew:        4.937ns (DCD - SCD + CPR)
    Destination Clock Delay (DCD):    4.937ns
    Source Clock Delay      (SCD):    0.000ns
    Clock Pessimism Removal (CPR):    0.000ns
  Clock Uncertainty:      0.025ns  ((TSJ^2 + TIJ^2)^1/2 + DJ) / 2 + PE
    Total System Jitter     (TSJ):    0.050ns
    Total Input Jitter      (TIJ):    0.000ns
    Discrete Jitter          (DJ):    0.000ns
    Phase Error              (PE):    0.000ns

    Location             Delay type                Incr(ns)  Path(ns)    Netlist Resource(s)
  -------------------------------------------------------------------    -------------------
    T13                                               0.000     0.000 r  Sw11 (IN)
                         net (fo=0)                   0.000     0.000    Sw11
    T13                  IBUF (Prop_ibuf_I_O)         1.502     1.502 r  Sw11_IBUF_inst/O
                         net (fo=2, routed)           2.563     4.065    processor/Sw11_IBUF
    SLICE_X2Y81          LUT4 (Prop_lut4_I1_O)        0.146     4.211 r  processor/data_path_loop[3].alu_mux_lut_i_1/O
                         net (fo=1, routed)           0.444     4.655    processor/data_path_loop[3].alu_mux_lut_i_1_n_0
    SLICE_X5Y80          LUT6 (Prop_lut6_I2_O)        0.328     4.983 r  processor/data_path_loop[3].alu_mux_lut/O
                         net (fo=3, routed)           0.587     5.571    processor/lower_reg_banks/DID1
    SLICE_X8Y81          RAMS32                                       r  processor/lower_reg_banks/RAMD_D1/I
  -------------------------------------------------------------------    -------------------

                         (clock ClkPort rise edge)    0.000     0.000 r  
    E3                                                0.000     0.000 r  ClkPort (IN)
                         net (fo=0)                   0.000     0.000    ClkPort
    E3                   IBUF (Prop_ibuf_I_O)         1.411     1.411 r  ClkPort_IBUF_inst/O
                         net (fo=1, routed)           1.920     3.331    ClkPort_IBUF
    BUFGCTRL_X0Y16       BUFG (Prop_bufg_I_O)         0.091     3.422 r  ClkPort_IBUF_BUFG_inst/O
                         net (fo=157, routed)         1.514     4.937    processor/lower_reg_banks/WCLK
    SLICE_X8Y81          RAMS32                                       r  processor/lower_reg_banks/RAMD_D1/CLK

Slack:                    inf
  Source:                 Sw13
                            (input port)
  Destination:            processor/upper_reg_banks/RAMA_D1/I
                            (rising edge-triggered cell RAMD32 clocked by ClkPort  {rise@0.000ns fall@5.000ns period=10.000ns})
  Path Group:             (none)
  Path Type:              Setup (Max at Slow Process Corner)
  Data Path Delay:        5.156ns  (logic 2.003ns (38.857%)  route 3.152ns (61.143%))
  Logic Levels:           3  (IBUF=1 LUT4=1 LUT6=1)
  Clock Path Skew:        5.015ns (DCD - SCD + CPR)
    Destination Clock Delay (DCD):    5.015ns
    Source Clock Delay      (SCD):    0.000ns
    Clock Pessimism Removal (CPR):    0.000ns
  Clock Uncertainty:      0.025ns  ((TSJ^2 + TIJ^2)^1/2 + DJ) / 2 + PE
    Total System Jitter     (TSJ):    0.050ns
    Total Input Jitter      (TIJ):    0.000ns
    Discrete Jitter          (DJ):    0.000ns
    Phase Error              (PE):    0.000ns

    Location             Delay type                Incr(ns)  Path(ns)    Netlist Resource(s)
  -------------------------------------------------------------------    -------------------
    U12                                               0.000     0.000 r  Sw13 (IN)
                         net (fo=0)                   0.000     0.000    Sw13
    U12                  IBUF (Prop_ibuf_I_O)         1.523     1.523 r  Sw13_IBUF_inst/O
                         net (fo=2, routed)           2.037     3.561    processor/Sw13_IBUF
    SLICE_X3Y81          LUT4 (Prop_lut4_I1_O)        0.153     3.714 r  processor/data_path_loop[5].alu_mux_lut_i_1/O
                         net (fo=1, routed)           0.445     4.159    processor/data_path_loop[5].alu_mux_lut_i_1_n_0
    SLICE_X5Y79          LUT6 (Prop_lut6_I2_O)        0.327     4.486 r  processor/data_path_loop[5].alu_mux_lut/O
                         net (fo=3, routed)           0.670     5.156    processor/upper_reg_banks/DIA1
    SLICE_X6Y80          RAMD32                                       r  processor/upper_reg_banks/RAMA_D1/I
  -------------------------------------------------------------------    -------------------

                         (clock ClkPort rise edge)    0.000     0.000 r  
    E3                                                0.000     0.000 r  ClkPort (IN)
                         net (fo=0)                   0.000     0.000    ClkPort
    E3                   IBUF (Prop_ibuf_I_O)         1.411     1.411 r  ClkPort_IBUF_inst/O
                         net (fo=1, routed)           1.920     3.331    ClkPort_IBUF
    BUFGCTRL_X0Y16       BUFG (Prop_bufg_I_O)         0.091     3.422 r  ClkPort_IBUF_BUFG_inst/O
                         net (fo=157, routed)         1.592     5.015    processor/upper_reg_banks/WCLK
    SLICE_X6Y80          RAMD32                                       r  processor/upper_reg_banks/RAMA_D1/CLK





Min Delay Paths
--------------------------------------------------------------------------------------
Slack:                    inf
  Source:                 BtnC
                            (input port)
  Destination:            Remainder_reg[1]/R
                            (rising edge-triggered cell FDRE clocked by ClkPort  {rise@0.000ns fall@5.000ns period=10.000ns})
  Path Group:             (none)
  Path Type:              Hold (Min at Fast Process Corner)
  Data Path Delay:        0.684ns  (logic 0.244ns (35.726%)  route 0.440ns (64.274%))
  Logic Levels:           1  (IBUF=1)
  Clock Path Skew:        2.033ns (DCD - SCD - CPR)
    Destination Clock Delay (DCD):    2.033ns
    Source Clock Delay      (SCD):    0.000ns
    Clock Pessimism Removal (CPR):    -0.000ns

    Location             Delay type                Incr(ns)  Path(ns)    Netlist Resource(s)
  -------------------------------------------------------------------    -------------------
    N17                                               0.000     0.000 r  BtnC (IN)
                         net (fo=0)                   0.000     0.000    BtnC
    N17                  IBUF (Prop_ibuf_I_O)         0.244     0.244 r  BtnC_IBUF_inst/O
                         net (fo=39, routed)          0.440     0.684    BtnC_IBUF
    SLICE_X3Y81          FDRE                                         r  Remainder_reg[1]/R
  -------------------------------------------------------------------    -------------------

                         (clock ClkPort rise edge)    0.000     0.000 r  
    E3                                                0.000     0.000 r  ClkPort (IN)
                         net (fo=0)                   0.000     0.000    ClkPort
    E3                   IBUF (Prop_ibuf_I_O)         0.438     0.438 r  ClkPort_IBUF_inst/O
                         net (fo=1, routed)           0.699     1.136    ClkPort_IBUF
    BUFGCTRL_X0Y16       BUFG (Prop_bufg_I_O)         0.029     1.165 r  ClkPort_IBUF_BUFG_inst/O
                         net (fo=157, routed)         0.868     2.033    ClkPort_IBUF_BUFG
    SLICE_X3Y81          FDRE                                         r  Remainder_reg[1]/C

Slack:                    inf
  Source:                 BtnC
                            (input port)
  Destination:            Remainder_reg[3]/R
                            (rising edge-triggered cell FDRE clocked by ClkPort  {rise@0.000ns fall@5.000ns period=10.000ns})
  Path Group:             (none)
  Path Type:              Hold (Min at Fast Process Corner)
  Data Path Delay:        0.684ns  (logic 0.244ns (35.726%)  route 0.440ns (64.274%))
  Logic Levels:           1  (IBUF=1)
  Clock Path Skew:        2.033ns (DCD - SCD - CPR)
    Destination Clock Delay (DCD):    2.033ns
    Source Clock Delay      (SCD):    0.000ns
    Clock Pessimism Removal (CPR):    -0.000ns

    Location             Delay type                Incr(ns)  Path(ns)    Netlist Resource(s)
  -------------------------------------------------------------------    -------------------
    N17                                               0.000     0.000 r  BtnC (IN)
                         net (fo=0)                   0.000     0.000    BtnC
    N17                  IBUF (Prop_ibuf_I_O)         0.244     0.244 r  BtnC_IBUF_inst/O
                         net (fo=39, routed)          0.440     0.684    BtnC_IBUF
    SLICE_X3Y81          FDRE                                         r  Remainder_reg[3]/R
  -------------------------------------------------------------------    -------------------

                         (clock ClkPort rise edge)    0.000     0.000 r  
    E3                                                0.000     0.000 r  ClkPort (IN)
                         net (fo=0)                   0.000     0.000    ClkPort
    E3                   IBUF (Prop_ibuf_I_O)         0.438     0.438 r  ClkPort_IBUF_inst/O
                         net (fo=1, routed)           0.699     1.136    ClkPort_IBUF
    BUFGCTRL_X0Y16       BUFG (Prop_bufg_I_O)         0.029     1.165 r  ClkPort_IBUF_BUFG_inst/O
                         net (fo=157, routed)         0.868     2.033    ClkPort_IBUF_BUFG
    SLICE_X3Y81          FDRE                                         r  Remainder_reg[3]/C

Slack:                    inf
  Source:                 BtnC
                            (input port)
  Destination:            Remainder_reg[5]/R
                            (rising edge-triggered cell FDRE clocked by ClkPort  {rise@0.000ns fall@5.000ns period=10.000ns})
  Path Group:             (none)
  Path Type:              Hold (Min at Fast Process Corner)
  Data Path Delay:        0.684ns  (logic 0.244ns (35.726%)  route 0.440ns (64.274%))
  Logic Levels:           1  (IBUF=1)
  Clock Path Skew:        2.033ns (DCD - SCD - CPR)
    Destination Clock Delay (DCD):    2.033ns
    Source Clock Delay      (SCD):    0.000ns
    Clock Pessimism Removal (CPR):    -0.000ns

    Location             Delay type                Incr(ns)  Path(ns)    Netlist Resource(s)
  -------------------------------------------------------------------    -------------------
    N17                                               0.000     0.000 r  BtnC (IN)
                         net (fo=0)                   0.000     0.000    BtnC
    N17                  IBUF (Prop_ibuf_I_O)         0.244     0.244 r  BtnC_IBUF_inst/O
                         net (fo=39, routed)          0.440     0.684    BtnC_IBUF
    SLICE_X3Y81          FDRE                                         r  Remainder_reg[5]/R
  -------------------------------------------------------------------    -------------------

                         (clock ClkPort rise edge)    0.000     0.000 r  
    E3                                                0.000     0.000 r  ClkPort (IN)
                         net (fo=0)                   0.000     0.000    ClkPort
    E3                   IBUF (Prop_ibuf_I_O)         0.438     0.438 r  ClkPort_IBUF_inst/O
                         net (fo=1, routed)           0.699     1.136    ClkPort_IBUF
    BUFGCTRL_X0Y16       BUFG (Prop_bufg_I_O)         0.029     1.165 r  ClkPort_IBUF_BUFG_inst/O
                         net (fo=157, routed)         0.868     2.033    ClkPort_IBUF_BUFG
    SLICE_X3Y81          FDRE                                         r  Remainder_reg[5]/C

Slack:                    inf
  Source:                 BtnC
                            (input port)
  Destination:            Remainder_reg[7]/R
                            (rising edge-triggered cell FDRE clocked by ClkPort  {rise@0.000ns fall@5.000ns period=10.000ns})
  Path Group:             (none)
  Path Type:              Hold (Min at Fast Process Corner)
  Data Path Delay:        0.684ns  (logic 0.244ns (35.726%)  route 0.440ns (64.274%))
  Logic Levels:           1  (IBUF=1)
  Clock Path Skew:        2.033ns (DCD - SCD - CPR)
    Destination Clock Delay (DCD):    2.033ns
    Source Clock Delay      (SCD):    0.000ns
    Clock Pessimism Removal (CPR):    -0.000ns

    Location             Delay type                Incr(ns)  Path(ns)    Netlist Resource(s)
  -------------------------------------------------------------------    -------------------
    N17                                               0.000     0.000 r  BtnC (IN)
                         net (fo=0)                   0.000     0.000    BtnC
    N17                  IBUF (Prop_ibuf_I_O)         0.244     0.244 r  BtnC_IBUF_inst/O
                         net (fo=39, routed)          0.440     0.684    BtnC_IBUF
    SLICE_X3Y81          FDRE                                         r  Remainder_reg[7]/R
  -------------------------------------------------------------------    -------------------

                         (clock ClkPort rise edge)    0.000     0.000 r  
    E3                                                0.000     0.000 r  ClkPort (IN)
                         net (fo=0)                   0.000     0.000    ClkPort
    E3                   IBUF (Prop_ibuf_I_O)         0.438     0.438 r  ClkPort_IBUF_inst/O
                         net (fo=1, routed)           0.699     1.136    ClkPort_IBUF
    BUFGCTRL_X0Y16       BUFG (Prop_bufg_I_O)         0.029     1.165 r  ClkPort_IBUF_BUFG_inst/O
                         net (fo=157, routed)         0.868     2.033    ClkPort_IBUF_BUFG
    SLICE_X3Y81          FDRE                                         r  Remainder_reg[7]/C

Slack:                    inf
  Source:                 BtnC
                            (input port)
  Destination:            DIV_CLK_reg[0]/CLR
                            (removal check against rising-edge clock ClkPort  {rise@0.000ns fall@5.000ns period=10.000ns})
  Path Group:             (none)
  Path Type:              Removal (Min at Fast Process Corner)
  Data Path Delay:        0.689ns  (logic 0.244ns (35.490%)  route 0.444ns (64.510%))
  Logic Levels:           1  (IBUF=1)
  Clock Path Skew:        2.031ns (DCD - SCD - CPR)
    Destination Clock Delay (DCD):    2.031ns
    Source Clock Delay      (SCD):    0.000ns
    Clock Pessimism Removal (CPR):    -0.000ns

    Location             Delay type                Incr(ns)  Path(ns)    Netlist Resource(s)
  -------------------------------------------------------------------    -------------------
    N17                                               0.000     0.000 f  BtnC (IN)
                         net (fo=0)                   0.000     0.000    BtnC
    N17                  IBUF (Prop_ibuf_I_O)         0.244     0.244 f  BtnC_IBUF_inst/O
                         net (fo=39, routed)          0.444     0.689    BtnC_IBUF
    SLICE_X4Y82          FDCE                                         f  DIV_CLK_reg[0]/CLR
  -------------------------------------------------------------------    -------------------

                         (clock ClkPort rise edge)    0.000     0.000 r  
    E3                                                0.000     0.000 r  ClkPort (IN)
                         net (fo=0)                   0.000     0.000    ClkPort
    E3                   IBUF (Prop_ibuf_I_O)         0.438     0.438 r  ClkPort_IBUF_inst/O
                         net (fo=1, routed)           0.699     1.136    ClkPort_IBUF
    BUFGCTRL_X0Y16       BUFG (Prop_bufg_I_O)         0.029     1.165 r  ClkPort_IBUF_BUFG_inst/O
                         net (fo=157, routed)         0.866     2.031    ClkPort_IBUF_BUFG
    SLICE_X4Y82          FDCE                                         r  DIV_CLK_reg[0]/C

Slack:                    inf
  Source:                 BtnC
                            (input port)
  Destination:            DIV_CLK_reg[1]/CLR
                            (removal check against rising-edge clock ClkPort  {rise@0.000ns fall@5.000ns period=10.000ns})
  Path Group:             (none)
  Path Type:              Removal (Min at Fast Process Corner)
  Data Path Delay:        0.689ns  (logic 0.244ns (35.490%)  route 0.444ns (64.510%))
  Logic Levels:           1  (IBUF=1)
  Clock Path Skew:        2.031ns (DCD - SCD - CPR)
    Destination Clock Delay (DCD):    2.031ns
    Source Clock Delay      (SCD):    0.000ns
    Clock Pessimism Removal (CPR):    -0.000ns

    Location             Delay type                Incr(ns)  Path(ns)    Netlist Resource(s)
  -------------------------------------------------------------------    -------------------
    N17                                               0.000     0.000 f  BtnC (IN)
                         net (fo=0)                   0.000     0.000    BtnC
    N17                  IBUF (Prop_ibuf_I_O)         0.244     0.244 f  BtnC_IBUF_inst/O
                         net (fo=39, routed)          0.444     0.689    BtnC_IBUF
    SLICE_X4Y82          FDCE                                         f  DIV_CLK_reg[1]/CLR
  -------------------------------------------------------------------    -------------------

                         (clock ClkPort rise edge)    0.000     0.000 r  
    E3                                                0.000     0.000 r  ClkPort (IN)
                         net (fo=0)                   0.000     0.000    ClkPort
    E3                   IBUF (Prop_ibuf_I_O)         0.438     0.438 r  ClkPort_IBUF_inst/O
                         net (fo=1, routed)           0.699     1.136    ClkPort_IBUF
    BUFGCTRL_X0Y16       BUFG (Prop_bufg_I_O)         0.029     1.165 r  ClkPort_IBUF_BUFG_inst/O
                         net (fo=157, routed)         0.866     2.031    ClkPort_IBUF_BUFG
    SLICE_X4Y82          FDCE                                         r  DIV_CLK_reg[1]/C

Slack:                    inf
  Source:                 BtnC
                            (input port)
  Destination:            DIV_CLK_reg[2]/CLR
                            (removal check against rising-edge clock ClkPort  {rise@0.000ns fall@5.000ns period=10.000ns})
  Path Group:             (none)
  Path Type:              Removal (Min at Fast Process Corner)
  Data Path Delay:        0.689ns  (logic 0.244ns (35.490%)  route 0.444ns (64.510%))
  Logic Levels:           1  (IBUF=1)
  Clock Path Skew:        2.031ns (DCD - SCD - CPR)
    Destination Clock Delay (DCD):    2.031ns
    Source Clock Delay      (SCD):    0.000ns
    Clock Pessimism Removal (CPR):    -0.000ns

    Location             Delay type                Incr(ns)  Path(ns)    Netlist Resource(s)
  -------------------------------------------------------------------    -------------------
    N17                                               0.000     0.000 f  BtnC (IN)
                         net (fo=0)                   0.000     0.000    BtnC
    N17                  IBUF (Prop_ibuf_I_O)         0.244     0.244 f  BtnC_IBUF_inst/O
                         net (fo=39, routed)          0.444     0.689    BtnC_IBUF
    SLICE_X4Y82          FDCE                                         f  DIV_CLK_reg[2]/CLR
  -------------------------------------------------------------------    -------------------

                         (clock ClkPort rise edge)    0.000     0.000 r  
    E3                                                0.000     0.000 r  ClkPort (IN)
                         net (fo=0)                   0.000     0.000    ClkPort
    E3                   IBUF (Prop_ibuf_I_O)         0.438     0.438 r  ClkPort_IBUF_inst/O
                         net (fo=1, routed)           0.699     1.136    ClkPort_IBUF
    BUFGCTRL_X0Y16       BUFG (Prop_bufg_I_O)         0.029     1.165 r  ClkPort_IBUF_BUFG_inst/O
                         net (fo=157, routed)         0.866     2.031    ClkPort_IBUF_BUFG
    SLICE_X4Y82          FDCE                                         r  DIV_CLK_reg[2]/C

Slack:                    inf
  Source:                 BtnC
                            (input port)
  Destination:            DIV_CLK_reg[3]/CLR
                            (removal check against rising-edge clock ClkPort  {rise@0.000ns fall@5.000ns period=10.000ns})
  Path Group:             (none)
  Path Type:              Removal (Min at Fast Process Corner)
  Data Path Delay:        0.689ns  (logic 0.244ns (35.490%)  route 0.444ns (64.510%))
  Logic Levels:           1  (IBUF=1)
  Clock Path Skew:        2.031ns (DCD - SCD - CPR)
    Destination Clock Delay (DCD):    2.031ns
    Source Clock Delay      (SCD):    0.000ns
    Clock Pessimism Removal (CPR):    -0.000ns

    Location             Delay type                Incr(ns)  Path(ns)    Netlist Resource(s)
  -------------------------------------------------------------------    -------------------
    N17                                               0.000     0.000 f  BtnC (IN)
                         net (fo=0)                   0.000     0.000    BtnC
    N17                  IBUF (Prop_ibuf_I_O)         0.244     0.244 f  BtnC_IBUF_inst/O
                         net (fo=39, routed)          0.444     0.689    BtnC_IBUF
    SLICE_X4Y82          FDCE                                         f  DIV_CLK_reg[3]/CLR
  -------------------------------------------------------------------    -------------------

                         (clock ClkPort rise edge)    0.000     0.000 r  
    E3                                                0.000     0.000 r  ClkPort (IN)
                         net (fo=0)                   0.000     0.000    ClkPort
    E3                   IBUF (Prop_ibuf_I_O)         0.438     0.438 r  ClkPort_IBUF_inst/O
                         net (fo=1, routed)           0.699     1.136    ClkPort_IBUF
    BUFGCTRL_X0Y16       BUFG (Prop_bufg_I_O)         0.029     1.165 r  ClkPort_IBUF_BUFG_inst/O
                         net (fo=157, routed)         0.866     2.031    ClkPort_IBUF_BUFG
    SLICE_X4Y82          FDCE                                         r  DIV_CLK_reg[3]/C

Slack:                    inf
  Source:                 BtnC
                            (input port)
  Destination:            Quotient_reg[0]/R
                            (rising edge-triggered cell FDRE clocked by ClkPort  {rise@0.000ns fall@5.000ns period=10.000ns})
  Path Group:             (none)
  Path Type:              Hold (Min at Fast Process Corner)
  Data Path Delay:        0.741ns  (logic 0.244ns (32.983%)  route 0.497ns (67.017%))
  Logic Levels:           1  (IBUF=1)
  Clock Path Skew:        2.032ns (DCD - SCD - CPR)
    Destination Clock Delay (DCD):    2.032ns
    Source Clock Delay      (SCD):    0.000ns
    Clock Pessimism Removal (CPR):    -0.000ns

    Location             Delay type                Incr(ns)  Path(ns)    Netlist Resource(s)
  -------------------------------------------------------------------    -------------------
    N17                                               0.000     0.000 r  BtnC (IN)
                         net (fo=0)                   0.000     0.000    BtnC
    N17                  IBUF (Prop_ibuf_I_O)         0.244     0.244 r  BtnC_IBUF_inst/O
                         net (fo=39, routed)          0.497     0.741    BtnC_IBUF
    SLICE_X2Y80          FDRE                                         r  Quotient_reg[0]/R
  -------------------------------------------------------------------    -------------------

                         (clock ClkPort rise edge)    0.000     0.000 r  
    E3                                                0.000     0.000 r  ClkPort (IN)
                         net (fo=0)                   0.000     0.000    ClkPort
    E3                   IBUF (Prop_ibuf_I_O)         0.438     0.438 r  ClkPort_IBUF_inst/O
                         net (fo=1, routed)           0.699     1.136    ClkPort_IBUF
    BUFGCTRL_X0Y16       BUFG (Prop_bufg_I_O)         0.029     1.165 r  ClkPort_IBUF_BUFG_inst/O
                         net (fo=157, routed)         0.867     2.032    ClkPort_IBUF_BUFG
    SLICE_X2Y80          FDRE                                         r  Quotient_reg[0]/C

Slack:                    inf
  Source:                 BtnC
                            (input port)
  Destination:            Quotient_reg[2]/R
                            (rising edge-triggered cell FDRE clocked by ClkPort  {rise@0.000ns fall@5.000ns period=10.000ns})
  Path Group:             (none)
  Path Type:              Hold (Min at Fast Process Corner)
  Data Path Delay:        0.741ns  (logic 0.244ns (32.983%)  route 0.497ns (67.017%))
  Logic Levels:           1  (IBUF=1)
  Clock Path Skew:        2.032ns (DCD - SCD - CPR)
    Destination Clock Delay (DCD):    2.032ns
    Source Clock Delay      (SCD):    0.000ns
    Clock Pessimism Removal (CPR):    -0.000ns

    Location             Delay type                Incr(ns)  Path(ns)    Netlist Resource(s)
  -------------------------------------------------------------------    -------------------
    N17                                               0.000     0.000 r  BtnC (IN)
                         net (fo=0)                   0.000     0.000    BtnC
    N17                  IBUF (Prop_ibuf_I_O)         0.244     0.244 r  BtnC_IBUF_inst/O
                         net (fo=39, routed)          0.497     0.741    BtnC_IBUF
    SLICE_X2Y80          FDRE                                         r  Quotient_reg[2]/R
  -------------------------------------------------------------------    -------------------

                         (clock ClkPort rise edge)    0.000     0.000 r  
    E3                                                0.000     0.000 r  ClkPort (IN)
                         net (fo=0)                   0.000     0.000    ClkPort
    E3                   IBUF (Prop_ibuf_I_O)         0.438     0.438 r  ClkPort_IBUF_inst/O
                         net (fo=1, routed)           0.699     1.136    ClkPort_IBUF
    BUFGCTRL_X0Y16       BUFG (Prop_bufg_I_O)         0.029     1.165 r  ClkPort_IBUF_BUFG_inst/O
                         net (fo=157, routed)         0.867     2.032    ClkPort_IBUF_BUFG
    SLICE_X2Y80          FDRE                                         r  Quotient_reg[2]/C





